TODOS LOS ERRORES DEL PROYECTO appPHAV3

==============================***=====================
Timestamp: 2025-11-23 09:56:49
Contexto: Endpoint: GET /api/health (REQUEST) - Status: 200
Tipo de Error: NoneType
Mensaje: None
Información Adicional:
  endpoint: GET /api/health
  method: REQUEST
  status_code: 200
  request_data: {'method': 'GET', 'path': '/api/health', 'user_agent': 'curl/8.16.0', 'ip_address': '127.0.0.1', 'timestamp': '2025-11-23T09:56:49.388269'}
Traceback:
NoneType: None

==============================***=====================
2025-11-23 09:56:49 - hannariskpro - ERROR - Error en Endpoint: GET /api/health (REQUEST) - Status: 200: NoneType - None


==============================***=====================
Timestamp: 2025-11-23 09:56:49
Contexto: Endpoint: GET /api/health (RESPONSE) - Status: 200
Tipo de Error: NoneType
Mensaje: None
Información Adicional:
  endpoint: GET /api/health
  method: RESPONSE
  status_code: 200
  request_data: {'method': 'GET', 'path': '/api/health', 'status_code': 200, 'process_time': '0.0035s', 'ip_address': '127.0.0.1', 'timestamp': '2025-11-23T09:56:49.391796'}
Traceback:
NoneType: None

==============================***=====================
2025-11-23 09:56:49 - hannariskpro - ERROR - Error en Endpoint: GET /api/health (RESPONSE) - Status: 200: NoneType - None


==============================***=====================
Timestamp: 2025-11-23 09:57:05
Contexto: Endpoint: POST /api/auth/login (REQUEST) - Status: 200
Tipo de Error: NoneType
Mensaje: None
Información Adicional:
  endpoint: POST /api/auth/login
  method: REQUEST
  status_code: 200
  request_data: {'method': 'POST', 'path': '/api/auth/login', 'user_agent': 'curl/8.16.0', 'ip_address': '127.0.0.1', 'timestamp': '2025-11-23T09:57:05.142252'}
Traceback:
NoneType: None

==============================***=====================
2025-11-23 09:57:05 - hannariskpro - ERROR - Error en Endpoint: POST /api/auth/login (REQUEST) - Status: 200: NoneType - None


==============================***=====================
Timestamp: 2025-11-23 09:57:05
Contexto: Endpoint: POST /api/auth/login (RESPONSE) - Status: 200
Tipo de Error: NoneType
Mensaje: None
Información Adicional:
  endpoint: POST /api/auth/login
  method: RESPONSE
  status_code: 200
  request_data: {'method': 'POST', 'path': '/api/auth/login', 'status_code': 200, 'process_time': '0.2787s', 'ip_address': '127.0.0.1', 'timestamp': '2025-11-23T09:57:05.420945'}
Traceback:
NoneType: None

==============================***=====================
2025-11-23 09:57:05 - hannariskpro - ERROR - Error en Endpoint: POST /api/auth/login (RESPONSE) - Status: 200: NoneType - None


==============================***=====================
Timestamp: 2025-11-23 09:57:45
Contexto: Endpoint: GET /api/dashboard/kpis (REQUEST) - Status: 200
Tipo de Error: NoneType
Mensaje: None
Información Adicional:
  endpoint: GET /api/dashboard/kpis
  method: REQUEST
  status_code: 200
  request_data: {'method': 'GET', 'path': '/api/dashboard/kpis', 'user_agent': 'curl/8.16.0', 'ip_address': '127.0.0.1', 'timestamp': '2025-11-23T09:57:45.261745'}
Traceback:
NoneType: None

==============================***=====================
2025-11-23 09:57:45 - hannariskpro - ERROR - Error en Endpoint: GET /api/dashboard/kpis (REQUEST) - Status: 200: NoneType - None


==============================***=====================
Timestamp: 2025-11-23 09:57:45
Contexto: Endpoint: GET /api/dashboard/kpis (RESPONSE) - Status: 200
Tipo de Error: NoneType
Mensaje: None
Información Adicional:
  endpoint: GET /api/dashboard/kpis
  method: RESPONSE
  status_code: 200
  request_data: {'method': 'GET', 'path': '/api/dashboard/kpis', 'status_code': 200, 'process_time': '0.0376s', 'ip_address': '127.0.0.1', 'timestamp': '2025-11-23T09:57:45.299335'}
Traceback:
NoneType: None

==============================***=====================
2025-11-23 09:57:45 - hannariskpro - ERROR - Error en Endpoint: GET /api/dashboard/kpis (RESPONSE) - Status: 200: NoneType - None


==============================***=====================
Timestamp: 2025-11-23 09:58:12
Contexto: Endpoint: GET /api/dashboard/risk_matrix (REQUEST) - Status: 200
Tipo de Error: NoneType
Mensaje: None
Información Adicional:
  endpoint: GET /api/dashboard/risk_matrix
  method: REQUEST
  status_code: 200
  request_data: {'method': 'GET', 'path': '/api/dashboard/risk_matrix', 'user_agent': 'curl/8.16.0', 'ip_address': '127.0.0.1', 'timestamp': '2025-11-23T09:58:12.399036'}
Traceback:
NoneType: None

==============================***=====================
2025-11-23 09:58:12 - hannariskpro - ERROR - Error en Endpoint: GET /api/dashboard/risk_matrix (REQUEST) - Status: 200: NoneType - None


==============================***=====================
Timestamp: 2025-11-23 09:58:12
Contexto: Endpoint: GET /api/dashboard/risk_matrix (RESPONSE) - Status: 200
Tipo de Error: NoneType
Mensaje: None
Información Adicional:
  endpoint: GET /api/dashboard/risk_matrix
  method: RESPONSE
  status_code: 200
  request_data: {'method': 'GET', 'path': '/api/dashboard/risk_matrix', 'status_code': 200, 'process_time': '0.0142s', 'ip_address': '127.0.0.1', 'timestamp': '2025-11-23T09:58:12.413212'}
Traceback:
NoneType: None

==============================***=====================
2025-11-23 09:58:12 - hannariskpro - ERROR - Error en Endpoint: GET /api/dashboard/risk_matrix (RESPONSE) - Status: 200: NoneType - None


==============================***=====================
Timestamp: 2025-11-23 10:17:07
Contexto: Endpoint: GET /api/dashboard/kpi (REQUEST) - Status: 200
Tipo de Error: NoneType
Mensaje: None
Información Adicional:
  endpoint: GET /api/dashboard/kpi
  method: REQUEST
  status_code: 200
  request_data: {'method': 'GET', 'path': '/api/dashboard/kpi', 'user_agent': 'curl/8.16.0', 'ip_address': '127.0.0.1', 'timestamp': '2025-11-23T10:17:07.982261'}
Traceback:
NoneType: None

==============================***=====================
2025-11-23 10:17:07 - hannariskpro - ERROR - Error en Endpoint: GET /api/dashboard/kpi (REQUEST) - Status: 200: NoneType - None


==============================***=====================
Timestamp: 2025-11-23 10:17:07
Contexto: Endpoint: http://localhost:8092/api/dashboard/kpi (GET) - Status: 404
Tipo de Error: BaseAPIException
Mensaje: 
Información Adicional:
  endpoint: http://localhost:8092/api/dashboard/kpi
  method: GET
  status_code: 404
  request_data: {'request_id': '7f6eb4a0-5fdb-4bfa-97de-191e77e7209a', 'error_code': 'HTTP_404', 'detail': 'Not Found'}
Traceback:
Traceback (most recent call last):
  File "D:\DEVFULLAPP\appPHAV3\.venv\Lib\site-packages\starlette\middleware\exceptions.py", line 68, in __call__
    await self.app(scope, receive, sender)
  File "D:\DEVFULLAPP\appPHAV3\.venv\Lib\site-packages\fastapi\middleware\asyncexitstack.py", line 20, in __call__
    raise e
  File "D:\DEVFULLAPP\appPHAV3\.venv\Lib\site-packages\fastapi\middleware\asyncexitstack.py", line 17, in __call__
    await self.app(scope, receive, send)
  File "D:\DEVFULLAPP\appPHAV3\.venv\Lib\site-packages\starlette\routing.py", line 747, in __call__
    await self.default(scope, receive, send)
  File "D:\DEVFULLAPP\appPHAV3\.venv\Lib\site-packages\starlette\routing.py", line 635, in not_found
    raise HTTPException(status_code=404)
starlette.exceptions.HTTPException

==============================***=====================
2025-11-23 10:17:07 - hannariskpro - ERROR - Error en Endpoint: http://localhost:8092/api/dashboard/kpi (GET) - Status: 404: BaseAPIException - 


==============================***=====================
Timestamp: 2025-11-23 10:17:07
Contexto: Endpoint: GET /api/dashboard/kpi (RESPONSE) - Status: 404
Tipo de Error: NoneType
Mensaje: None
Información Adicional:
  endpoint: GET /api/dashboard/kpi
  method: RESPONSE
  status_code: 404
  request_data: {'method': 'GET', 'path': '/api/dashboard/kpi', 'status_code': 404, 'process_time': '0.0061s', 'ip_address': '127.0.0.1', 'timestamp': '2025-11-23T10:17:07.988334'}
Traceback:
NoneType: None

==============================***=====================
2025-11-23 10:17:07 - hannariskpro - ERROR - Error en Endpoint: GET /api/dashboard/kpi (RESPONSE) - Status: 404: NoneType - None


==============================***=====================
Timestamp: 2025-11-23 10:17:25
Contexto: Endpoint: GET /api/dashboard/kpis (REQUEST) - Status: 200
Tipo de Error: NoneType
Mensaje: None
Información Adicional:
  endpoint: GET /api/dashboard/kpis
  method: REQUEST
  status_code: 200
  request_data: {'method': 'GET', 'path': '/api/dashboard/kpis', 'user_agent': 'curl/8.16.0', 'ip_address': '127.0.0.1', 'timestamp': '2025-11-23T10:17:25.856352'}
Traceback:
NoneType: None

==============================***=====================
2025-11-23 10:17:25 - hannariskpro - ERROR - Error en Endpoint: GET /api/dashboard/kpis (REQUEST) - Status: 200: NoneType - None


==============================***=====================
Timestamp: 2025-11-23 10:17:25
Contexto: Endpoint: http://localhost:8092/api/dashboard/kpis (GET) - Status: 401
Tipo de Error: BaseAPIException
Mensaje: 
Información Adicional:
  endpoint: http://localhost:8092/api/dashboard/kpis
  method: GET
  status_code: 401
  request_data: {'request_id': '0e196df5-72da-46b2-b24d-68f6df2e7da0', 'error_code': 'FASTAPI_401', 'detail': 'Se requiere autenticación'}
Traceback:
Traceback (most recent call last):
  File "D:\DEVFULLAPP\appPHAV3\.venv\Lib\site-packages\starlette\middleware\exceptions.py", line 68, in __call__
    await self.app(scope, receive, sender)
  File "D:\DEVFULLAPP\appPHAV3\.venv\Lib\site-packages\fastapi\middleware\asyncexitstack.py", line 20, in __call__
    raise e
  File "D:\DEVFULLAPP\appPHAV3\.venv\Lib\site-packages\fastapi\middleware\asyncexitstack.py", line 17, in __call__
    await self.app(scope, receive, send)
  File "D:\DEVFULLAPP\appPHAV3\.venv\Lib\site-packages\starlette\routing.py", line 718, in __call__
    await route.handle(scope, receive, send)
  File "D:\DEVFULLAPP\appPHAV3\.venv\Lib\site-packages\starlette\routing.py", line 276, in handle
    await self.app(scope, receive, send)
  File "D:\DEVFULLAPP\appPHAV3\.venv\Lib\site-packages\starlette\routing.py", line 66, in app
    response = await func(request)
               ^^^^^^^^^^^^^^^^^^^
  File "D:\DEVFULLAPP\appPHAV3\.venv\Lib\site-packages\fastapi\routing.py", line 273, in app
    raw_response = await run_endpoint_function(
                   ^^^^^^^^^^^^^^^^^^^^^^^^^^^^
  File "D:\DEVFULLAPP\appPHAV3\.venv\Lib\site-packages\fastapi\routing.py", line 192, in run_endpoint_function
    return await run_in_threadpool(dependant.call, **values)
           ^^^^^^^^^^^^^^^^^^^^^^^^^^^^^^^^^^^^^^^^^^^^^^^^^
  File "D:\DEVFULLAPP\appPHAV3\.venv\Lib\site-packages\starlette\concurrency.py", line 41, in run_in_threadpool
    return await anyio.to_thread.run_sync(func, *args)
           ^^^^^^^^^^^^^^^^^^^^^^^^^^^^^^^^^^^^^^^^^^^
  File "D:\DEVFULLAPP\appPHAV3\.venv\Lib\site-packages\anyio\to_thread.py", line 56, in run_sync
    return await get_async_backend().run_sync_in_worker_thread(
           ^^^^^^^^^^^^^^^^^^^^^^^^^^^^^^^^^^^^^^^^^^^^^^^^^^^^
  File "D:\DEVFULLAPP\appPHAV3\.venv\Lib\site-packages\anyio\_backends\_asyncio.py", line 2485, in run_sync_in_worker_thread
    return await future
           ^^^^^^^^^^^^
  File "D:\DEVFULLAPP\appPHAV3\.venv\Lib\site-packages\anyio\_backends\_asyncio.py", line 976, in run
    result = context.run(func, *args)
             ^^^^^^^^^^^^^^^^^^^^^^^^
  File "d:\DEVFULLAPP\appPHAV3\backend\main.py", line 1743, in dashboard_kpis
    raise HTTPException(status_code=401, detail='Se requiere autenticación')
fastapi.exceptions.HTTPException

==============================***=====================
2025-11-23 10:17:25 - hannariskpro - ERROR - Error en Endpoint: http://localhost:8092/api/dashboard/kpis (GET) - Status: 401: BaseAPIException - 


==============================***=====================
Timestamp: 2025-11-23 10:17:25
Contexto: Endpoint: GET /api/dashboard/kpis (RESPONSE) - Status: 401
Tipo de Error: NoneType
Mensaje: None
Información Adicional:
  endpoint: GET /api/dashboard/kpis
  method: RESPONSE
  status_code: 401
  request_data: {'method': 'GET', 'path': '/api/dashboard/kpis', 'status_code': 401, 'process_time': '0.0126s', 'ip_address': '127.0.0.1', 'timestamp': '2025-11-23T10:17:25.868981'}
Traceback:
NoneType: None

==============================***=====================
2025-11-23 10:17:25 - hannariskpro - ERROR - Error en Endpoint: GET /api/dashboard/kpis (RESPONSE) - Status: 401: NoneType - None


==============================***=====================
Timestamp: 2025-11-23 10:17:51
Contexto: Endpoint: POST /api/auth/login (REQUEST) - Status: 200
Tipo de Error: NoneType
Mensaje: None
Información Adicional:
  endpoint: POST /api/auth/login
  method: REQUEST
  status_code: 200
  request_data: {'method': 'POST', 'path': '/api/auth/login', 'user_agent': 'curl/8.16.0', 'ip_address': '127.0.0.1', 'timestamp': '2025-11-23T10:17:51.723853'}
Traceback:
NoneType: None

==============================***=====================
2025-11-23 10:17:51 - hannariskpro - ERROR - Error en Endpoint: POST /api/auth/login (REQUEST) - Status: 200: NoneType - None


==============================***=====================
Timestamp: 2025-11-23 10:19:26
Contexto: Endpoint: POST /api/auth/login (REQUEST) - Status: 200
Tipo de Error: NoneType
Mensaje: None
Información Adicional:
  endpoint: POST /api/auth/login
  method: REQUEST
  status_code: 200
  request_data: {'method': 'POST', 'path': '/api/auth/login', 'user_agent': 'curl/8.16.0', 'ip_address': '127.0.0.1', 'timestamp': '2025-11-23T10:19:26.410881'}
Traceback:
NoneType: None

==============================***=====================
2025-11-23 10:19:26 - hannariskpro - ERROR - Error en Endpoint: POST /api/auth/login (REQUEST) - Status: 200: NoneType - None


==============================***=====================
Timestamp: 2025-11-23 10:19:26
Contexto: Endpoint: POST /api/auth/login (RESPONSE) - Status: 200
Tipo de Error: NoneType
Mensaje: None
Información Adicional:
  endpoint: POST /api/auth/login
  method: RESPONSE
  status_code: 200
  request_data: {'method': 'POST', 'path': '/api/auth/login', 'status_code': 200, 'process_time': '0.1263s', 'ip_address': '127.0.0.1', 'timestamp': '2025-11-23T10:19:26.537193'}
Traceback:
NoneType: None

==============================***=====================
2025-11-23 10:19:26 - hannariskpro - ERROR - Error en Endpoint: POST /api/auth/login (RESPONSE) - Status: 200: NoneType - None


==============================***=====================
Timestamp: 2025-11-23 10:19:50
Contexto: Endpoint: GET /api/dashboard/kpis (REQUEST) - Status: 200
Tipo de Error: NoneType
Mensaje: None
Información Adicional:
  endpoint: GET /api/dashboard/kpis
  method: REQUEST
  status_code: 200
  request_data: {'method': 'GET', 'path': '/api/dashboard/kpis', 'user_agent': 'curl/8.16.0', 'ip_address': '127.0.0.1', 'timestamp': '2025-11-23T10:19:50.629801'}
Traceback:
NoneType: None

==============================***=====================
2025-11-23 10:19:50 - hannariskpro - ERROR - Error en Endpoint: GET /api/dashboard/kpis (REQUEST) - Status: 200: NoneType - None


==============================***=====================
Timestamp: 2025-11-23 10:19:50
Contexto: Endpoint: GET /api/dashboard/kpis (RESPONSE) - Status: 200
Tipo de Error: NoneType
Mensaje: None
Información Adicional:
  endpoint: GET /api/dashboard/kpis
  method: RESPONSE
  status_code: 200
  request_data: {'method': 'GET', 'path': '/api/dashboard/kpis', 'status_code': 200, 'process_time': '0.0218s', 'ip_address': '127.0.0.1', 'timestamp': '2025-11-23T10:19:50.651593'}
Traceback:
NoneType: None

==============================***=====================
2025-11-23 10:19:50 - hannariskpro - ERROR - Error en Endpoint: GET /api/dashboard/kpis (RESPONSE) - Status: 200: NoneType - None


==============================***=====================
Timestamp: 2025-11-23 10:27:12
Contexto: Endpoint: POST /api/auth/login (REQUEST) - Status: 200
Tipo de Error: NoneType
Mensaje: None
Información Adicional:
  endpoint: POST /api/auth/login
  method: REQUEST
  status_code: 200
  request_data: {'method': 'POST', 'path': '/api/auth/login', 'user_agent': 'curl/8.16.0', 'ip_address': '127.0.0.1', 'timestamp': '2025-11-23T10:27:12.551972'}
Traceback:
NoneType: None

==============================***=====================
2025-11-23 10:27:12 - hannariskpro - ERROR - Error en Endpoint: POST /api/auth/login (REQUEST) - Status: 200: NoneType - None


==============================***=====================
Timestamp: 2025-11-23 10:34:17
Contexto: Endpoint: POST /api/auth/login (REQUEST) - Status: 200
Tipo de Error: NoneType
Mensaje: None
Información Adicional:
  endpoint: POST /api/auth/login
  method: REQUEST
  status_code: 200
  request_data: {'method': 'POST', 'path': '/api/auth/login', 'user_agent': 'curl/8.16.0', 'ip_address': '127.0.0.1', 'timestamp': '2025-11-23T10:34:17.663053'}
Traceback:
NoneType: None

==============================***=====================
2025-11-23 10:34:17 - hannariskpro - ERROR - Error en Endpoint: POST /api/auth/login (REQUEST) - Status: 200: NoneType - None


==============================***=====================
Timestamp: 2025-11-23 10:35:29
Contexto: Endpoint: GET /api/health (REQUEST) - Status: 200
Tipo de Error: NoneType
Mensaje: None
Información Adicional:
  endpoint: GET /api/health
  method: REQUEST
  status_code: 200
  request_data: {'method': 'GET', 'path': '/api/health', 'user_agent': 'curl/8.16.0', 'ip_address': '127.0.0.1', 'timestamp': '2025-11-23T10:35:29.341199'}
Traceback:
NoneType: None

==============================***=====================
2025-11-23 10:35:29 - hannariskpro - ERROR - Error en Endpoint: GET /api/health (REQUEST) - Status: 200: NoneType - None


==============================***=====================
Timestamp: 2025-11-23 10:35:29
Contexto: Endpoint: GET /api/health (RESPONSE) - Status: 200
Tipo de Error: NoneType
Mensaje: None
Información Adicional:
  endpoint: GET /api/health
  method: RESPONSE
  status_code: 200
  request_data: {'method': 'GET', 'path': '/api/health', 'status_code': 200, 'process_time': '0.0010s', 'ip_address': '127.0.0.1', 'timestamp': '2025-11-23T10:35:29.342200'}
Traceback:
NoneType: None

==============================***=====================
2025-11-23 10:35:29 - hannariskpro - ERROR - Error en Endpoint: GET /api/health (RESPONSE) - Status: 200: NoneType - None


==============================***=====================
Timestamp: 2025-11-23 10:36:27
Contexto: Endpoint: POST /api/auth/login (REQUEST) - Status: 200
Tipo de Error: NoneType
Mensaje: None
Información Adicional:
  endpoint: POST /api/auth/login
  method: REQUEST
  status_code: 200
  request_data: {'method': 'POST', 'path': '/api/auth/login', 'user_agent': 'curl/8.16.0', 'ip_address': '127.0.0.1', 'timestamp': '2025-11-23T10:36:27.929391'}
Traceback:
NoneType: None

==============================***=====================
2025-11-23 10:36:27 - hannariskpro - ERROR - Error en Endpoint: POST /api/auth/login (REQUEST) - Status: 200: NoneType - None


==============================***=====================
Timestamp: 2025-11-23 10:38:02
Contexto: Endpoint: GET /api/dashboard/kpis (REQUEST) - Status: 200
Tipo de Error: NoneType
Mensaje: None
Información Adicional:
  endpoint: GET /api/dashboard/kpis
  method: REQUEST
  status_code: 200
  request_data: {'method': 'GET', 'path': '/api/dashboard/kpis', 'user_agent': 'curl/8.16.0', 'ip_address': '127.0.0.1', 'timestamp': '2025-11-23T10:38:02.732029'}
Traceback:
NoneType: None

==============================***=====================
2025-11-23 10:38:02 - hannariskpro - ERROR - Error en Endpoint: GET /api/dashboard/kpis (REQUEST) - Status: 200: NoneType - None


==============================***=====================
Timestamp: 2025-11-23 10:38:02
Contexto: Endpoint: http://localhost:8092/api/dashboard/kpis (GET) - Status: 401
Tipo de Error: BaseAPIException
Mensaje: 
Información Adicional:
  endpoint: http://localhost:8092/api/dashboard/kpis
  method: GET
  status_code: 401
  request_data: {'request_id': '2280aa4f-f0fe-4677-aed6-9641458a00db', 'error_code': 'FASTAPI_401', 'detail': 'Se requiere autenticación'}
Traceback:
Traceback (most recent call last):
  File "D:\DEVFULLAPP\appPHAV3\.venv\Lib\site-packages\starlette\middleware\exceptions.py", line 68, in __call__
    await self.app(scope, receive, sender)
  File "D:\DEVFULLAPP\appPHAV3\.venv\Lib\site-packages\fastapi\middleware\asyncexitstack.py", line 20, in __call__
    raise e
  File "D:\DEVFULLAPP\appPHAV3\.venv\Lib\site-packages\fastapi\middleware\asyncexitstack.py", line 17, in __call__
    await self.app(scope, receive, send)
  File "D:\DEVFULLAPP\appPHAV3\.venv\Lib\site-packages\starlette\routing.py", line 718, in __call__
    await route.handle(scope, receive, send)
  File "D:\DEVFULLAPP\appPHAV3\.venv\Lib\site-packages\starlette\routing.py", line 276, in handle
    await self.app(scope, receive, send)
  File "D:\DEVFULLAPP\appPHAV3\.venv\Lib\site-packages\starlette\routing.py", line 66, in app
    response = await func(request)
               ^^^^^^^^^^^^^^^^^^^
  File "D:\DEVFULLAPP\appPHAV3\.venv\Lib\site-packages\fastapi\routing.py", line 273, in app
    raw_response = await run_endpoint_function(
                   ^^^^^^^^^^^^^^^^^^^^^^^^^^^^
  File "D:\DEVFULLAPP\appPHAV3\.venv\Lib\site-packages\fastapi\routing.py", line 192, in run_endpoint_function
    return await run_in_threadpool(dependant.call, **values)
           ^^^^^^^^^^^^^^^^^^^^^^^^^^^^^^^^^^^^^^^^^^^^^^^^^
  File "D:\DEVFULLAPP\appPHAV3\.venv\Lib\site-packages\starlette\concurrency.py", line 41, in run_in_threadpool
    return await anyio.to_thread.run_sync(func, *args)
           ^^^^^^^^^^^^^^^^^^^^^^^^^^^^^^^^^^^^^^^^^^^
  File "D:\DEVFULLAPP\appPHAV3\.venv\Lib\site-packages\anyio\to_thread.py", line 56, in run_sync
    return await get_async_backend().run_sync_in_worker_thread(
           ^^^^^^^^^^^^^^^^^^^^^^^^^^^^^^^^^^^^^^^^^^^^^^^^^^^^
  File "D:\DEVFULLAPP\appPHAV3\.venv\Lib\site-packages\anyio\_backends\_asyncio.py", line 2485, in run_sync_in_worker_thread
    return await future
           ^^^^^^^^^^^^
  File "D:\DEVFULLAPP\appPHAV3\.venv\Lib\site-packages\anyio\_backends\_asyncio.py", line 976, in run
    result = context.run(func, *args)
             ^^^^^^^^^^^^^^^^^^^^^^^^
  File "d:\DEVFULLAPP\appPHAV3\backend\main.py", line 1743, in dashboard_kpis
    # Allow anonymous read in dev only
            ^^^^^^^^^^^^^^^^^^^^^^^^^^^
fastapi.exceptions.HTTPException

==============================***=====================
2025-11-23 10:38:02 - hannariskpro - ERROR - Error en Endpoint: http://localhost:8092/api/dashboard/kpis (GET) - Status: 401: BaseAPIException - 


==============================***=====================
Timestamp: 2025-11-23 10:38:02
Contexto: Endpoint: GET /api/dashboard/kpis (RESPONSE) - Status: 401
Tipo de Error: NoneType
Mensaje: None
Información Adicional:
  endpoint: GET /api/dashboard/kpis
  method: RESPONSE
  status_code: 401
  request_data: {'method': 'GET', 'path': '/api/dashboard/kpis', 'status_code': 401, 'process_time': '0.0075s', 'ip_address': '127.0.0.1', 'timestamp': '2025-11-23T10:38:02.739549'}
Traceback:
NoneType: None

==============================***=====================
2025-11-23 10:38:02 - hannariskpro - ERROR - Error en Endpoint: GET /api/dashboard/kpis (RESPONSE) - Status: 401: NoneType - None


==============================***=====================
Timestamp: 2025-11-23 10:38:32
Contexto: Endpoint: POST /api/auth/login (REQUEST) - Status: 200
Tipo de Error: NoneType
Mensaje: None
Información Adicional:
  endpoint: POST /api/auth/login
  method: REQUEST
  status_code: 200
  request_data: {'method': 'POST', 'path': '/api/auth/login', 'user_agent': 'curl/8.16.0', 'ip_address': '127.0.0.1', 'timestamp': '2025-11-23T10:38:32.539805'}
Traceback:
NoneType: None

==============================***=====================
2025-11-23 10:38:32 - hannariskpro - ERROR - Error en Endpoint: POST /api/auth/login (REQUEST) - Status: 200: NoneType - None


==============================***=====================
Timestamp: 2025-11-23 10:45:38
Contexto: Endpoint: POST /api/auth/login (REQUEST) - Status: 200
Tipo de Error: NoneType
Mensaje: None
Información Adicional:
  endpoint: POST /api/auth/login
  method: REQUEST
  status_code: 200
  request_data: {'method': 'POST', 'path': '/api/auth/login', 'user_agent': 'curl/8.16.0', 'ip_address': '127.0.0.1', 'timestamp': '2025-11-23T10:45:38.645904'}
Traceback:
NoneType: None

==============================***=====================
2025-11-23 10:45:38 - hannariskpro - ERROR - Error en Endpoint: POST /api/auth/login (REQUEST) - Status: 200: NoneType - None


==============================***=====================
Timestamp: 2025-11-23 10:48:34
Contexto: Endpoint: POST /api/auth/login (REQUEST) - Status: 200
Tipo de Error: NoneType
Mensaje: None
Información Adicional:
  endpoint: POST /api/auth/login
  method: REQUEST
  status_code: 200
  request_data: {'method': 'POST', 'path': '/api/auth/login', 'user_agent': 'curl/8.16.0', 'ip_address': '127.0.0.1', 'timestamp': '2025-11-23T10:48:34.854571'}
Traceback:
NoneType: None

==============================***=====================
2025-11-23 10:48:34 - hannariskpro - ERROR - Error en Endpoint: POST /api/auth/login (REQUEST) - Status: 200: NoneType - None


==============================***=====================
Timestamp: 2025-11-23 10:50:10
Contexto: Endpoint: POST /api/auth/login (REQUEST) - Status: 200
Tipo de Error: NoneType
Mensaje: None
Información Adicional:
  endpoint: POST /api/auth/login
  method: REQUEST
  status_code: 200
  request_data: {'method': 'POST', 'path': '/api/auth/login', 'user_agent': 'curl/8.16.0', 'ip_address': '127.0.0.1', 'timestamp': '2025-11-23T10:50:10.046427'}
Traceback:
NoneType: None

==============================***=====================
2025-11-23 10:50:10 - hannariskpro - ERROR - Error en Endpoint: POST /api/auth/login (REQUEST) - Status: 200: NoneType - None


==============================***=====================
Timestamp: 2025-11-23 10:52:44
Contexto: Endpoint: POST /api/auth/login (REQUEST) - Status: 200
Tipo de Error: NoneType
Mensaje: None
Información Adicional:
  endpoint: POST /api/auth/login
  method: REQUEST
  status_code: 200
  request_data: {'method': 'POST', 'path': '/api/auth/login', 'user_agent': 'curl/8.16.0', 'ip_address': '127.0.0.1', 'timestamp': '2025-11-23T10:52:44.864683'}
Traceback:
NoneType: None

==============================***=====================
2025-11-23 10:52:44 - hannariskpro - ERROR - Error en Endpoint: POST /api/auth/login (REQUEST) - Status: 200: NoneType - None


==============================***=====================
Timestamp: 2025-11-23 11:26:20
Contexto: Endpoint: POST /api/auth/login (REQUEST) - Status: 200
Tipo de Error: NoneType
Mensaje: None
Información Adicional:
  endpoint: POST /api/auth/login
  method: REQUEST
  status_code: 200
  request_data: {'method': 'POST', 'path': '/api/auth/login', 'user_agent': 'Mozilla/5.0 (Windows NT 10.0; Win64; x64) AppleWebKit/537.36 (KHTML, like Gecko) Chrome/142.0.0.0 Safari/537.36', 'ip_address': '127.0.0.1', 'timestamp': '2025-11-23T11:26:20.683301'}
Traceback:
NoneType: None

==============================***=====================
2025-11-23 11:26:20 - hannariskpro - ERROR - Error en Endpoint: POST /api/auth/login (REQUEST) - Status: 200: NoneType - None


==============================***=====================
Timestamp: 2025-11-23 11:26:20
Contexto: Endpoint: POST /api/auth/login (RESPONSE) - Status: 200
Tipo de Error: NoneType
Mensaje: None
Información Adicional:
  endpoint: POST /api/auth/login
  method: RESPONSE
  status_code: 200
  request_data: {'method': 'POST', 'path': '/api/auth/login', 'status_code': 200, 'process_time': '0.1856s', 'ip_address': '127.0.0.1', 'timestamp': '2025-11-23T11:26:20.868896'}
Traceback:
NoneType: None

==============================***=====================
2025-11-23 11:26:20 - hannariskpro - ERROR - Error en Endpoint: POST /api/auth/login (RESPONSE) - Status: 200: NoneType - None


==============================***=====================
Timestamp: 2025-11-23 11:26:20
Contexto: Endpoint: GET /api/me (REQUEST) - Status: 200
Tipo de Error: NoneType
Mensaje: None
Información Adicional:
  endpoint: GET /api/me
  method: REQUEST
  status_code: 200
  request_data: {'method': 'GET', 'path': '/api/me', 'user_agent': 'Mozilla/5.0 (Windows NT 10.0; Win64; x64) AppleWebKit/537.36 (KHTML, like Gecko) Chrome/142.0.0.0 Safari/537.36', 'ip_address': '127.0.0.1', 'timestamp': '2025-11-23T11:26:20.921704'}
Traceback:
NoneType: None

==============================***=====================
2025-11-23 11:26:20 - hannariskpro - ERROR - Error en Endpoint: GET /api/me (REQUEST) - Status: 200: NoneType - None


==============================***=====================
Timestamp: 2025-11-23 11:26:20
Contexto: Endpoint: GET /api/me (RESPONSE) - Status: 200
Tipo de Error: NoneType
Mensaje: None
Información Adicional:
  endpoint: GET /api/me
  method: RESPONSE
  status_code: 200
  request_data: {'method': 'GET', 'path': '/api/me', 'status_code': 200, 'process_time': '0.0122s', 'ip_address': '127.0.0.1', 'timestamp': '2025-11-23T11:26:20.933950'}
Traceback:
NoneType: None

==============================***=====================
2025-11-23 11:26:20 - hannariskpro - ERROR - Error en Endpoint: GET /api/me (RESPONSE) - Status: 200: NoneType - None


==============================***=====================
Timestamp: 2025-11-23 11:26:21
Contexto: Endpoint: GET /api/me (REQUEST) - Status: 200
Tipo de Error: NoneType
Mensaje: None
Información Adicional:
  endpoint: GET /api/me
  method: REQUEST
  status_code: 200
  request_data: {'method': 'GET', 'path': '/api/me', 'user_agent': 'Mozilla/5.0 (Windows NT 10.0; Win64; x64) AppleWebKit/537.36 (KHTML, like Gecko) Chrome/142.0.0.0 Safari/537.36', 'ip_address': '127.0.0.1', 'timestamp': '2025-11-23T11:26:21.034393'}
Traceback:
NoneType: None

==============================***=====================
2025-11-23 11:26:21 - hannariskpro - ERROR - Error en Endpoint: GET /api/me (REQUEST) - Status: 200: NoneType - None


==============================***=====================
Timestamp: 2025-11-23 11:26:21
Contexto: Endpoint: GET /api/me (RESPONSE) - Status: 200
Tipo de Error: NoneType
Mensaje: None
Información Adicional:
  endpoint: GET /api/me
  method: RESPONSE
  status_code: 200
  request_data: {'method': 'GET', 'path': '/api/me', 'status_code': 200, 'process_time': '0.0058s', 'ip_address': '127.0.0.1', 'timestamp': '2025-11-23T11:26:21.040165'}
Traceback:
NoneType: None

==============================***=====================
2025-11-23 11:26:21 - hannariskpro - ERROR - Error en Endpoint: GET /api/me (RESPONSE) - Status: 200: NoneType - None


==============================***=====================
Timestamp: 2025-11-23 11:26:52
Contexto: Endpoint: POST /api/auth/login (REQUEST) - Status: 200
Tipo de Error: NoneType
Mensaje: None
Información Adicional:
  endpoint: POST /api/auth/login
  method: REQUEST
  status_code: 200
  request_data: {'method': 'POST', 'path': '/api/auth/login', 'user_agent': 'curl/8.16.0', 'ip_address': '127.0.0.1', 'timestamp': '2025-11-23T11:26:52.414320'}
Traceback:
NoneType: None

==============================***=====================
2025-11-23 11:26:52 - hannariskpro - ERROR - Error en Endpoint: POST /api/auth/login (REQUEST) - Status: 200: NoneType - None


==============================***=====================
Timestamp: 2025-11-23 11:26:52
Contexto: Endpoint: http://localhost:8092/api/auth/login (POST) - Status: 422
Tipo de Error: ValidationError
Mensaje: ('JSON decode error', 'body.37')
Información Adicional:
  endpoint: http://localhost:8092/api/auth/login
  method: POST
  status_code: 422
  request_data: {'request_id': 'd9a221b7-9ae3-4b8a-8bf6-1f3d39568441', 'error_code': 'VALIDATION_ERROR', 'detail': "Error en el campo 'body.37': JSON decode error", 'body': '{"username": "admin", "password": "pa\\$\\$wr0rd"}'}
Traceback:
Traceback (most recent call last):
  File "D:\DEVFULLAPP\appPHAV3\.venv\Lib\site-packages\fastapi\routing.py", line 239, in app
    json_body = await request.json()
                ^^^^^^^^^^^^^^^^^^^^
  File "D:\DEVFULLAPP\appPHAV3\.venv\Lib\site-packages\starlette\requests.py", line 244, in json
    self._json = json.loads(body)
                 ^^^^^^^^^^^^^^^^
  File "C:\Users\userfh\AppData\Local\Programs\Python\Python311\Lib\json\__init__.py", line 346, in loads
    return _default_decoder.decode(s)
           ^^^^^^^^^^^^^^^^^^^^^^^^^^
  File "C:\Users\userfh\AppData\Local\Programs\Python\Python311\Lib\json\decoder.py", line 337, in decode
    obj, end = self.raw_decode(s, idx=_w(s, 0).end())
               ^^^^^^^^^^^^^^^^^^^^^^^^^^^^^^^^^^^^^^
  File "C:\Users\userfh\AppData\Local\Programs\Python\Python311\Lib\json\decoder.py", line 353, in raw_decode
    obj, end = self.scan_once(s, idx)
               ^^^^^^^^^^^^^^^^^^^^^^
json.decoder.JSONDecodeError: Invalid \escape: line 1 column 38 (char 37)

The above exception was the direct cause of the following exception:

Traceback (most recent call last):
  File "D:\DEVFULLAPP\appPHAV3\.venv\Lib\site-packages\starlette\middleware\exceptions.py", line 68, in __call__
    await self.app(scope, receive, sender)
  File "D:\DEVFULLAPP\appPHAV3\.venv\Lib\site-packages\fastapi\middleware\asyncexitstack.py", line 20, in __call__
    raise e
  File "D:\DEVFULLAPP\appPHAV3\.venv\Lib\site-packages\fastapi\middleware\asyncexitstack.py", line 17, in __call__
    await self.app(scope, receive, send)
  File "D:\DEVFULLAPP\appPHAV3\.venv\Lib\site-packages\starlette\routing.py", line 718, in __call__
    await route.handle(scope, receive, send)
  File "D:\DEVFULLAPP\appPHAV3\.venv\Lib\site-packages\starlette\routing.py", line 276, in handle
    await self.app(scope, receive, send)
  File "D:\DEVFULLAPP\appPHAV3\.venv\Lib\site-packages\starlette\routing.py", line 66, in app
    response = await func(request)
               ^^^^^^^^^^^^^^^^^^^
  File "D:\DEVFULLAPP\appPHAV3\.venv\Lib\site-packages\fastapi\routing.py", line 245, in app
    raise RequestValidationError(
fastapi.exceptions.RequestValidationError: [{'type': 'json_invalid', 'loc': ('body', 37), 'msg': 'JSON decode error', 'input': {}, 'ctx': {'error': 'Invalid \\escape'}}]

==============================***=====================
2025-11-23 11:26:52 - hannariskpro - ERROR - Error en Endpoint: http://localhost:8092/api/auth/login (POST) - Status: 422: ValidationError - ('JSON decode error', 'body.37')


==============================***=====================
Timestamp: 2025-11-23 11:26:52
Contexto: Endpoint: POST /api/auth/login (RESPONSE) - Status: 422
Tipo de Error: NoneType
Mensaje: None
Información Adicional:
  endpoint: POST /api/auth/login
  method: RESPONSE
  status_code: 422
  request_data: {'method': 'POST', 'path': '/api/auth/login', 'status_code': 422, 'process_time': '0.0131s', 'ip_address': '127.0.0.1', 'timestamp': '2025-11-23T11:26:52.427425'}
Traceback:
NoneType: None

==============================***=====================
2025-11-23 11:26:52 - hannariskpro - ERROR - Error en Endpoint: POST /api/auth/login (RESPONSE) - Status: 422: NoneType - None


==============================***=====================
Timestamp: 2025-11-23 11:28:05
Contexto: Endpoint: POST /api/auth/login (REQUEST) - Status: 200
Tipo de Error: NoneType
Mensaje: None
Información Adicional:
  endpoint: POST /api/auth/login
  method: REQUEST
  status_code: 200
  request_data: {'method': 'POST', 'path': '/api/auth/login', 'user_agent': 'curl/8.16.0', 'ip_address': '127.0.0.1', 'timestamp': '2025-11-23T11:28:05.399599'}
Traceback:
NoneType: None

==============================***=====================
2025-11-23 11:28:05 - hannariskpro - ERROR - Error en Endpoint: POST /api/auth/login (REQUEST) - Status: 200: NoneType - None


==============================***=====================
Timestamp: 2025-11-23 11:28:05
Contexto: Endpoint: http://localhost:8092/api/auth/login (POST) - Status: 422
Tipo de Error: ValidationError
Mensaje: ('Input should be a valid dictionary or object to extract fields from', 'body')
Información Adicional:
  endpoint: http://localhost:8092/api/auth/login
  method: POST
  status_code: 422
  request_data: {'request_id': 'd653cf13-1175-474a-b473-70b8e6520a68', 'error_code': 'VALIDATION_ERROR', 'detail': "Error en el campo 'body': Input should be a valid dictionary or object to extract fields from", 'body': 'username=admin&password=pa$$wr0rd'}
Traceback:
Traceback (most recent call last):
  File "D:\DEVFULLAPP\appPHAV3\.venv\Lib\site-packages\starlette\middleware\exceptions.py", line 68, in __call__
    await self.app(scope, receive, sender)
  File "D:\DEVFULLAPP\appPHAV3\.venv\Lib\site-packages\fastapi\middleware\asyncexitstack.py", line 20, in __call__
    raise e
  File "D:\DEVFULLAPP\appPHAV3\.venv\Lib\site-packages\fastapi\middleware\asyncexitstack.py", line 17, in __call__
    await self.app(scope, receive, send)
  File "D:\DEVFULLAPP\appPHAV3\.venv\Lib\site-packages\starlette\routing.py", line 718, in __call__
    await route.handle(scope, receive, send)
  File "D:\DEVFULLAPP\appPHAV3\.venv\Lib\site-packages\starlette\routing.py", line 276, in handle
    await self.app(scope, receive, send)
  File "D:\DEVFULLAPP\appPHAV3\.venv\Lib\site-packages\starlette\routing.py", line 66, in app
    response = await func(request)
               ^^^^^^^^^^^^^^^^^^^
  File "D:\DEVFULLAPP\appPHAV3\.venv\Lib\site-packages\fastapi\routing.py", line 271, in app
    raise RequestValidationError(_normalize_errors(errors), body=body)
fastapi.exceptions.RequestValidationError: [{'type': 'model_attributes_type', 'loc': ('body',), 'msg': 'Input should be a valid dictionary or object to extract fields from', 'input': b'username=admin&password=pa$$wr0rd', 'url': 'https://errors.pydantic.dev/2.12/v/model_attributes_type'}]

==============================***=====================
2025-11-23 11:28:05 - hannariskpro - ERROR - Error en Endpoint: http://localhost:8092/api/auth/login (POST) - Status: 422: ValidationError - ('Input should be a valid dictionary or object to extract fields from', 'body')


==============================***=====================
Timestamp: 2025-11-23 11:28:05
Contexto: Endpoint: POST /api/auth/login (RESPONSE) - Status: 422
Tipo de Error: NoneType
Mensaje: None
Información Adicional:
  endpoint: POST /api/auth/login
  method: RESPONSE
  status_code: 422
  request_data: {'method': 'POST', 'path': '/api/auth/login', 'status_code': 422, 'process_time': '0.0077s', 'ip_address': '127.0.0.1', 'timestamp': '2025-11-23T11:28:05.407349'}
Traceback:
NoneType: None

==============================***=====================
2025-11-23 11:28:05 - hannariskpro - ERROR - Error en Endpoint: POST /api/auth/login (RESPONSE) - Status: 422: NoneType - None


==============================***=====================
Timestamp: 2025-11-23 11:28:18
Contexto: Endpoint: POST /api/auth/login (REQUEST) - Status: 200
Tipo de Error: NoneType
Mensaje: None
Información Adicional:
  endpoint: POST /api/auth/login
  method: REQUEST
  status_code: 200
  request_data: {'method': 'POST', 'path': '/api/auth/login', 'user_agent': 'curl/8.16.0', 'ip_address': '127.0.0.1', 'timestamp': '2025-11-23T11:28:18.178749'}
Traceback:
NoneType: None

==============================***=====================
2025-11-23 11:28:18 - hannariskpro - ERROR - Error en Endpoint: POST /api/auth/login (REQUEST) - Status: 200: NoneType - None


==============================***=====================
Timestamp: 2025-11-23 11:28:18
Contexto: Endpoint: http://localhost:8092/api/auth/login (POST) - Status: 422
Tipo de Error: ValidationError
Mensaje: ('Input should be a valid dictionary or object to extract fields from', 'body')
Información Adicional:
  endpoint: http://localhost:8092/api/auth/login
  method: POST
  status_code: 422
  request_data: {'request_id': '67a4d4f0-532b-4fac-87d1-e38bde000748', 'error_code': 'VALIDATION_ERROR', 'detail': "Error en el campo 'body': Input should be a valid dictionary or object to extract fields from", 'body': 'username=admin&password=pa$$wr0rd'}
Traceback:
Traceback (most recent call last):
  File "D:\DEVFULLAPP\appPHAV3\.venv\Lib\site-packages\starlette\middleware\exceptions.py", line 68, in __call__
    await self.app(scope, receive, sender)
  File "D:\DEVFULLAPP\appPHAV3\.venv\Lib\site-packages\fastapi\middleware\asyncexitstack.py", line 20, in __call__
    raise e
  File "D:\DEVFULLAPP\appPHAV3\.venv\Lib\site-packages\fastapi\middleware\asyncexitstack.py", line 17, in __call__
    await self.app(scope, receive, send)
  File "D:\DEVFULLAPP\appPHAV3\.venv\Lib\site-packages\starlette\routing.py", line 718, in __call__
    await route.handle(scope, receive, send)
  File "D:\DEVFULLAPP\appPHAV3\.venv\Lib\site-packages\starlette\routing.py", line 276, in handle
    await self.app(scope, receive, send)
  File "D:\DEVFULLAPP\appPHAV3\.venv\Lib\site-packages\starlette\routing.py", line 66, in app
    response = await func(request)
               ^^^^^^^^^^^^^^^^^^^
  File "D:\DEVFULLAPP\appPHAV3\.venv\Lib\site-packages\fastapi\routing.py", line 271, in app
    raise RequestValidationError(_normalize_errors(errors), body=body)
fastapi.exceptions.RequestValidationError: [{'type': 'model_attributes_type', 'loc': ('body',), 'msg': 'Input should be a valid dictionary or object to extract fields from', 'input': b'username=admin&password=pa$$wr0rd', 'url': 'https://errors.pydantic.dev/2.12/v/model_attributes_type'}]

==============================***=====================
2025-11-23 11:28:18 - hannariskpro - ERROR - Error en Endpoint: http://localhost:8092/api/auth/login (POST) - Status: 422: ValidationError - ('Input should be a valid dictionary or object to extract fields from', 'body')


==============================***=====================
Timestamp: 2025-11-23 11:28:18
Contexto: Endpoint: POST /api/auth/login (RESPONSE) - Status: 422
Tipo de Error: NoneType
Mensaje: None
Información Adicional:
  endpoint: POST /api/auth/login
  method: RESPONSE
  status_code: 422
  request_data: {'method': 'POST', 'path': '/api/auth/login', 'status_code': 422, 'process_time': '0.0069s', 'ip_address': '127.0.0.1', 'timestamp': '2025-11-23T11:28:18.185672'}
Traceback:
NoneType: None

==============================***=====================
2025-11-23 11:28:18 - hannariskpro - ERROR - Error en Endpoint: POST /api/auth/login (RESPONSE) - Status: 422: NoneType - None


==============================***=====================
Timestamp: 2025-11-23 11:28:42
Contexto: Endpoint: POST /api/auth/login (REQUEST) - Status: 200
Tipo de Error: NoneType
Mensaje: None
Información Adicional:
  endpoint: POST /api/auth/login
  method: REQUEST
  status_code: 200
  request_data: {'method': 'POST', 'path': '/api/auth/login', 'user_agent': 'curl/8.16.0', 'ip_address': '127.0.0.1', 'timestamp': '2025-11-23T11:28:42.116863'}
Traceback:
NoneType: None

==============================***=====================
2025-11-23 11:28:42 - hannariskpro - ERROR - Error en Endpoint: POST /api/auth/login (REQUEST) - Status: 200: NoneType - None


==============================***=====================
Timestamp: 2025-11-23 11:28:42
Contexto: Endpoint: http://localhost:8092/api/auth/login (POST) - Status: 422
Tipo de Error: ValidationError
Mensaje: ('JSON decode error', 'body.37')
Información Adicional:
  endpoint: http://localhost:8092/api/auth/login
  method: POST
  status_code: 422
  request_data: {'request_id': 'c497db2a-68a3-493d-85e3-4410a8ae432e', 'error_code': 'VALIDATION_ERROR', 'detail': "Error en el campo 'body.37': JSON decode error", 'body': '{"username": "admin", "password": "pa\\$\\$wr0rd"}'}
Traceback:
Traceback (most recent call last):
  File "D:\DEVFULLAPP\appPHAV3\.venv\Lib\site-packages\fastapi\routing.py", line 239, in app
    json_body = await request.json()
                ^^^^^^^^^^^^^^^^^^^^
  File "D:\DEVFULLAPP\appPHAV3\.venv\Lib\site-packages\starlette\requests.py", line 244, in json
    self._json = json.loads(body)
                 ^^^^^^^^^^^^^^^^
  File "C:\Users\userfh\AppData\Local\Programs\Python\Python311\Lib\json\__init__.py", line 346, in loads
    return _default_decoder.decode(s)
           ^^^^^^^^^^^^^^^^^^^^^^^^^^
  File "C:\Users\userfh\AppData\Local\Programs\Python\Python311\Lib\json\decoder.py", line 337, in decode
    obj, end = self.raw_decode(s, idx=_w(s, 0).end())
               ^^^^^^^^^^^^^^^^^^^^^^^^^^^^^^^^^^^^^^
  File "C:\Users\userfh\AppData\Local\Programs\Python\Python311\Lib\json\decoder.py", line 353, in raw_decode
    obj, end = self.scan_once(s, idx)
               ^^^^^^^^^^^^^^^^^^^^^^
json.decoder.JSONDecodeError: Invalid \escape: line 1 column 38 (char 37)

The above exception was the direct cause of the following exception:

Traceback (most recent call last):
  File "D:\DEVFULLAPP\appPHAV3\.venv\Lib\site-packages\starlette\middleware\exceptions.py", line 68, in __call__
    await self.app(scope, receive, sender)
  File "D:\DEVFULLAPP\appPHAV3\.venv\Lib\site-packages\fastapi\middleware\asyncexitstack.py", line 20, in __call__
    raise e
  File "D:\DEVFULLAPP\appPHAV3\.venv\Lib\site-packages\fastapi\middleware\asyncexitstack.py", line 17, in __call__
    await self.app(scope, receive, send)
  File "D:\DEVFULLAPP\appPHAV3\.venv\Lib\site-packages\starlette\routing.py", line 718, in __call__
    await route.handle(scope, receive, send)
  File "D:\DEVFULLAPP\appPHAV3\.venv\Lib\site-packages\starlette\routing.py", line 276, in handle
    await self.app(scope, receive, send)
  File "D:\DEVFULLAPP\appPHAV3\.venv\Lib\site-packages\starlette\routing.py", line 66, in app
    response = await func(request)
               ^^^^^^^^^^^^^^^^^^^
  File "D:\DEVFULLAPP\appPHAV3\.venv\Lib\site-packages\fastapi\routing.py", line 245, in app
    raise RequestValidationError(
fastapi.exceptions.RequestValidationError: [{'type': 'json_invalid', 'loc': ('body', 37), 'msg': 'JSON decode error', 'input': {}, 'ctx': {'error': 'Invalid \\escape'}}]

==============================***=====================
2025-11-23 11:28:42 - hannariskpro - ERROR - Error en Endpoint: http://localhost:8092/api/auth/login (POST) - Status: 422: ValidationError - ('JSON decode error', 'body.37')


==============================***=====================
Timestamp: 2025-11-23 11:28:42
Contexto: Endpoint: POST /api/auth/login (RESPONSE) - Status: 422
Tipo de Error: NoneType
Mensaje: None
Información Adicional:
  endpoint: POST /api/auth/login
  method: RESPONSE
  status_code: 422
  request_data: {'method': 'POST', 'path': '/api/auth/login', 'status_code': 422, 'process_time': '0.0053s', 'ip_address': '127.0.0.1', 'timestamp': '2025-11-23T11:28:42.122145'}
Traceback:
NoneType: None

==============================***=====================
2025-11-23 11:28:42 - hannariskpro - ERROR - Error en Endpoint: POST /api/auth/login (RESPONSE) - Status: 422: NoneType - None


==============================***=====================
Timestamp: 2025-11-23 11:29:12
Contexto: Endpoint: POST /api/auth/login (REQUEST) - Status: 200
Tipo de Error: NoneType
Mensaje: None
Información Adicional:
  endpoint: POST /api/auth/login
  method: REQUEST
  status_code: 200
  request_data: {'method': 'POST', 'path': '/api/auth/login', 'user_agent': 'curl/8.16.0', 'ip_address': '127.0.0.1', 'timestamp': '2025-11-23T11:29:12.532682'}
Traceback:
NoneType: None

==============================***=====================
2025-11-23 11:29:12 - hannariskpro - ERROR - Error en Endpoint: POST /api/auth/login (REQUEST) - Status: 200: NoneType - None


==============================***=====================
Timestamp: 2025-11-23 11:29:12
Contexto: Endpoint: http://localhost:8092/api/auth/login (POST) - Status: 422
Tipo de Error: ValidationError
Mensaje: ('JSON decode error', 'body.37')
Información Adicional:
  endpoint: http://localhost:8092/api/auth/login
  method: POST
  status_code: 422
  request_data: {'request_id': '8e9afc06-aaf9-417f-867c-fab9c62d39a2', 'error_code': 'VALIDATION_ERROR', 'detail': "Error en el campo 'body.37': JSON decode error", 'body': '{"username": "admin", "password": "pa\\$\\$wr0rd"}'}
Traceback:
Traceback (most recent call last):
  File "D:\DEVFULLAPP\appPHAV3\.venv\Lib\site-packages\fastapi\routing.py", line 239, in app
    json_body = await request.json()
                ^^^^^^^^^^^^^^^^^^^^
  File "D:\DEVFULLAPP\appPHAV3\.venv\Lib\site-packages\starlette\requests.py", line 244, in json
    self._json = json.loads(body)
                 ^^^^^^^^^^^^^^^^
  File "C:\Users\userfh\AppData\Local\Programs\Python\Python311\Lib\json\__init__.py", line 346, in loads
    return _default_decoder.decode(s)
           ^^^^^^^^^^^^^^^^^^^^^^^^^^
  File "C:\Users\userfh\AppData\Local\Programs\Python\Python311\Lib\json\decoder.py", line 337, in decode
    obj, end = self.raw_decode(s, idx=_w(s, 0).end())
               ^^^^^^^^^^^^^^^^^^^^^^^^^^^^^^^^^^^^^^
  File "C:\Users\userfh\AppData\Local\Programs\Python\Python311\Lib\json\decoder.py", line 353, in raw_decode
    obj, end = self.scan_once(s, idx)
               ^^^^^^^^^^^^^^^^^^^^^^
json.decoder.JSONDecodeError: Invalid \escape: line 1 column 38 (char 37)

The above exception was the direct cause of the following exception:

Traceback (most recent call last):
  File "D:\DEVFULLAPP\appPHAV3\.venv\Lib\site-packages\starlette\middleware\exceptions.py", line 68, in __call__
    await self.app(scope, receive, sender)
  File "D:\DEVFULLAPP\appPHAV3\.venv\Lib\site-packages\fastapi\middleware\asyncexitstack.py", line 20, in __call__
    raise e
  File "D:\DEVFULLAPP\appPHAV3\.venv\Lib\site-packages\fastapi\middleware\asyncexitstack.py", line 17, in __call__
    await self.app(scope, receive, send)
  File "D:\DEVFULLAPP\appPHAV3\.venv\Lib\site-packages\starlette\routing.py", line 718, in __call__
    await route.handle(scope, receive, send)
  File "D:\DEVFULLAPP\appPHAV3\.venv\Lib\site-packages\starlette\routing.py", line 276, in handle
    await self.app(scope, receive, send)
  File "D:\DEVFULLAPP\appPHAV3\.venv\Lib\site-packages\starlette\routing.py", line 66, in app
    response = await func(request)
               ^^^^^^^^^^^^^^^^^^^
  File "D:\DEVFULLAPP\appPHAV3\.venv\Lib\site-packages\fastapi\routing.py", line 245, in app
    raise RequestValidationError(
fastapi.exceptions.RequestValidationError: [{'type': 'json_invalid', 'loc': ('body', 37), 'msg': 'JSON decode error', 'input': {}, 'ctx': {'error': 'Invalid \\escape'}}]

==============================***=====================
2025-11-23 11:29:12 - hannariskpro - ERROR - Error en Endpoint: http://localhost:8092/api/auth/login (POST) - Status: 422: ValidationError - ('JSON decode error', 'body.37')


==============================***=====================
Timestamp: 2025-11-23 11:29:12
Contexto: Endpoint: POST /api/auth/login (RESPONSE) - Status: 422
Tipo de Error: NoneType
Mensaje: None
Información Adicional:
  endpoint: POST /api/auth/login
  method: RESPONSE
  status_code: 422
  request_data: {'method': 'POST', 'path': '/api/auth/login', 'status_code': 422, 'process_time': '0.0081s', 'ip_address': '127.0.0.1', 'timestamp': '2025-11-23T11:29:12.540765'}
Traceback:
NoneType: None

==============================***=====================
2025-11-23 11:29:12 - hannariskpro - ERROR - Error en Endpoint: POST /api/auth/login (RESPONSE) - Status: 422: NoneType - None


==============================***=====================
Timestamp: 2025-11-23 11:29:37
Contexto: Endpoint: POST /api/auth/login (REQUEST) - Status: 200
Tipo de Error: NoneType
Mensaje: None
Información Adicional:
  endpoint: POST /api/auth/login
  method: REQUEST
  status_code: 200
  request_data: {'method': 'POST', 'path': '/api/auth/login', 'user_agent': 'curl/8.16.0', 'ip_address': '127.0.0.1', 'timestamp': '2025-11-23T11:29:37.390019'}
Traceback:
NoneType: None

==============================***=====================
2025-11-23 11:29:37 - hannariskpro - ERROR - Error en Endpoint: POST /api/auth/login (REQUEST) - Status: 200: NoneType - None


==============================***=====================
Timestamp: 2025-11-23 11:29:37
Contexto: Endpoint: http://localhost:8092/api/auth/login (POST) - Status: 422
Tipo de Error: ValidationError
Mensaje: ('JSON decode error', 'body.37')
Información Adicional:
  endpoint: http://localhost:8092/api/auth/login
  method: POST
  status_code: 422
  request_data: {'request_id': '8c1bdc8c-8054-40fb-94b2-93c7e5578099', 'error_code': 'VALIDATION_ERROR', 'detail': "Error en el campo 'body.37': JSON decode error", 'body': '{"username": "admin", "password": "pa\\$\\$wr0rd"}'}
Traceback:
Traceback (most recent call last):
  File "D:\DEVFULLAPP\appPHAV3\.venv\Lib\site-packages\fastapi\routing.py", line 239, in app
    json_body = await request.json()
                ^^^^^^^^^^^^^^^^^^^^
  File "D:\DEVFULLAPP\appPHAV3\.venv\Lib\site-packages\starlette\requests.py", line 244, in json
    self._json = json.loads(body)
                 ^^^^^^^^^^^^^^^^
  File "C:\Users\userfh\AppData\Local\Programs\Python\Python311\Lib\json\__init__.py", line 346, in loads
    return _default_decoder.decode(s)
           ^^^^^^^^^^^^^^^^^^^^^^^^^^
  File "C:\Users\userfh\AppData\Local\Programs\Python\Python311\Lib\json\decoder.py", line 337, in decode
    obj, end = self.raw_decode(s, idx=_w(s, 0).end())
               ^^^^^^^^^^^^^^^^^^^^^^^^^^^^^^^^^^^^^^
  File "C:\Users\userfh\AppData\Local\Programs\Python\Python311\Lib\json\decoder.py", line 353, in raw_decode
    obj, end = self.scan_once(s, idx)
               ^^^^^^^^^^^^^^^^^^^^^^
json.decoder.JSONDecodeError: Invalid \escape: line 1 column 38 (char 37)

The above exception was the direct cause of the following exception:

Traceback (most recent call last):
  File "D:\DEVFULLAPP\appPHAV3\.venv\Lib\site-packages\starlette\middleware\exceptions.py", line 68, in __call__
    await self.app(scope, receive, sender)
  File "D:\DEVFULLAPP\appPHAV3\.venv\Lib\site-packages\fastapi\middleware\asyncexitstack.py", line 20, in __call__
    raise e
  File "D:\DEVFULLAPP\appPHAV3\.venv\Lib\site-packages\fastapi\middleware\asyncexitstack.py", line 17, in __call__
    await self.app(scope, receive, send)
  File "D:\DEVFULLAPP\appPHAV3\.venv\Lib\site-packages\starlette\routing.py", line 718, in __call__
    await route.handle(scope, receive, send)
  File "D:\DEVFULLAPP\appPHAV3\.venv\Lib\site-packages\starlette\routing.py", line 276, in handle
    await self.app(scope, receive, send)
  File "D:\DEVFULLAPP\appPHAV3\.venv\Lib\site-packages\starlette\routing.py", line 66, in app
    response = await func(request)
               ^^^^^^^^^^^^^^^^^^^
  File "D:\DEVFULLAPP\appPHAV3\.venv\Lib\site-packages\fastapi\routing.py", line 245, in app
    raise RequestValidationError(
fastapi.exceptions.RequestValidationError: [{'type': 'json_invalid', 'loc': ('body', 37), 'msg': 'JSON decode error', 'input': {}, 'ctx': {'error': 'Invalid \\escape'}}]

==============================***=====================
2025-11-23 11:29:37 - hannariskpro - ERROR - Error en Endpoint: http://localhost:8092/api/auth/login (POST) - Status: 422: ValidationError - ('JSON decode error', 'body.37')


==============================***=====================
Timestamp: 2025-11-23 11:29:37
Contexto: Endpoint: POST /api/auth/login (RESPONSE) - Status: 422
Tipo de Error: NoneType
Mensaje: None
Información Adicional:
  endpoint: POST /api/auth/login
  method: RESPONSE
  status_code: 422
  request_data: {'method': 'POST', 'path': '/api/auth/login', 'status_code': 422, 'process_time': '0.0058s', 'ip_address': '127.0.0.1', 'timestamp': '2025-11-23T11:29:37.395830'}
Traceback:
NoneType: None

==============================***=====================
2025-11-23 11:29:37 - hannariskpro - ERROR - Error en Endpoint: POST /api/auth/login (RESPONSE) - Status: 422: NoneType - None


==============================***=====================
Timestamp: 2025-11-23 11:30:59
Contexto: Endpoint: POST /api/auth/login (REQUEST) - Status: 200
Tipo de Error: NoneType
Mensaje: None
Información Adicional:
  endpoint: POST /api/auth/login
  method: REQUEST
  status_code: 200
  request_data: {'method': 'POST', 'path': '/api/auth/login', 'user_agent': 'curl/8.16.0', 'ip_address': '127.0.0.1', 'timestamp': '2025-11-23T11:30:59.623928'}
Traceback:
NoneType: None

==============================***=====================
2025-11-23 11:30:59 - hannariskpro - ERROR - Error en Endpoint: POST /api/auth/login (REQUEST) - Status: 200: NoneType - None


==============================***=====================
Timestamp: 2025-11-23 11:30:59
Contexto: Endpoint: POST /api/auth/login (RESPONSE) - Status: 200
Tipo de Error: NoneType
Mensaje: None
Información Adicional:
  endpoint: POST /api/auth/login
  method: RESPONSE
  status_code: 200
  request_data: {'method': 'POST', 'path': '/api/auth/login', 'status_code': 200, 'process_time': '0.1573s', 'ip_address': '127.0.0.1', 'timestamp': '2025-11-23T11:30:59.781193'}
Traceback:
NoneType: None

==============================***=====================
2025-11-23 11:30:59 - hannariskpro - ERROR - Error en Endpoint: POST /api/auth/login (RESPONSE) - Status: 200: NoneType - None


==============================***=====================
Timestamp: 2025-11-23 11:31:15
Contexto: Endpoint: GET /api/health (REQUEST) - Status: 200
Tipo de Error: NoneType
Mensaje: None
Información Adicional:
  endpoint: GET /api/health
  method: REQUEST
  status_code: 200
  request_data: {'method': 'GET', 'path': '/api/health', 'user_agent': 'curl/8.16.0', 'ip_address': '127.0.0.1', 'timestamp': '2025-11-23T11:31:15.597950'}
Traceback:
NoneType: None

==============================***=====================
2025-11-23 11:31:15 - hannariskpro - ERROR - Error en Endpoint: GET /api/health (REQUEST) - Status: 200: NoneType - None


==============================***=====================
Timestamp: 2025-11-23 11:31:15
Contexto: Endpoint: GET /api/health (RESPONSE) - Status: 200
Tipo de Error: NoneType
Mensaje: None
Información Adicional:
  endpoint: GET /api/health
  method: RESPONSE
  status_code: 200
  request_data: {'method': 'GET', 'path': '/api/health', 'status_code': 200, 'process_time': '0.0026s', 'ip_address': '127.0.0.1', 'timestamp': '2025-11-23T11:31:15.600505'}
Traceback:
NoneType: None

==============================***=====================
2025-11-23 11:31:15 - hannariskpro - ERROR - Error en Endpoint: GET /api/health (RESPONSE) - Status: 200: NoneType - None


==============================***=====================
Timestamp: 2025-11-23 11:31:31
Contexto: Endpoint: GET /api/dashboard/kpis (REQUEST) - Status: 200
Tipo de Error: NoneType
Mensaje: None
Información Adicional:
  endpoint: GET /api/dashboard/kpis
  method: REQUEST
  status_code: 200
  request_data: {'method': 'GET', 'path': '/api/dashboard/kpis', 'user_agent': 'curl/8.16.0', 'ip_address': '127.0.0.1', 'timestamp': '2025-11-23T11:31:31.622296'}
Traceback:
NoneType: None

==============================***=====================
2025-11-23 11:31:31 - hannariskpro - ERROR - Error en Endpoint: GET /api/dashboard/kpis (REQUEST) - Status: 200: NoneType - None


==============================***=====================
Timestamp: 2025-11-23 11:31:31
Contexto: Endpoint: GET /api/dashboard/kpis (RESPONSE) - Status: 200
Tipo de Error: NoneType
Mensaje: None
Información Adicional:
  endpoint: GET /api/dashboard/kpis
  method: RESPONSE
  status_code: 200
  request_data: {'method': 'GET', 'path': '/api/dashboard/kpis', 'status_code': 200, 'process_time': '0.0482s', 'ip_address': '127.0.0.1', 'timestamp': '2025-11-23T11:31:31.670527'}
Traceback:
NoneType: None

==============================***=====================
2025-11-23 11:31:31 - hannariskpro - ERROR - Error en Endpoint: GET /api/dashboard/kpis (RESPONSE) - Status: 200: NoneType - None


==============================***=====================
Timestamp: 2025-11-23 11:32:23
Contexto: Endpoint: GET /api/empresas (REQUEST) - Status: 200
Tipo de Error: NoneType
Mensaje: None
Información Adicional:
  endpoint: GET /api/empresas
  method: REQUEST
  status_code: 200
  request_data: {'method': 'GET', 'path': '/api/empresas', 'user_agent': 'Mozilla/5.0 (Windows NT 10.0; Win64; x64) AppleWebKit/537.36 (KHTML, like Gecko) Chrome/142.0.0.0 Safari/537.36', 'ip_address': '127.0.0.1', 'timestamp': '2025-11-23T11:32:23.470962'}
Traceback:
NoneType: None

==============================***=====================
2025-11-23 11:32:23 - hannariskpro - ERROR - Error en Endpoint: GET /api/empresas (REQUEST) - Status: 200: NoneType - None


==============================***=====================
Timestamp: 2025-11-23 11:32:23
Contexto: Endpoint: GET /api/empresas (RESPONSE) - Status: 200
Tipo de Error: NoneType
Mensaje: None
Información Adicional:
  endpoint: GET /api/empresas
  method: RESPONSE
  status_code: 200
  request_data: {'method': 'GET', 'path': '/api/empresas', 'status_code': 200, 'process_time': '0.0115s', 'ip_address': '127.0.0.1', 'timestamp': '2025-11-23T11:32:23.482433'}
Traceback:
NoneType: None

==============================***=====================
2025-11-23 11:32:23 - hannariskpro - ERROR - Error en Endpoint: GET /api/empresas (RESPONSE) - Status: 200: NoneType - None


==============================***=====================
Timestamp: 2025-11-23 11:32:23
Contexto: Endpoint: GET /api/empresas (REQUEST) - Status: 200
Tipo de Error: NoneType
Mensaje: None
Información Adicional:
  endpoint: GET /api/empresas
  method: REQUEST
  status_code: 200
  request_data: {'method': 'GET', 'path': '/api/empresas', 'user_agent': 'Mozilla/5.0 (Windows NT 10.0; Win64; x64) AppleWebKit/537.36 (KHTML, like Gecko) Chrome/142.0.0.0 Safari/537.36', 'ip_address': '127.0.0.1', 'timestamp': '2025-11-23T11:32:23.485583'}
Traceback:
NoneType: None

==============================***=====================
2025-11-23 11:32:23 - hannariskpro - ERROR - Error en Endpoint: GET /api/empresas (REQUEST) - Status: 200: NoneType - None


==============================***=====================
Timestamp: 2025-11-23 11:32:23
Contexto: Endpoint: GET /api/empresas (RESPONSE) - Status: 200
Tipo de Error: NoneType
Mensaje: None
Información Adicional:
  endpoint: GET /api/empresas
  method: RESPONSE
  status_code: 200
  request_data: {'method': 'GET', 'path': '/api/empresas', 'status_code': 200, 'process_time': '0.0099s', 'ip_address': '127.0.0.1', 'timestamp': '2025-11-23T11:32:23.495528'}
Traceback:
NoneType: None

==============================***=====================
2025-11-23 11:32:23 - hannariskpro - ERROR - Error en Endpoint: GET /api/empresas (RESPONSE) - Status: 200: NoneType - None


==============================***=====================
Timestamp: 2025-11-23 11:32:28
Contexto: Endpoint: GET /api/me (REQUEST) - Status: 200
Tipo de Error: NoneType
Mensaje: None
Información Adicional:
  endpoint: GET /api/me
  method: REQUEST
  status_code: 200
  request_data: {'method': 'GET', 'path': '/api/me', 'user_agent': 'Mozilla/5.0 (Windows NT 10.0; Win64; x64) AppleWebKit/537.36 (KHTML, like Gecko) Chrome/142.0.0.0 Safari/537.36', 'ip_address': '127.0.0.1', 'timestamp': '2025-11-23T11:32:28.592905'}
Traceback:
NoneType: None

==============================***=====================
2025-11-23 11:32:28 - hannariskpro - ERROR - Error en Endpoint: GET /api/me (REQUEST) - Status: 200: NoneType - None


==============================***=====================
Timestamp: 2025-11-23 11:32:28
Contexto: Endpoint: GET /api/me (RESPONSE) - Status: 200
Tipo de Error: NoneType
Mensaje: None
Información Adicional:
  endpoint: GET /api/me
  method: RESPONSE
  status_code: 200
  request_data: {'method': 'GET', 'path': '/api/me', 'status_code': 200, 'process_time': '0.0079s', 'ip_address': '127.0.0.1', 'timestamp': '2025-11-23T11:32:28.600793'}
Traceback:
NoneType: None

==============================***=====================
2025-11-23 11:32:28 - hannariskpro - ERROR - Error en Endpoint: GET /api/me (RESPONSE) - Status: 200: NoneType - None


==============================***=====================
Timestamp: 2025-11-23 11:32:28
Contexto: Endpoint: GET /api/me (REQUEST) - Status: 200
Tipo de Error: NoneType
Mensaje: None
Información Adicional:
  endpoint: GET /api/me
  method: REQUEST
  status_code: 200
  request_data: {'method': 'GET', 'path': '/api/me', 'user_agent': 'Mozilla/5.0 (Windows NT 10.0; Win64; x64) AppleWebKit/537.36 (KHTML, like Gecko) Chrome/142.0.0.0 Safari/537.36', 'ip_address': '127.0.0.1', 'timestamp': '2025-11-23T11:32:28.632561'}
Traceback:
NoneType: None

==============================***=====================
2025-11-23 11:32:28 - hannariskpro - ERROR - Error en Endpoint: GET /api/me (REQUEST) - Status: 200: NoneType - None


==============================***=====================
Timestamp: 2025-11-23 11:32:28
Contexto: Endpoint: GET /api/me (RESPONSE) - Status: 200
Tipo de Error: NoneType
Mensaje: None
Información Adicional:
  endpoint: GET /api/me
  method: RESPONSE
  status_code: 200
  request_data: {'method': 'GET', 'path': '/api/me', 'status_code': 200, 'process_time': '0.0080s', 'ip_address': '127.0.0.1', 'timestamp': '2025-11-23T11:32:28.640535'}
Traceback:
NoneType: None

==============================***=====================
2025-11-23 11:32:28 - hannariskpro - ERROR - Error en Endpoint: GET /api/me (RESPONSE) - Status: 200: NoneType - None


==============================***=====================
Timestamp: 2025-11-23 11:32:29
Contexto: Endpoint: GET /api/me (REQUEST) - Status: 200
Tipo de Error: NoneType
Mensaje: None
Información Adicional:
  endpoint: GET /api/me
  method: REQUEST
  status_code: 200
  request_data: {'method': 'GET', 'path': '/api/me', 'user_agent': 'Mozilla/5.0 (Windows NT 10.0; Win64; x64) AppleWebKit/537.36 (KHTML, like Gecko) Chrome/142.0.0.0 Safari/537.36', 'ip_address': '127.0.0.1', 'timestamp': '2025-11-23T11:32:29.777930'}
Traceback:
NoneType: None

==============================***=====================
2025-11-23 11:32:29 - hannariskpro - ERROR - Error en Endpoint: GET /api/me (REQUEST) - Status: 200: NoneType - None


==============================***=====================
Timestamp: 2025-11-23 11:32:29
Contexto: Endpoint: GET /api/me (RESPONSE) - Status: 200
Tipo de Error: NoneType
Mensaje: None
Información Adicional:
  endpoint: GET /api/me
  method: RESPONSE
  status_code: 200
  request_data: {'method': 'GET', 'path': '/api/me', 'status_code': 200, 'process_time': '0.0087s', 'ip_address': '127.0.0.1', 'timestamp': '2025-11-23T11:32:29.786648'}
Traceback:
NoneType: None

==============================***=====================
2025-11-23 11:32:29 - hannariskpro - ERROR - Error en Endpoint: GET /api/me (RESPONSE) - Status: 200: NoneType - None


==============================***=====================
Timestamp: 2025-11-23 11:32:29
Contexto: Endpoint: GET /api/me (REQUEST) - Status: 200
Tipo de Error: NoneType
Mensaje: None
Información Adicional:
  endpoint: GET /api/me
  method: REQUEST
  status_code: 200
  request_data: {'method': 'GET', 'path': '/api/me', 'user_agent': 'Mozilla/5.0 (Windows NT 10.0; Win64; x64) AppleWebKit/537.36 (KHTML, like Gecko) Chrome/142.0.0.0 Safari/537.36', 'ip_address': '127.0.0.1', 'timestamp': '2025-11-23T11:32:29.820535'}
Traceback:
NoneType: None

==============================***=====================
2025-11-23 11:32:29 - hannariskpro - ERROR - Error en Endpoint: GET /api/me (REQUEST) - Status: 200: NoneType - None


==============================***=====================
Timestamp: 2025-11-23 11:32:29
Contexto: Endpoint: GET /api/me (RESPONSE) - Status: 200
Tipo de Error: NoneType
Mensaje: None
Información Adicional:
  endpoint: GET /api/me
  method: RESPONSE
  status_code: 200
  request_data: {'method': 'GET', 'path': '/api/me', 'status_code': 200, 'process_time': '0.0080s', 'ip_address': '127.0.0.1', 'timestamp': '2025-11-23T11:32:29.828521'}
Traceback:
NoneType: None

==============================***=====================
2025-11-23 11:32:29 - hannariskpro - ERROR - Error en Endpoint: GET /api/me (RESPONSE) - Status: 200: NoneType - None


==============================***=====================
Timestamp: 2025-11-23 11:32:36
Contexto: Endpoint: GET /api/me (REQUEST) - Status: 200
Tipo de Error: NoneType
Mensaje: None
Información Adicional:
  endpoint: GET /api/me
  method: REQUEST
  status_code: 200
  request_data: {'method': 'GET', 'path': '/api/me', 'user_agent': 'Mozilla/5.0 (Windows NT 10.0; Win64; x64) AppleWebKit/537.36 (KHTML, like Gecko) Chrome/142.0.0.0 Safari/537.36', 'ip_address': '127.0.0.1', 'timestamp': '2025-11-23T11:32:36.963990'}
Traceback:
NoneType: None

==============================***=====================
2025-11-23 11:32:36 - hannariskpro - ERROR - Error en Endpoint: GET /api/me (REQUEST) - Status: 200: NoneType - None


==============================***=====================
Timestamp: 2025-11-23 11:32:36
Contexto: Endpoint: GET /api/me (RESPONSE) - Status: 200
Tipo de Error: NoneType
Mensaje: None
Información Adicional:
  endpoint: GET /api/me
  method: RESPONSE
  status_code: 200
  request_data: {'method': 'GET', 'path': '/api/me', 'status_code': 200, 'process_time': '0.0182s', 'ip_address': '127.0.0.1', 'timestamp': '2025-11-23T11:32:36.982176'}
Traceback:
NoneType: None

==============================***=====================
2025-11-23 11:32:36 - hannariskpro - ERROR - Error en Endpoint: GET /api/me (RESPONSE) - Status: 200: NoneType - None


==============================***=====================
Timestamp: 2025-11-23 11:32:36
Contexto: Endpoint: GET /api/me (REQUEST) - Status: 200
Tipo de Error: NoneType
Mensaje: None
Información Adicional:
  endpoint: GET /api/me
  method: REQUEST
  status_code: 200
  request_data: {'method': 'GET', 'path': '/api/me', 'user_agent': 'Mozilla/5.0 (Windows NT 10.0; Win64; x64) AppleWebKit/537.36 (KHTML, like Gecko) Chrome/142.0.0.0 Safari/537.36', 'ip_address': '127.0.0.1', 'timestamp': '2025-11-23T11:32:36.992793'}
Traceback:
NoneType: None

==============================***=====================
2025-11-23 11:32:36 - hannariskpro - ERROR - Error en Endpoint: GET /api/me (REQUEST) - Status: 200: NoneType - None


==============================***=====================
Timestamp: 2025-11-23 11:32:37
Contexto: Endpoint: GET /api/me (RESPONSE) - Status: 200
Tipo de Error: NoneType
Mensaje: None
Información Adicional:
  endpoint: GET /api/me
  method: RESPONSE
  status_code: 200
  request_data: {'method': 'GET', 'path': '/api/me', 'status_code': 200, 'process_time': '0.0111s', 'ip_address': '127.0.0.1', 'timestamp': '2025-11-23T11:32:37.003905'}
Traceback:
NoneType: None

==============================***=====================
2025-11-23 11:32:37 - hannariskpro - ERROR - Error en Endpoint: GET /api/me (RESPONSE) - Status: 200: NoneType - None


==============================***=====================
Timestamp: 2025-11-23 11:32:43
Contexto: Endpoint: GET /api/empresas (REQUEST) - Status: 200
Tipo de Error: NoneType
Mensaje: None
Información Adicional:
  endpoint: GET /api/empresas
  method: REQUEST
  status_code: 200
  request_data: {'method': 'GET', 'path': '/api/empresas', 'user_agent': 'Mozilla/5.0 (Windows NT 10.0; Win64; x64) AppleWebKit/537.36 (KHTML, like Gecko) Chrome/142.0.0.0 Safari/537.36', 'ip_address': '127.0.0.1', 'timestamp': '2025-11-23T11:32:43.307397'}
Traceback:
NoneType: None

==============================***=====================
2025-11-23 11:32:43 - hannariskpro - ERROR - Error en Endpoint: GET /api/empresas (REQUEST) - Status: 200: NoneType - None


==============================***=====================
Timestamp: 2025-11-23 11:32:43
Contexto: Endpoint: GET /api/empresas (RESPONSE) - Status: 200
Tipo de Error: NoneType
Mensaje: None
Información Adicional:
  endpoint: GET /api/empresas
  method: RESPONSE
  status_code: 200
  request_data: {'method': 'GET', 'path': '/api/empresas', 'status_code': 200, 'process_time': '0.0139s', 'ip_address': '127.0.0.1', 'timestamp': '2025-11-23T11:32:43.321286'}
Traceback:
NoneType: None

==============================***=====================
2025-11-23 11:32:43 - hannariskpro - ERROR - Error en Endpoint: GET /api/empresas (RESPONSE) - Status: 200: NoneType - None


==============================***=====================
Timestamp: 2025-11-23 11:32:43
Contexto: Endpoint: GET /api/empresas (REQUEST) - Status: 200
Tipo de Error: NoneType
Mensaje: None
Información Adicional:
  endpoint: GET /api/empresas
  method: REQUEST
  status_code: 200
  request_data: {'method': 'GET', 'path': '/api/empresas', 'user_agent': 'Mozilla/5.0 (Windows NT 10.0; Win64; x64) AppleWebKit/537.36 (KHTML, like Gecko) Chrome/142.0.0.0 Safari/537.36', 'ip_address': '127.0.0.1', 'timestamp': '2025-11-23T11:32:43.326776'}
Traceback:
NoneType: None

==============================***=====================
2025-11-23 11:32:43 - hannariskpro - ERROR - Error en Endpoint: GET /api/empresas (REQUEST) - Status: 200: NoneType - None


==============================***=====================
Timestamp: 2025-11-23 11:32:43
Contexto: Endpoint: GET /api/empresas (RESPONSE) - Status: 200
Tipo de Error: NoneType
Mensaje: None
Información Adicional:
  endpoint: GET /api/empresas
  method: RESPONSE
  status_code: 200
  request_data: {'method': 'GET', 'path': '/api/empresas', 'status_code': 200, 'process_time': '0.0092s', 'ip_address': '127.0.0.1', 'timestamp': '2025-11-23T11:32:43.335982'}
Traceback:
NoneType: None

==============================***=====================
2025-11-23 11:32:43 - hannariskpro - ERROR - Error en Endpoint: GET /api/empresas (RESPONSE) - Status: 200: NoneType - None


==============================***=====================
Timestamp: 2025-11-23 11:32:44
Contexto: Endpoint: GET /api/metodologias (REQUEST) - Status: 200
Tipo de Error: NoneType
Mensaje: None
Información Adicional:
  endpoint: GET /api/metodologias
  method: REQUEST
  status_code: 200
  request_data: {'method': 'GET', 'path': '/api/metodologias', 'user_agent': 'Mozilla/5.0 (Windows NT 10.0; Win64; x64) AppleWebKit/537.36 (KHTML, like Gecko) Chrome/142.0.0.0 Safari/537.36', 'ip_address': '127.0.0.1', 'timestamp': '2025-11-23T11:32:44.301080'}
Traceback:
NoneType: None

==============================***=====================
2025-11-23 11:32:44 - hannariskpro - ERROR - Error en Endpoint: GET /api/metodologias (REQUEST) - Status: 200: NoneType - None


==============================***=====================
Timestamp: 2025-11-23 11:32:44
Contexto: Endpoint: GET /api/metodologias (RESPONSE) - Status: 200
Tipo de Error: NoneType
Mensaje: None
Información Adicional:
  endpoint: GET /api/metodologias
  method: RESPONSE
  status_code: 200
  request_data: {'method': 'GET', 'path': '/api/metodologias', 'status_code': 200, 'process_time': '0.0135s', 'ip_address': '127.0.0.1', 'timestamp': '2025-11-23T11:32:44.314580'}
Traceback:
NoneType: None

==============================***=====================
2025-11-23 11:32:44 - hannariskpro - ERROR - Error en Endpoint: GET /api/metodologias (RESPONSE) - Status: 200: NoneType - None


==============================***=====================
Timestamp: 2025-11-23 11:32:45
Contexto: Endpoint: GET /api/usuarios (REQUEST) - Status: 200
Tipo de Error: NoneType
Mensaje: None
Información Adicional:
  endpoint: GET /api/usuarios
  method: REQUEST
  status_code: 200
  request_data: {'method': 'GET', 'path': '/api/usuarios', 'user_agent': 'Mozilla/5.0 (Windows NT 10.0; Win64; x64) AppleWebKit/537.36 (KHTML, like Gecko) Chrome/142.0.0.0 Safari/537.36', 'ip_address': '127.0.0.1', 'timestamp': '2025-11-23T11:32:45.303990'}
Traceback:
NoneType: None

==============================***=====================
2025-11-23 11:32:45 - hannariskpro - ERROR - Error en Endpoint: GET /api/usuarios (REQUEST) - Status: 200: NoneType - None


==============================***=====================
Timestamp: 2025-11-23 11:32:45
Contexto: Endpoint: GET /api/usuarios (RESPONSE) - Status: 200
Tipo de Error: NoneType
Mensaje: None
Información Adicional:
  endpoint: GET /api/usuarios
  method: RESPONSE
  status_code: 200
  request_data: {'method': 'GET', 'path': '/api/usuarios', 'status_code': 200, 'process_time': '0.0134s', 'ip_address': '127.0.0.1', 'timestamp': '2025-11-23T11:32:45.317366'}
Traceback:
NoneType: None

==============================***=====================
2025-11-23 11:32:45 - hannariskpro - ERROR - Error en Endpoint: GET /api/usuarios (RESPONSE) - Status: 200: NoneType - None


==============================***=====================
Timestamp: 2025-11-23 11:32:45
Contexto: Endpoint: GET /api/empresas (REQUEST) - Status: 200
Tipo de Error: NoneType
Mensaje: None
Información Adicional:
  endpoint: GET /api/empresas
  method: REQUEST
  status_code: 200
  request_data: {'method': 'GET', 'path': '/api/empresas', 'user_agent': 'Mozilla/5.0 (Windows NT 10.0; Win64; x64) AppleWebKit/537.36 (KHTML, like Gecko) Chrome/142.0.0.0 Safari/537.36', 'ip_address': '127.0.0.1', 'timestamp': '2025-11-23T11:32:45.909080'}
Traceback:
NoneType: None

==============================***=====================
2025-11-23 11:32:45 - hannariskpro - ERROR - Error en Endpoint: GET /api/empresas (REQUEST) - Status: 200: NoneType - None


==============================***=====================
Timestamp: 2025-11-23 11:32:45
Contexto: Endpoint: GET /api/empresas (RESPONSE) - Status: 200
Tipo de Error: NoneType
Mensaje: None
Información Adicional:
  endpoint: GET /api/empresas
  method: RESPONSE
  status_code: 200
  request_data: {'method': 'GET', 'path': '/api/empresas', 'status_code': 200, 'process_time': '0.0115s', 'ip_address': '127.0.0.1', 'timestamp': '2025-11-23T11:32:45.920585'}
Traceback:
NoneType: None

==============================***=====================
2025-11-23 11:32:45 - hannariskpro - ERROR - Error en Endpoint: GET /api/empresas (RESPONSE) - Status: 200: NoneType - None


==============================***=====================
Timestamp: 2025-11-23 11:32:49
Contexto: Endpoint: GET /api/salvaguardas (REQUEST) - Status: 200
Tipo de Error: NoneType
Mensaje: None
Información Adicional:
  endpoint: GET /api/salvaguardas
  method: REQUEST
  status_code: 200
  request_data: {'method': 'GET', 'path': '/api/salvaguardas', 'user_agent': 'Mozilla/5.0 (Windows NT 10.0; Win64; x64) AppleWebKit/537.36 (KHTML, like Gecko) Chrome/142.0.0.0 Safari/537.36', 'ip_address': '127.0.0.1', 'timestamp': '2025-11-23T11:32:49.042252'}
Traceback:
NoneType: None

==============================***=====================
2025-11-23 11:32:49 - hannariskpro - ERROR - Error en Endpoint: GET /api/salvaguardas (REQUEST) - Status: 200: NoneType - None


==============================***=====================
Timestamp: 2025-11-23 11:32:49
Contexto: Endpoint: GET /api/salvaguardas (RESPONSE) - Status: 200
Tipo de Error: NoneType
Mensaje: None
Información Adicional:
  endpoint: GET /api/salvaguardas
  method: RESPONSE
  status_code: 200
  request_data: {'method': 'GET', 'path': '/api/salvaguardas', 'status_code': 200, 'process_time': '0.0114s', 'ip_address': '127.0.0.1', 'timestamp': '2025-11-23T11:32:49.053695'}
Traceback:
NoneType: None

==============================***=====================
2025-11-23 11:32:49 - hannariskpro - ERROR - Error en Endpoint: GET /api/salvaguardas (RESPONSE) - Status: 200: NoneType - None


==============================***=====================
Timestamp: 2025-11-23 11:32:49
Contexto: Endpoint: GET /api/salvaguardas (REQUEST) - Status: 200
Tipo de Error: NoneType
Mensaje: None
Información Adicional:
  endpoint: GET /api/salvaguardas
  method: REQUEST
  status_code: 200
  request_data: {'method': 'GET', 'path': '/api/salvaguardas', 'user_agent': 'Mozilla/5.0 (Windows NT 10.0; Win64; x64) AppleWebKit/537.36 (KHTML, like Gecko) Chrome/142.0.0.0 Safari/537.36', 'ip_address': '127.0.0.1', 'timestamp': '2025-11-23T11:32:49.058316'}
Traceback:
NoneType: None

==============================***=====================
2025-11-23 11:32:49 - hannariskpro - ERROR - Error en Endpoint: GET /api/salvaguardas (REQUEST) - Status: 200: NoneType - None


==============================***=====================
Timestamp: 2025-11-23 11:32:49
Contexto: Endpoint: GET /api/salvaguardas (RESPONSE) - Status: 200
Tipo de Error: NoneType
Mensaje: None
Información Adicional:
  endpoint: GET /api/salvaguardas
  method: RESPONSE
  status_code: 200
  request_data: {'method': 'GET', 'path': '/api/salvaguardas', 'status_code': 200, 'process_time': '0.0110s', 'ip_address': '127.0.0.1', 'timestamp': '2025-11-23T11:32:49.069333'}
Traceback:
NoneType: None

==============================***=====================
2025-11-23 11:32:49 - hannariskpro - ERROR - Error en Endpoint: GET /api/salvaguardas (RESPONSE) - Status: 200: NoneType - None


==============================***=====================
Timestamp: 2025-11-23 11:32:50
Contexto: Endpoint: GET /api/auditoria (REQUEST) - Status: 200
Tipo de Error: NoneType
Mensaje: None
Información Adicional:
  endpoint: GET /api/auditoria
  method: REQUEST
  status_code: 200
  request_data: {'method': 'GET', 'path': '/api/auditoria', 'user_agent': 'Mozilla/5.0 (Windows NT 10.0; Win64; x64) AppleWebKit/537.36 (KHTML, like Gecko) Chrome/142.0.0.0 Safari/537.36', 'ip_address': '127.0.0.1', 'timestamp': '2025-11-23T11:32:50.479933'}
Traceback:
NoneType: None

==============================***=====================
2025-11-23 11:32:50 - hannariskpro - ERROR - Error en Endpoint: GET /api/auditoria (REQUEST) - Status: 200: NoneType - None


==============================***=====================
Timestamp: 2025-11-23 11:32:50
Contexto: Endpoint: GET /api/auditoria (RESPONSE) - Status: 200
Tipo de Error: NoneType
Mensaje: None
Información Adicional:
  endpoint: GET /api/auditoria
  method: RESPONSE
  status_code: 200
  request_data: {'method': 'GET', 'path': '/api/auditoria', 'status_code': 200, 'process_time': '0.0152s', 'ip_address': '127.0.0.1', 'timestamp': '2025-11-23T11:32:50.495162'}
Traceback:
NoneType: None

==============================***=====================
2025-11-23 11:32:50 - hannariskpro - ERROR - Error en Endpoint: GET /api/auditoria (RESPONSE) - Status: 200: NoneType - None


==============================***=====================
Timestamp: 2025-11-23 11:32:51
Contexto: Endpoint: GET /api/adjuntos (REQUEST) - Status: 200
Tipo de Error: NoneType
Mensaje: None
Información Adicional:
  endpoint: GET /api/adjuntos
  method: REQUEST
  status_code: 200
  request_data: {'method': 'GET', 'path': '/api/adjuntos', 'user_agent': 'Mozilla/5.0 (Windows NT 10.0; Win64; x64) AppleWebKit/537.36 (KHTML, like Gecko) Chrome/142.0.0.0 Safari/537.36', 'ip_address': '127.0.0.1', 'timestamp': '2025-11-23T11:32:51.483945'}
Traceback:
NoneType: None

==============================***=====================
2025-11-23 11:32:51 - hannariskpro - ERROR - Error en Endpoint: GET /api/adjuntos (REQUEST) - Status: 200: NoneType - None


==============================***=====================
Timestamp: 2025-11-23 11:32:51
Contexto: Endpoint: GET /api/adjuntos (RESPONSE) - Status: 200
Tipo de Error: NoneType
Mensaje: None
Información Adicional:
  endpoint: GET /api/adjuntos
  method: RESPONSE
  status_code: 200
  request_data: {'method': 'GET', 'path': '/api/adjuntos', 'status_code': 200, 'process_time': '0.0129s', 'ip_address': '127.0.0.1', 'timestamp': '2025-11-23T11:32:51.496802'}
Traceback:
NoneType: None

==============================***=====================
2025-11-23 11:32:51 - hannariskpro - ERROR - Error en Endpoint: GET /api/adjuntos (RESPONSE) - Status: 200: NoneType - None


==============================***=====================
Timestamp: 2025-11-23 11:34:28
Contexto: Endpoint: GET /api/me (REQUEST) - Status: 200
Tipo de Error: NoneType
Mensaje: None
Información Adicional:
  endpoint: GET /api/me
  method: REQUEST
  status_code: 200
  request_data: {'method': 'GET', 'path': '/api/me', 'user_agent': 'Mozilla/5.0 (Windows NT 10.0; Win64; x64) AppleWebKit/537.36 (KHTML, like Gecko) Chrome/142.0.0.0 Safari/537.36', 'ip_address': '127.0.0.1', 'timestamp': '2025-11-23T11:34:28.096958'}
Traceback:
NoneType: None

==============================***=====================
2025-11-23 11:34:28 - hannariskpro - ERROR - Error en Endpoint: GET /api/me (REQUEST) - Status: 200: NoneType - None


==============================***=====================
Timestamp: 2025-11-23 11:34:28
Contexto: Endpoint: GET /api/me (RESPONSE) - Status: 200
Tipo de Error: NoneType
Mensaje: None
Información Adicional:
  endpoint: GET /api/me
  method: RESPONSE
  status_code: 200
  request_data: {'method': 'GET', 'path': '/api/me', 'status_code': 200, 'process_time': '0.0094s', 'ip_address': '127.0.0.1', 'timestamp': '2025-11-23T11:34:28.106319'}
Traceback:
NoneType: None

==============================***=====================
2025-11-23 11:34:28 - hannariskpro - ERROR - Error en Endpoint: GET /api/me (RESPONSE) - Status: 200: NoneType - None


==============================***=====================
Timestamp: 2025-11-23 11:34:28
Contexto: Endpoint: GET /api/me (REQUEST) - Status: 200
Tipo de Error: NoneType
Mensaje: None
Información Adicional:
  endpoint: GET /api/me
  method: REQUEST
  status_code: 200
  request_data: {'method': 'GET', 'path': '/api/me', 'user_agent': 'Mozilla/5.0 (Windows NT 10.0; Win64; x64) AppleWebKit/537.36 (KHTML, like Gecko) Chrome/142.0.0.0 Safari/537.36', 'ip_address': '127.0.0.1', 'timestamp': '2025-11-23T11:34:28.112198'}
Traceback:
NoneType: None

==============================***=====================
2025-11-23 11:34:28 - hannariskpro - ERROR - Error en Endpoint: GET /api/me (REQUEST) - Status: 200: NoneType - None


==============================***=====================
Timestamp: 2025-11-23 11:34:28
Contexto: Endpoint: GET /api/me (RESPONSE) - Status: 200
Tipo de Error: NoneType
Mensaje: None
Información Adicional:
  endpoint: GET /api/me
  method: RESPONSE
  status_code: 200
  request_data: {'method': 'GET', 'path': '/api/me', 'status_code': 200, 'process_time': '0.0068s', 'ip_address': '127.0.0.1', 'timestamp': '2025-11-23T11:34:28.118973'}
Traceback:
NoneType: None

==============================***=====================
2025-11-23 11:34:28 - hannariskpro - ERROR - Error en Endpoint: GET /api/me (RESPONSE) - Status: 200: NoneType - None


==============================***=====================
Timestamp: 2025-11-23 11:34:40
Contexto: Endpoint: GET /api/me (REQUEST) - Status: 200
Tipo de Error: NoneType
Mensaje: None
Información Adicional:
  endpoint: GET /api/me
  method: REQUEST
  status_code: 200
  request_data: {'method': 'GET', 'path': '/api/me', 'user_agent': 'Mozilla/5.0 (Windows NT 10.0; Win64; x64) AppleWebKit/537.36 (KHTML, like Gecko) Chrome/142.0.0.0 Safari/537.36', 'ip_address': '127.0.0.1', 'timestamp': '2025-11-23T11:34:40.313589'}
Traceback:
NoneType: None

==============================***=====================
2025-11-23 11:34:40 - hannariskpro - ERROR - Error en Endpoint: GET /api/me (REQUEST) - Status: 200: NoneType - None


==============================***=====================
Timestamp: 2025-11-23 11:34:40
Contexto: Endpoint: GET /api/me (RESPONSE) - Status: 200
Tipo de Error: NoneType
Mensaje: None
Información Adicional:
  endpoint: GET /api/me
  method: RESPONSE
  status_code: 200
  request_data: {'method': 'GET', 'path': '/api/me', 'status_code': 200, 'process_time': '0.0100s', 'ip_address': '127.0.0.1', 'timestamp': '2025-11-23T11:34:40.323541'}
Traceback:
NoneType: None

==============================***=====================
2025-11-23 11:34:40 - hannariskpro - ERROR - Error en Endpoint: GET /api/me (RESPONSE) - Status: 200: NoneType - None


==============================***=====================
Timestamp: 2025-11-23 11:34:40
Contexto: Endpoint: GET /api/me (REQUEST) - Status: 200
Tipo de Error: NoneType
Mensaje: None
Información Adicional:
  endpoint: GET /api/me
  method: REQUEST
  status_code: 200
  request_data: {'method': 'GET', 'path': '/api/me', 'user_agent': 'Mozilla/5.0 (Windows NT 10.0; Win64; x64) AppleWebKit/537.36 (KHTML, like Gecko) Chrome/142.0.0.0 Safari/537.36', 'ip_address': '127.0.0.1', 'timestamp': '2025-11-23T11:34:40.345282'}
Traceback:
NoneType: None

==============================***=====================
2025-11-23 11:34:40 - hannariskpro - ERROR - Error en Endpoint: GET /api/me (REQUEST) - Status: 200: NoneType - None


==============================***=====================
Timestamp: 2025-11-23 11:34:40
Contexto: Endpoint: GET /api/me (RESPONSE) - Status: 200
Tipo de Error: NoneType
Mensaje: None
Información Adicional:
  endpoint: GET /api/me
  method: RESPONSE
  status_code: 200
  request_data: {'method': 'GET', 'path': '/api/me', 'status_code': 200, 'process_time': '0.0070s', 'ip_address': '127.0.0.1', 'timestamp': '2025-11-23T11:34:40.352237'}
Traceback:
NoneType: None

==============================***=====================
2025-11-23 11:34:40 - hannariskpro - ERROR - Error en Endpoint: GET /api/me (RESPONSE) - Status: 200: NoneType - None


==============================***=====================
Timestamp: 2025-11-23 11:34:45
Contexto: Endpoint: GET /api/empresas (REQUEST) - Status: 200
Tipo de Error: NoneType
Mensaje: None
Información Adicional:
  endpoint: GET /api/empresas
  method: REQUEST
  status_code: 200
  request_data: {'method': 'GET', 'path': '/api/empresas', 'user_agent': 'Mozilla/5.0 (Windows NT 10.0; Win64; x64) AppleWebKit/537.36 (KHTML, like Gecko) Chrome/142.0.0.0 Safari/537.36', 'ip_address': '127.0.0.1', 'timestamp': '2025-11-23T11:34:45.409401'}
Traceback:
NoneType: None

==============================***=====================
2025-11-23 11:34:45 - hannariskpro - ERROR - Error en Endpoint: GET /api/empresas (REQUEST) - Status: 200: NoneType - None


==============================***=====================
Timestamp: 2025-11-23 11:34:45
Contexto: Endpoint: GET /api/empresas (RESPONSE) - Status: 200
Tipo de Error: NoneType
Mensaje: None
Información Adicional:
  endpoint: GET /api/empresas
  method: RESPONSE
  status_code: 200
  request_data: {'method': 'GET', 'path': '/api/empresas', 'status_code': 200, 'process_time': '0.0146s', 'ip_address': '127.0.0.1', 'timestamp': '2025-11-23T11:34:45.424028'}
Traceback:
NoneType: None

==============================***=====================
2025-11-23 11:34:45 - hannariskpro - ERROR - Error en Endpoint: GET /api/empresas (RESPONSE) - Status: 200: NoneType - None


==============================***=====================
Timestamp: 2025-11-23 11:34:45
Contexto: Endpoint: GET /api/empresas (REQUEST) - Status: 200
Tipo de Error: NoneType
Mensaje: None
Información Adicional:
  endpoint: GET /api/empresas
  method: REQUEST
  status_code: 200
  request_data: {'method': 'GET', 'path': '/api/empresas', 'user_agent': 'Mozilla/5.0 (Windows NT 10.0; Win64; x64) AppleWebKit/537.36 (KHTML, like Gecko) Chrome/142.0.0.0 Safari/537.36', 'ip_address': '127.0.0.1', 'timestamp': '2025-11-23T11:34:45.430409'}
Traceback:
NoneType: None

==============================***=====================
2025-11-23 11:34:45 - hannariskpro - ERROR - Error en Endpoint: GET /api/empresas (REQUEST) - Status: 200: NoneType - None


==============================***=====================
Timestamp: 2025-11-23 11:34:45
Contexto: Endpoint: GET /api/empresas (RESPONSE) - Status: 200
Tipo de Error: NoneType
Mensaje: None
Información Adicional:
  endpoint: GET /api/empresas
  method: RESPONSE
  status_code: 200
  request_data: {'method': 'GET', 'path': '/api/empresas', 'status_code': 200, 'process_time': '0.0117s', 'ip_address': '127.0.0.1', 'timestamp': '2025-11-23T11:34:45.442079'}
Traceback:
NoneType: None

==============================***=====================
2025-11-23 11:34:45 - hannariskpro - ERROR - Error en Endpoint: GET /api/empresas (RESPONSE) - Status: 200: NoneType - None


==============================***=====================
Timestamp: 2025-11-23 11:37:17
Contexto: Endpoint: GET /api/dashboard/kpis (REQUEST) - Status: 200
Tipo de Error: NoneType
Mensaje: None
Información Adicional:
  endpoint: GET /api/dashboard/kpis
  method: REQUEST
  status_code: 200
  request_data: {'method': 'GET', 'path': '/api/dashboard/kpis', 'user_agent': 'curl/8.16.0', 'ip_address': '127.0.0.1', 'timestamp': '2025-11-23T11:37:17.297376'}
Traceback:
NoneType: None

==============================***=====================
2025-11-23 11:37:17 - hannariskpro - ERROR - Error en Endpoint: GET /api/dashboard/kpis (REQUEST) - Status: 200: NoneType - None


==============================***=====================
Timestamp: 2025-11-23 11:37:17
Contexto: Endpoint: GET /api/dashboard/kpis (RESPONSE) - Status: 200
Tipo de Error: NoneType
Mensaje: None
Información Adicional:
  endpoint: GET /api/dashboard/kpis
  method: RESPONSE
  status_code: 200
  request_data: {'method': 'GET', 'path': '/api/dashboard/kpis', 'status_code': 200, 'process_time': '0.0093s', 'ip_address': '127.0.0.1', 'timestamp': '2025-11-23T11:37:17.306682'}
Traceback:
NoneType: None

==============================***=====================
2025-11-23 11:37:17 - hannariskpro - ERROR - Error en Endpoint: GET /api/dashboard/kpis (RESPONSE) - Status: 200: NoneType - None


==============================***=====================
Timestamp: 2025-11-23 11:38:48
Contexto: Endpoint: GET /api/me (REQUEST) - Status: 200
Tipo de Error: NoneType
Mensaje: None
Información Adicional:
  endpoint: GET /api/me
  method: REQUEST
  status_code: 200
  request_data: {'method': 'GET', 'path': '/api/me', 'user_agent': 'Mozilla/5.0 (Windows NT 10.0; Win64; x64) AppleWebKit/537.36 (KHTML, like Gecko) Chrome/142.0.0.0 Safari/537.36', 'ip_address': '127.0.0.1', 'timestamp': '2025-11-23T11:38:48.001934'}
Traceback:
NoneType: None

==============================***=====================
2025-11-23 11:38:48 - hannariskpro - ERROR - Error en Endpoint: GET /api/me (REQUEST) - Status: 200: NoneType - None


==============================***=====================
Timestamp: 2025-11-23 11:38:48
Contexto: Endpoint: GET /api/me (RESPONSE) - Status: 200
Tipo de Error: NoneType
Mensaje: None
Información Adicional:
  endpoint: GET /api/me
  method: RESPONSE
  status_code: 200
  request_data: {'method': 'GET', 'path': '/api/me', 'status_code': 200, 'process_time': '0.0122s', 'ip_address': '127.0.0.1', 'timestamp': '2025-11-23T11:38:48.014181'}
Traceback:
NoneType: None

==============================***=====================
2025-11-23 11:38:48 - hannariskpro - ERROR - Error en Endpoint: GET /api/me (RESPONSE) - Status: 200: NoneType - None


==============================***=====================
Timestamp: 2025-11-23 11:38:48
Contexto: Endpoint: GET /api/me (REQUEST) - Status: 200
Tipo de Error: NoneType
Mensaje: None
Información Adicional:
  endpoint: GET /api/me
  method: REQUEST
  status_code: 200
  request_data: {'method': 'GET', 'path': '/api/me', 'user_agent': 'Mozilla/5.0 (Windows NT 10.0; Win64; x64) AppleWebKit/537.36 (KHTML, like Gecko) Chrome/142.0.0.0 Safari/537.36', 'ip_address': '127.0.0.1', 'timestamp': '2025-11-23T11:38:48.032812'}
Traceback:
NoneType: None

==============================***=====================
2025-11-23 11:38:48 - hannariskpro - ERROR - Error en Endpoint: GET /api/me (REQUEST) - Status: 200: NoneType - None


==============================***=====================
Timestamp: 2025-11-23 11:38:48
Contexto: Endpoint: GET /api/me (RESPONSE) - Status: 200
Tipo de Error: NoneType
Mensaje: None
Información Adicional:
  endpoint: GET /api/me
  method: RESPONSE
  status_code: 200
  request_data: {'method': 'GET', 'path': '/api/me', 'status_code': 200, 'process_time': '0.0071s', 'ip_address': '127.0.0.1', 'timestamp': '2025-11-23T11:38:48.039906'}
Traceback:
NoneType: None

==============================***=====================
2025-11-23 11:38:48 - hannariskpro - ERROR - Error en Endpoint: GET /api/me (RESPONSE) - Status: 200: NoneType - None


==============================***=====================
Timestamp: 2025-11-23 11:44:42
Contexto: Endpoint: GET /api/me (REQUEST) - Status: 200
Tipo de Error: NoneType
Mensaje: None
Información Adicional:
  endpoint: GET /api/me
  method: REQUEST
  status_code: 200
  request_data: {'method': 'GET', 'path': '/api/me', 'user_agent': 'Mozilla/5.0 (Windows NT 10.0; Win64; x64) AppleWebKit/537.36 (KHTML, like Gecko) Chrome/142.0.0.0 Safari/537.36', 'ip_address': '127.0.0.1', 'timestamp': '2025-11-23T11:44:42.880121'}
Traceback:
NoneType: None

==============================***=====================
2025-11-23 11:44:42 - hannariskpro - ERROR - Error en Endpoint: GET /api/me (REQUEST) - Status: 200: NoneType - None


==============================***=====================
Timestamp: 2025-11-23 11:44:42
Contexto: Endpoint: GET /api/me (RESPONSE) - Status: 200
Tipo de Error: NoneType
Mensaje: None
Información Adicional:
  endpoint: GET /api/me
  method: RESPONSE
  status_code: 200
  request_data: {'method': 'GET', 'path': '/api/me', 'status_code': 200, 'process_time': '0.0100s', 'ip_address': '127.0.0.1', 'timestamp': '2025-11-23T11:44:42.890154'}
Traceback:
NoneType: None

==============================***=====================
2025-11-23 11:44:42 - hannariskpro - ERROR - Error en Endpoint: GET /api/me (RESPONSE) - Status: 200: NoneType - None


==============================***=====================
Timestamp: 2025-11-23 11:44:42
Contexto: Endpoint: GET /api/me (REQUEST) - Status: 200
Tipo de Error: NoneType
Mensaje: None
Información Adicional:
  endpoint: GET /api/me
  method: REQUEST
  status_code: 200
  request_data: {'method': 'GET', 'path': '/api/me', 'user_agent': 'Mozilla/5.0 (Windows NT 10.0; Win64; x64) AppleWebKit/537.36 (KHTML, like Gecko) Chrome/142.0.0.0 Safari/537.36', 'ip_address': '127.0.0.1', 'timestamp': '2025-11-23T11:44:42.932195'}
Traceback:
NoneType: None

==============================***=====================
2025-11-23 11:44:42 - hannariskpro - ERROR - Error en Endpoint: GET /api/me (REQUEST) - Status: 200: NoneType - None


==============================***=====================
Timestamp: 2025-11-23 11:44:42
Contexto: Endpoint: GET /api/me (RESPONSE) - Status: 200
Tipo de Error: NoneType
Mensaje: None
Información Adicional:
  endpoint: GET /api/me
  method: RESPONSE
  status_code: 200
  request_data: {'method': 'GET', 'path': '/api/me', 'status_code': 200, 'process_time': '0.0078s', 'ip_address': '127.0.0.1', 'timestamp': '2025-11-23T11:44:42.939984'}
Traceback:
NoneType: None

==============================***=====================
2025-11-23 11:44:42 - hannariskpro - ERROR - Error en Endpoint: GET /api/me (RESPONSE) - Status: 200: NoneType - None


==============================***=====================
Timestamp: 2025-11-23 11:47:36
Contexto: Endpoint: GET /api/me (REQUEST) - Status: 200
Tipo de Error: NoneType
Mensaje: None
Información Adicional:
  endpoint: GET /api/me
  method: REQUEST
  status_code: 200
  request_data: {'method': 'GET', 'path': '/api/me', 'user_agent': 'Mozilla/5.0 (Windows NT 10.0; Win64; x64) AppleWebKit/537.36 (KHTML, like Gecko) Chrome/142.0.0.0 Safari/537.36', 'ip_address': '127.0.0.1', 'timestamp': '2025-11-23T11:47:36.577345'}
Traceback:
NoneType: None

==============================***=====================
2025-11-23 11:47:36 - hannariskpro - ERROR - Error en Endpoint: GET /api/me (REQUEST) - Status: 200: NoneType - None


==============================***=====================
Timestamp: 2025-11-23 11:47:36
Contexto: Endpoint: GET /api/me (RESPONSE) - Status: 200
Tipo de Error: NoneType
Mensaje: None
Información Adicional:
  endpoint: GET /api/me
  method: RESPONSE
  status_code: 200
  request_data: {'method': 'GET', 'path': '/api/me', 'status_code': 200, 'process_time': '0.0142s', 'ip_address': '127.0.0.1', 'timestamp': '2025-11-23T11:47:36.591585'}
Traceback:
NoneType: None

==============================***=====================
2025-11-23 11:47:36 - hannariskpro - ERROR - Error en Endpoint: GET /api/me (RESPONSE) - Status: 200: NoneType - None


==============================***=====================
Timestamp: 2025-11-23 11:47:36
Contexto: Endpoint: GET /api/me (REQUEST) - Status: 200
Tipo de Error: NoneType
Mensaje: None
Información Adicional:
  endpoint: GET /api/me
  method: REQUEST
  status_code: 200
  request_data: {'method': 'GET', 'path': '/api/me', 'user_agent': 'Mozilla/5.0 (Windows NT 10.0; Win64; x64) AppleWebKit/537.36 (KHTML, like Gecko) Chrome/142.0.0.0 Safari/537.36', 'ip_address': '127.0.0.1', 'timestamp': '2025-11-23T11:47:36.599958'}
Traceback:
NoneType: None

==============================***=====================
2025-11-23 11:47:36 - hannariskpro - ERROR - Error en Endpoint: GET /api/me (REQUEST) - Status: 200: NoneType - None


==============================***=====================
Timestamp: 2025-11-23 11:47:36
Contexto: Endpoint: GET /api/me (RESPONSE) - Status: 200
Tipo de Error: NoneType
Mensaje: None
Información Adicional:
  endpoint: GET /api/me
  method: RESPONSE
  status_code: 200
  request_data: {'method': 'GET', 'path': '/api/me', 'status_code': 200, 'process_time': '0.0072s', 'ip_address': '127.0.0.1', 'timestamp': '2025-11-23T11:47:36.607156'}
Traceback:
NoneType: None

==============================***=====================
2025-11-23 11:47:36 - hannariskpro - ERROR - Error en Endpoint: GET /api/me (RESPONSE) - Status: 200: NoneType - None


==============================***=====================
Timestamp: 2025-11-23 11:48:29
Contexto: Endpoint: GET /api/me (REQUEST) - Status: 200
Tipo de Error: NoneType
Mensaje: None
Información Adicional:
  endpoint: GET /api/me
  method: REQUEST
  status_code: 200
  request_data: {'method': 'GET', 'path': '/api/me', 'user_agent': 'Mozilla/5.0 (Windows NT 10.0; Win64; x64) AppleWebKit/537.36 (KHTML, like Gecko) Chrome/142.0.0.0 Safari/537.36', 'ip_address': '127.0.0.1', 'timestamp': '2025-11-23T11:48:29.285447'}
Traceback:
NoneType: None

==============================***=====================
2025-11-23 11:48:29 - hannariskpro - ERROR - Error en Endpoint: GET /api/me (REQUEST) - Status: 200: NoneType - None


==============================***=====================
Timestamp: 2025-11-23 11:48:29
Contexto: Endpoint: GET /api/me (RESPONSE) - Status: 200
Tipo de Error: NoneType
Mensaje: None
Información Adicional:
  endpoint: GET /api/me
  method: RESPONSE
  status_code: 200
  request_data: {'method': 'GET', 'path': '/api/me', 'status_code': 200, 'process_time': '0.0078s', 'ip_address': '127.0.0.1', 'timestamp': '2025-11-23T11:48:29.293225'}
Traceback:
NoneType: None

==============================***=====================
2025-11-23 11:48:29 - hannariskpro - ERROR - Error en Endpoint: GET /api/me (RESPONSE) - Status: 200: NoneType - None


==============================***=====================
Timestamp: 2025-11-23 11:48:29
Contexto: Endpoint: GET /api/me (REQUEST) - Status: 200
Tipo de Error: NoneType
Mensaje: None
Información Adicional:
  endpoint: GET /api/me
  method: REQUEST
  status_code: 200
  request_data: {'method': 'GET', 'path': '/api/me', 'user_agent': 'Mozilla/5.0 (Windows NT 10.0; Win64; x64) AppleWebKit/537.36 (KHTML, like Gecko) Chrome/142.0.0.0 Safari/537.36', 'ip_address': '127.0.0.1', 'timestamp': '2025-11-23T11:48:29.355079'}
Traceback:
NoneType: None

==============================***=====================
2025-11-23 11:48:29 - hannariskpro - ERROR - Error en Endpoint: GET /api/me (REQUEST) - Status: 200: NoneType - None


==============================***=====================
Timestamp: 2025-11-23 11:48:29
Contexto: Endpoint: GET /api/me (RESPONSE) - Status: 200
Tipo de Error: NoneType
Mensaje: None
Información Adicional:
  endpoint: GET /api/me
  method: RESPONSE
  status_code: 200
  request_data: {'method': 'GET', 'path': '/api/me', 'status_code': 200, 'process_time': '0.0083s', 'ip_address': '127.0.0.1', 'timestamp': '2025-11-23T11:48:29.363333'}
Traceback:
NoneType: None

==============================***=====================
2025-11-23 11:48:29 - hannariskpro - ERROR - Error en Endpoint: GET /api/me (RESPONSE) - Status: 200: NoneType - None


==============================***=====================
Timestamp: 2025-11-23 11:48:47
Contexto: Endpoint: GET /api/me (REQUEST) - Status: 200
Tipo de Error: NoneType
Mensaje: None
Información Adicional:
  endpoint: GET /api/me
  method: REQUEST
  status_code: 200
  request_data: {'method': 'GET', 'path': '/api/me', 'user_agent': 'Mozilla/5.0 (Windows NT 10.0; Win64; x64) AppleWebKit/537.36 (KHTML, like Gecko) Chrome/142.0.0.0 Safari/537.36', 'ip_address': '127.0.0.1', 'timestamp': '2025-11-23T11:48:47.527902'}
Traceback:
NoneType: None

==============================***=====================
2025-11-23 11:48:47 - hannariskpro - ERROR - Error en Endpoint: GET /api/me (REQUEST) - Status: 200: NoneType - None


==============================***=====================
Timestamp: 2025-11-23 11:48:47
Contexto: Endpoint: GET /api/me (RESPONSE) - Status: 200
Tipo de Error: NoneType
Mensaje: None
Información Adicional:
  endpoint: GET /api/me
  method: RESPONSE
  status_code: 200
  request_data: {'method': 'GET', 'path': '/api/me', 'status_code': 200, 'process_time': '0.0087s', 'ip_address': '127.0.0.1', 'timestamp': '2025-11-23T11:48:47.536638'}
Traceback:
NoneType: None

==============================***=====================
2025-11-23 11:48:47 - hannariskpro - ERROR - Error en Endpoint: GET /api/me (RESPONSE) - Status: 200: NoneType - None


==============================***=====================
Timestamp: 2025-11-23 11:48:47
Contexto: Endpoint: GET /api/me (REQUEST) - Status: 200
Tipo de Error: NoneType
Mensaje: None
Información Adicional:
  endpoint: GET /api/me
  method: REQUEST
  status_code: 200
  request_data: {'method': 'GET', 'path': '/api/me', 'user_agent': 'Mozilla/5.0 (Windows NT 10.0; Win64; x64) AppleWebKit/537.36 (KHTML, like Gecko) Chrome/142.0.0.0 Safari/537.36', 'ip_address': '127.0.0.1', 'timestamp': '2025-11-23T11:48:47.543151'}
Traceback:
NoneType: None

==============================***=====================
2025-11-23 11:48:47 - hannariskpro - ERROR - Error en Endpoint: GET /api/me (REQUEST) - Status: 200: NoneType - None


==============================***=====================
Timestamp: 2025-11-23 11:48:47
Contexto: Endpoint: GET /api/me (RESPONSE) - Status: 200
Tipo de Error: NoneType
Mensaje: None
Información Adicional:
  endpoint: GET /api/me
  method: RESPONSE
  status_code: 200
  request_data: {'method': 'GET', 'path': '/api/me', 'status_code': 200, 'process_time': '0.0083s', 'ip_address': '127.0.0.1', 'timestamp': '2025-11-23T11:48:47.551440'}
Traceback:
NoneType: None

==============================***=====================
2025-11-23 11:48:47 - hannariskpro - ERROR - Error en Endpoint: GET /api/me (RESPONSE) - Status: 200: NoneType - None


==============================***=====================
Timestamp: 2025-11-23 11:49:55
Contexto: Endpoint: GET /api/dashboard/kpis (REQUEST) - Status: 200
Tipo de Error: NoneType
Mensaje: None
Información Adicional:
  endpoint: GET /api/dashboard/kpis
  method: REQUEST
  status_code: 200
  request_data: {'method': 'GET', 'path': '/api/dashboard/kpis', 'user_agent': 'curl/8.16.0', 'ip_address': '127.0.0.1', 'timestamp': '2025-11-23T11:49:55.420812'}
Traceback:
NoneType: None

==============================***=====================
2025-11-23 11:49:55 - hannariskpro - ERROR - Error en Endpoint: GET /api/dashboard/kpis (REQUEST) - Status: 200: NoneType - None


==============================***=====================
Timestamp: 2025-11-23 11:49:55
Contexto: Endpoint: GET /api/dashboard/kpis (RESPONSE) - Status: 200
Tipo de Error: NoneType
Mensaje: None
Información Adicional:
  endpoint: GET /api/dashboard/kpis
  method: RESPONSE
  status_code: 200
  request_data: {'method': 'GET', 'path': '/api/dashboard/kpis', 'status_code': 200, 'process_time': '0.0109s', 'ip_address': '127.0.0.1', 'timestamp': '2025-11-23T11:49:55.431692'}
Traceback:
NoneType: None

==============================***=====================
2025-11-23 11:49:55 - hannariskpro - ERROR - Error en Endpoint: GET /api/dashboard/kpis (RESPONSE) - Status: 200: NoneType - None


==============================***=====================
Timestamp: 2025-11-23 11:51:30
Contexto: Endpoint: GET /api/empresas (REQUEST) - Status: 200
Tipo de Error: NoneType
Mensaje: None
Información Adicional:
  endpoint: GET /api/empresas
  method: REQUEST
  status_code: 200
  request_data: {'method': 'GET', 'path': '/api/empresas', 'user_agent': 'Mozilla/5.0 (Windows NT 10.0; Win64; x64) AppleWebKit/537.36 (KHTML, like Gecko) Chrome/142.0.0.0 Safari/537.36', 'ip_address': '127.0.0.1', 'timestamp': '2025-11-23T11:51:30.664116'}
Traceback:
NoneType: None

==============================***=====================
2025-11-23 11:51:30 - hannariskpro - ERROR - Error en Endpoint: GET /api/empresas (REQUEST) - Status: 200: NoneType - None


==============================***=====================
Timestamp: 2025-11-23 11:51:30
Contexto: Endpoint: GET /api/empresas (RESPONSE) - Status: 200
Tipo de Error: NoneType
Mensaje: None
Información Adicional:
  endpoint: GET /api/empresas
  method: RESPONSE
  status_code: 200
  request_data: {'method': 'GET', 'path': '/api/empresas', 'status_code': 200, 'process_time': '0.0130s', 'ip_address': '127.0.0.1', 'timestamp': '2025-11-23T11:51:30.677116'}
Traceback:
NoneType: None

==============================***=====================
2025-11-23 11:51:30 - hannariskpro - ERROR - Error en Endpoint: GET /api/empresas (RESPONSE) - Status: 200: NoneType - None


==============================***=====================
Timestamp: 2025-11-23 11:51:30
Contexto: Endpoint: GET /api/empresas (REQUEST) - Status: 200
Tipo de Error: NoneType
Mensaje: None
Información Adicional:
  endpoint: GET /api/empresas
  method: REQUEST
  status_code: 200
  request_data: {'method': 'GET', 'path': '/api/empresas', 'user_agent': 'Mozilla/5.0 (Windows NT 10.0; Win64; x64) AppleWebKit/537.36 (KHTML, like Gecko) Chrome/142.0.0.0 Safari/537.36', 'ip_address': '127.0.0.1', 'timestamp': '2025-11-23T11:51:30.681633'}
Traceback:
NoneType: None

==============================***=====================
2025-11-23 11:51:30 - hannariskpro - ERROR - Error en Endpoint: GET /api/empresas (REQUEST) - Status: 200: NoneType - None


==============================***=====================
Timestamp: 2025-11-23 11:51:30
Contexto: Endpoint: GET /api/empresas (RESPONSE) - Status: 200
Tipo de Error: NoneType
Mensaje: None
Información Adicional:
  endpoint: GET /api/empresas
  method: RESPONSE
  status_code: 200
  request_data: {'method': 'GET', 'path': '/api/empresas', 'status_code': 200, 'process_time': '0.0103s', 'ip_address': '127.0.0.1', 'timestamp': '2025-11-23T11:51:30.691946'}
Traceback:
NoneType: None

==============================***=====================
2025-11-23 11:51:30 - hannariskpro - ERROR - Error en Endpoint: GET /api/empresas (RESPONSE) - Status: 200: NoneType - None


==============================***=====================
Timestamp: 2025-11-23 11:51:45
Contexto: Endpoint: GET /api/me (REQUEST) - Status: 200
Tipo de Error: NoneType
Mensaje: None
Información Adicional:
  endpoint: GET /api/me
  method: REQUEST
  status_code: 200
  request_data: {'method': 'GET', 'path': '/api/me', 'user_agent': 'Mozilla/5.0 (Windows NT 10.0; Win64; x64) AppleWebKit/537.36 (KHTML, like Gecko) Chrome/142.0.0.0 Safari/537.36', 'ip_address': '127.0.0.1', 'timestamp': '2025-11-23T11:51:45.337284'}
Traceback:
NoneType: None

==============================***=====================
2025-11-23 11:51:45 - hannariskpro - ERROR - Error en Endpoint: GET /api/me (REQUEST) - Status: 200: NoneType - None


==============================***=====================
Timestamp: 2025-11-23 11:51:45
Contexto: Endpoint: GET /api/me (RESPONSE) - Status: 200
Tipo de Error: NoneType
Mensaje: None
Información Adicional:
  endpoint: GET /api/me
  method: RESPONSE
  status_code: 200
  request_data: {'method': 'GET', 'path': '/api/me', 'status_code': 200, 'process_time': '0.0076s', 'ip_address': '127.0.0.1', 'timestamp': '2025-11-23T11:51:45.344911'}
Traceback:
NoneType: None

==============================***=====================
2025-11-23 11:51:45 - hannariskpro - ERROR - Error en Endpoint: GET /api/me (RESPONSE) - Status: 200: NoneType - None


==============================***=====================
Timestamp: 2025-11-23 11:51:45
Contexto: Endpoint: GET /api/me (REQUEST) - Status: 200
Tipo de Error: NoneType
Mensaje: None
Información Adicional:
  endpoint: GET /api/me
  method: REQUEST
  status_code: 200
  request_data: {'method': 'GET', 'path': '/api/me', 'user_agent': 'Mozilla/5.0 (Windows NT 10.0; Win64; x64) AppleWebKit/537.36 (KHTML, like Gecko) Chrome/142.0.0.0 Safari/537.36', 'ip_address': '127.0.0.1', 'timestamp': '2025-11-23T11:51:45.351817'}
Traceback:
NoneType: None

==============================***=====================
2025-11-23 11:51:45 - hannariskpro - ERROR - Error en Endpoint: GET /api/me (REQUEST) - Status: 200: NoneType - None


==============================***=====================
Timestamp: 2025-11-23 11:51:45
Contexto: Endpoint: GET /api/me (RESPONSE) - Status: 200
Tipo de Error: NoneType
Mensaje: None
Información Adicional:
  endpoint: GET /api/me
  method: RESPONSE
  status_code: 200
  request_data: {'method': 'GET', 'path': '/api/me', 'status_code': 200, 'process_time': '0.0084s', 'ip_address': '127.0.0.1', 'timestamp': '2025-11-23T11:51:45.360202'}
Traceback:
NoneType: None

==============================***=====================
2025-11-23 11:51:45 - hannariskpro - ERROR - Error en Endpoint: GET /api/me (RESPONSE) - Status: 200: NoneType - None


==============================***=====================
Timestamp: 2025-11-23 11:51:59
Contexto: Endpoint: GET /api/empresas (REQUEST) - Status: 200
Tipo de Error: NoneType
Mensaje: None
Información Adicional:
  endpoint: GET /api/empresas
  method: REQUEST
  status_code: 200
  request_data: {'method': 'GET', 'path': '/api/empresas', 'user_agent': 'Mozilla/5.0 (Windows NT 10.0; Win64; x64) AppleWebKit/537.36 (KHTML, like Gecko) Chrome/142.0.0.0 Safari/537.36', 'ip_address': '127.0.0.1', 'timestamp': '2025-11-23T11:51:59.002251'}
Traceback:
NoneType: None

==============================***=====================
2025-11-23 11:51:59 - hannariskpro - ERROR - Error en Endpoint: GET /api/empresas (REQUEST) - Status: 200: NoneType - None


==============================***=====================
Timestamp: 2025-11-23 11:51:59
Contexto: Endpoint: GET /api/empresas (RESPONSE) - Status: 200
Tipo de Error: NoneType
Mensaje: None
Información Adicional:
  endpoint: GET /api/empresas
  method: RESPONSE
  status_code: 200
  request_data: {'method': 'GET', 'path': '/api/empresas', 'status_code': 200, 'process_time': '0.0115s', 'ip_address': '127.0.0.1', 'timestamp': '2025-11-23T11:51:59.015032'}
Traceback:
NoneType: None

==============================***=====================
2025-11-23 11:51:59 - hannariskpro - ERROR - Error en Endpoint: GET /api/empresas (RESPONSE) - Status: 200: NoneType - None


==============================***=====================
Timestamp: 2025-11-23 11:51:59
Contexto: Endpoint: GET /api/empresas (REQUEST) - Status: 200
Tipo de Error: NoneType
Mensaje: None
Información Adicional:
  endpoint: GET /api/empresas
  method: REQUEST
  status_code: 200
  request_data: {'method': 'GET', 'path': '/api/empresas', 'user_agent': 'Mozilla/5.0 (Windows NT 10.0; Win64; x64) AppleWebKit/537.36 (KHTML, like Gecko) Chrome/142.0.0.0 Safari/537.36', 'ip_address': '127.0.0.1', 'timestamp': '2025-11-23T11:51:59.019787'}
Traceback:
NoneType: None

==============================***=====================
2025-11-23 11:51:59 - hannariskpro - ERROR - Error en Endpoint: GET /api/empresas (REQUEST) - Status: 200: NoneType - None


==============================***=====================
Timestamp: 2025-11-23 11:51:59
Contexto: Endpoint: GET /api/empresas (RESPONSE) - Status: 200
Tipo de Error: NoneType
Mensaje: None
Información Adicional:
  endpoint: GET /api/empresas
  method: RESPONSE
  status_code: 200
  request_data: {'method': 'GET', 'path': '/api/empresas', 'status_code': 200, 'process_time': '0.0104s', 'ip_address': '127.0.0.1', 'timestamp': '2025-11-23T11:51:59.030188'}
Traceback:
NoneType: None

==============================***=====================
2025-11-23 11:51:59 - hannariskpro - ERROR - Error en Endpoint: GET /api/empresas (RESPONSE) - Status: 200: NoneType - None


==============================***=====================
Timestamp: 2025-11-23 11:52:01
Contexto: Endpoint: GET /api/me (REQUEST) - Status: 200
Tipo de Error: NoneType
Mensaje: None
Información Adicional:
  endpoint: GET /api/me
  method: REQUEST
  status_code: 200
  request_data: {'method': 'GET', 'path': '/api/me', 'user_agent': 'Mozilla/5.0 (Windows NT 10.0; Win64; x64) AppleWebKit/537.36 (KHTML, like Gecko) Chrome/142.0.0.0 Safari/537.36', 'ip_address': '127.0.0.1', 'timestamp': '2025-11-23T11:52:01.964046'}
Traceback:
NoneType: None

==============================***=====================
2025-11-23 11:52:01 - hannariskpro - ERROR - Error en Endpoint: GET /api/me (REQUEST) - Status: 200: NoneType - None


==============================***=====================
Timestamp: 2025-11-23 11:52:01
Contexto: Endpoint: GET /api/me (RESPONSE) - Status: 200
Tipo de Error: NoneType
Mensaje: None
Información Adicional:
  endpoint: GET /api/me
  method: RESPONSE
  status_code: 200
  request_data: {'method': 'GET', 'path': '/api/me', 'status_code': 200, 'process_time': '0.0068s', 'ip_address': '127.0.0.1', 'timestamp': '2025-11-23T11:52:01.970858'}
Traceback:
NoneType: None

==============================***=====================
2025-11-23 11:52:01 - hannariskpro - ERROR - Error en Endpoint: GET /api/me (RESPONSE) - Status: 200: NoneType - None


==============================***=====================
Timestamp: 2025-11-23 11:52:01
Contexto: Endpoint: GET /api/me (REQUEST) - Status: 200
Tipo de Error: NoneType
Mensaje: None
Información Adicional:
  endpoint: GET /api/me
  method: REQUEST
  status_code: 200
  request_data: {'method': 'GET', 'path': '/api/me', 'user_agent': 'Mozilla/5.0 (Windows NT 10.0; Win64; x64) AppleWebKit/537.36 (KHTML, like Gecko) Chrome/142.0.0.0 Safari/537.36', 'ip_address': '127.0.0.1', 'timestamp': '2025-11-23T11:52:01.979049'}
Traceback:
NoneType: None

==============================***=====================
2025-11-23 11:52:01 - hannariskpro - ERROR - Error en Endpoint: GET /api/me (REQUEST) - Status: 200: NoneType - None


==============================***=====================
Timestamp: 2025-11-23 11:52:01
Contexto: Endpoint: GET /api/me (RESPONSE) - Status: 200
Tipo de Error: NoneType
Mensaje: None
Información Adicional:
  endpoint: GET /api/me
  method: RESPONSE
  status_code: 200
  request_data: {'method': 'GET', 'path': '/api/me', 'status_code': 200, 'process_time': '0.0081s', 'ip_address': '127.0.0.1', 'timestamp': '2025-11-23T11:52:01.987149'}
Traceback:
NoneType: None

==============================***=====================
2025-11-23 11:52:01 - hannariskpro - ERROR - Error en Endpoint: GET /api/me (RESPONSE) - Status: 200: NoneType - None


==============================***=====================
Timestamp: 2025-11-23 11:52:55
Contexto: Endpoint: GET /api/empresas (REQUEST) - Status: 200
Tipo de Error: NoneType
Mensaje: None
Información Adicional:
  endpoint: GET /api/empresas
  method: REQUEST
  status_code: 200
  request_data: {'method': 'GET', 'path': '/api/empresas', 'user_agent': 'Mozilla/5.0 (Windows NT 10.0; Win64; x64) AppleWebKit/537.36 (KHTML, like Gecko) Chrome/142.0.0.0 Safari/537.36', 'ip_address': '127.0.0.1', 'timestamp': '2025-11-23T11:52:55.765772'}
Traceback:
NoneType: None

==============================***=====================
2025-11-23 11:52:55 - hannariskpro - ERROR - Error en Endpoint: GET /api/empresas (REQUEST) - Status: 200: NoneType - None


==============================***=====================
Timestamp: 2025-11-23 11:52:55
Contexto: Endpoint: GET /api/empresas (RESPONSE) - Status: 200
Tipo de Error: NoneType
Mensaje: None
Información Adicional:
  endpoint: GET /api/empresas
  method: RESPONSE
  status_code: 200
  request_data: {'method': 'GET', 'path': '/api/empresas', 'status_code': 200, 'process_time': '0.0110s', 'ip_address': '127.0.0.1', 'timestamp': '2025-11-23T11:52:55.776733'}
Traceback:
NoneType: None

==============================***=====================
2025-11-23 11:52:55 - hannariskpro - ERROR - Error en Endpoint: GET /api/empresas (RESPONSE) - Status: 200: NoneType - None


==============================***=====================
Timestamp: 2025-11-23 11:52:55
Contexto: Endpoint: GET /api/empresas (REQUEST) - Status: 200
Tipo de Error: NoneType
Mensaje: None
Información Adicional:
  endpoint: GET /api/empresas
  method: REQUEST
  status_code: 200
  request_data: {'method': 'GET', 'path': '/api/empresas', 'user_agent': 'Mozilla/5.0 (Windows NT 10.0; Win64; x64) AppleWebKit/537.36 (KHTML, like Gecko) Chrome/142.0.0.0 Safari/537.36', 'ip_address': '127.0.0.1', 'timestamp': '2025-11-23T11:52:55.782333'}
Traceback:
NoneType: None

==============================***=====================
2025-11-23 11:52:55 - hannariskpro - ERROR - Error en Endpoint: GET /api/empresas (REQUEST) - Status: 200: NoneType - None


==============================***=====================
Timestamp: 2025-11-23 11:52:55
Contexto: Endpoint: GET /api/empresas (RESPONSE) - Status: 200
Tipo de Error: NoneType
Mensaje: None
Información Adicional:
  endpoint: GET /api/empresas
  method: RESPONSE
  status_code: 200
  request_data: {'method': 'GET', 'path': '/api/empresas', 'status_code': 200, 'process_time': '0.0110s', 'ip_address': '127.0.0.1', 'timestamp': '2025-11-23T11:52:55.793365'}
Traceback:
NoneType: None

==============================***=====================
2025-11-23 11:52:55 - hannariskpro - ERROR - Error en Endpoint: GET /api/empresas (RESPONSE) - Status: 200: NoneType - None


==============================***=====================
Timestamp: 2025-11-23 11:54:17
Contexto: Endpoint: GET /api/me (REQUEST) - Status: 200
Tipo de Error: NoneType
Mensaje: None
Información Adicional:
  endpoint: GET /api/me
  method: REQUEST
  status_code: 200
  request_data: {'method': 'GET', 'path': '/api/me', 'user_agent': 'Mozilla/5.0 (Windows NT 10.0; Win64; x64) AppleWebKit/537.36 (KHTML, like Gecko) Chrome/142.0.0.0 Safari/537.36', 'ip_address': '127.0.0.1', 'timestamp': '2025-11-23T11:54:17.313739'}
Traceback:
NoneType: None

==============================***=====================
2025-11-23 11:54:17 - hannariskpro - ERROR - Error en Endpoint: GET /api/me (REQUEST) - Status: 200: NoneType - None


==============================***=====================
Timestamp: 2025-11-23 11:54:17
Contexto: Endpoint: GET /api/me (RESPONSE) - Status: 200
Tipo de Error: NoneType
Mensaje: None
Información Adicional:
  endpoint: GET /api/me
  method: RESPONSE
  status_code: 200
  request_data: {'method': 'GET', 'path': '/api/me', 'status_code': 200, 'process_time': '0.0218s', 'ip_address': '127.0.0.1', 'timestamp': '2025-11-23T11:54:17.335579'}
Traceback:
NoneType: None

==============================***=====================
2025-11-23 11:54:17 - hannariskpro - ERROR - Error en Endpoint: GET /api/me (RESPONSE) - Status: 200: NoneType - None


==============================***=====================
Timestamp: 2025-11-23 11:54:17
Contexto: Endpoint: GET /api/dashboard/risk_matrix (REQUEST) - Status: 200
Tipo de Error: NoneType
Mensaje: None
Información Adicional:
  endpoint: GET /api/dashboard/risk_matrix
  method: REQUEST
  status_code: 200
  request_data: {'method': 'GET', 'path': '/api/dashboard/risk_matrix', 'user_agent': 'Mozilla/5.0 (Windows NT 10.0; Win64; x64) AppleWebKit/537.36 (KHTML, like Gecko) Chrome/142.0.0.0 Safari/537.36', 'ip_address': '127.0.0.1', 'timestamp': '2025-11-23T11:54:17.342114'}
Traceback:
NoneType: None

==============================***=====================
2025-11-23 11:54:17 - hannariskpro - ERROR - Error en Endpoint: GET /api/dashboard/risk_matrix (REQUEST) - Status: 200: NoneType - None


==============================***=====================
Timestamp: 2025-11-23 11:54:17
Contexto: Endpoint: GET /api/dashboard/by_level (REQUEST) - Status: 200
Tipo de Error: NoneType
Mensaje: None
Información Adicional:
  endpoint: GET /api/dashboard/by_level
  method: REQUEST
  status_code: 200
  request_data: {'method': 'GET', 'path': '/api/dashboard/by_level', 'user_agent': 'Mozilla/5.0 (Windows NT 10.0; Win64; x64) AppleWebKit/537.36 (KHTML, like Gecko) Chrome/142.0.0.0 Safari/537.36', 'ip_address': '127.0.0.1', 'timestamp': '2025-11-23T11:54:17.344118'}
Traceback:
NoneType: None

==============================***=====================
2025-11-23 11:54:17 - hannariskpro - ERROR - Error en Endpoint: GET /api/dashboard/by_level (REQUEST) - Status: 200: NoneType - None


==============================***=====================
Timestamp: 2025-11-23 11:54:17
Contexto: Endpoint: GET /api/dashboard/kpis (REQUEST) - Status: 200
Tipo de Error: NoneType
Mensaje: None
Información Adicional:
  endpoint: GET /api/dashboard/kpis
  method: REQUEST
  status_code: 200
  request_data: {'method': 'GET', 'path': '/api/dashboard/kpis', 'user_agent': 'Mozilla/5.0 (Windows NT 10.0; Win64; x64) AppleWebKit/537.36 (KHTML, like Gecko) Chrome/142.0.0.0 Safari/537.36', 'ip_address': '127.0.0.1', 'timestamp': '2025-11-23T11:54:17.346964'}
Traceback:
NoneType: None

==============================***=====================
2025-11-23 11:54:17 - hannariskpro - ERROR - Error en Endpoint: GET /api/dashboard/kpis (REQUEST) - Status: 200: NoneType - None


==============================***=====================
Timestamp: 2025-11-23 11:54:17
Contexto: Endpoint: GET /api/dashboard/actions_critical (REQUEST) - Status: 200
Tipo de Error: NoneType
Mensaje: None
Información Adicional:
  endpoint: GET /api/dashboard/actions_critical
  method: REQUEST
  status_code: 200
  request_data: {'method': 'GET', 'path': '/api/dashboard/actions_critical', 'user_agent': 'Mozilla/5.0 (Windows NT 10.0; Win64; x64) AppleWebKit/537.36 (KHTML, like Gecko) Chrome/142.0.0.0 Safari/537.36', 'ip_address': '127.0.0.1', 'timestamp': '2025-11-23T11:54:17.350940'}
Traceback:
NoneType: None

==============================***=====================
2025-11-23 11:54:17 - hannariskpro - ERROR - Error en Endpoint: GET /api/dashboard/actions_critical (REQUEST) - Status: 200: NoneType - None


==============================***=====================
Timestamp: 2025-11-23 11:54:17
Contexto: Endpoint: GET /api/dashboard/by_location (REQUEST) - Status: 200
Tipo de Error: NoneType
Mensaje: None
Información Adicional:
  endpoint: GET /api/dashboard/by_location
  method: REQUEST
  status_code: 200
  request_data: {'method': 'GET', 'path': '/api/dashboard/by_location', 'user_agent': 'Mozilla/5.0 (Windows NT 10.0; Win64; x64) AppleWebKit/537.36 (KHTML, like Gecko) Chrome/142.0.0.0 Safari/537.36', 'ip_address': '127.0.0.1', 'timestamp': '2025-11-23T11:54:17.351996'}
Traceback:
NoneType: None

==============================***=====================
2025-11-23 11:54:17 - hannariskpro - ERROR - Error en Endpoint: GET /api/dashboard/by_location (REQUEST) - Status: 200: NoneType - None


==============================***=====================
Timestamp: 2025-11-23 11:54:17
Contexto: Endpoint: GET /api/dashboard/activity (REQUEST) - Status: 200
Tipo de Error: NoneType
Mensaje: None
Información Adicional:
  endpoint: GET /api/dashboard/activity
  method: REQUEST
  status_code: 200
  request_data: {'method': 'GET', 'path': '/api/dashboard/activity', 'user_agent': 'Mozilla/5.0 (Windows NT 10.0; Win64; x64) AppleWebKit/537.36 (KHTML, like Gecko) Chrome/142.0.0.0 Safari/537.36', 'ip_address': '127.0.0.1', 'timestamp': '2025-11-23T11:54:17.365370'}
Traceback:
NoneType: None

==============================***=====================
2025-11-23 11:54:17 - hannariskpro - ERROR - Error en Endpoint: GET /api/dashboard/activity (REQUEST) - Status: 200: NoneType - None


==============================***=====================
Timestamp: 2025-11-23 11:54:17
Contexto: Endpoint: GET /api/dashboard/risk_matrix (RESPONSE) - Status: 200
Tipo de Error: NoneType
Mensaje: None
Información Adicional:
  endpoint: GET /api/dashboard/risk_matrix
  method: RESPONSE
  status_code: 200
  request_data: {'method': 'GET', 'path': '/api/dashboard/risk_matrix', 'status_code': 200, 'process_time': '0.0374s', 'ip_address': '127.0.0.1', 'timestamp': '2025-11-23T11:54:17.379519'}
Traceback:
NoneType: None

==============================***=====================
2025-11-23 11:54:17 - hannariskpro - ERROR - Error en Endpoint: GET /api/dashboard/risk_matrix (RESPONSE) - Status: 200: NoneType - None


==============================***=====================
Timestamp: 2025-11-23 11:54:17
Contexto: Endpoint: GET /api/dashboard/actions_critical (RESPONSE) - Status: 200
Tipo de Error: NoneType
Mensaje: None
Información Adicional:
  endpoint: GET /api/dashboard/actions_critical
  method: RESPONSE
  status_code: 200
  request_data: {'method': 'GET', 'path': '/api/dashboard/actions_critical', 'status_code': 200, 'process_time': '0.0319s', 'ip_address': '127.0.0.1', 'timestamp': '2025-11-23T11:54:17.382877'}
Traceback:
NoneType: None

==============================***=====================
2025-11-23 11:54:17 - hannariskpro - ERROR - Error en Endpoint: GET /api/dashboard/actions_critical (RESPONSE) - Status: 200: NoneType - None


==============================***=====================
Timestamp: 2025-11-23 11:54:17
Contexto: Endpoint: GET /api/dashboard/by_level (RESPONSE) - Status: 200
Tipo de Error: NoneType
Mensaje: None
Información Adicional:
  endpoint: GET /api/dashboard/by_level
  method: RESPONSE
  status_code: 200
  request_data: {'method': 'GET', 'path': '/api/dashboard/by_level', 'status_code': 200, 'process_time': '0.0413s', 'ip_address': '127.0.0.1', 'timestamp': '2025-11-23T11:54:17.385382'}
Traceback:
NoneType: None

==============================***=====================
2025-11-23 11:54:17 - hannariskpro - ERROR - Error en Endpoint: GET /api/dashboard/by_level (RESPONSE) - Status: 200: NoneType - None


==============================***=====================
Timestamp: 2025-11-23 11:54:17
Contexto: Endpoint: GET /api/dashboard/by_location (RESPONSE) - Status: 200
Tipo de Error: NoneType
Mensaje: None
Información Adicional:
  endpoint: GET /api/dashboard/by_location
  method: RESPONSE
  status_code: 200
  request_data: {'method': 'GET', 'path': '/api/dashboard/by_location', 'status_code': 200, 'process_time': '0.0347s', 'ip_address': '127.0.0.1', 'timestamp': '2025-11-23T11:54:17.386658'}
Traceback:
NoneType: None

==============================***=====================
2025-11-23 11:54:17 - hannariskpro - ERROR - Error en Endpoint: GET /api/dashboard/by_location (RESPONSE) - Status: 200: NoneType - None


==============================***=====================
Timestamp: 2025-11-23 11:54:17
Contexto: Endpoint: GET /api/dashboard/activity (RESPONSE) - Status: 200
Tipo de Error: NoneType
Mensaje: None
Información Adicional:
  endpoint: GET /api/dashboard/activity
  method: RESPONSE
  status_code: 200
  request_data: {'method': 'GET', 'path': '/api/dashboard/activity', 'status_code': 200, 'process_time': '0.0281s', 'ip_address': '127.0.0.1', 'timestamp': '2025-11-23T11:54:17.393445'}
Traceback:
NoneType: None

==============================***=====================
2025-11-23 11:54:17 - hannariskpro - ERROR - Error en Endpoint: GET /api/dashboard/activity (RESPONSE) - Status: 200: NoneType - None


==============================***=====================
Timestamp: 2025-11-23 11:54:17
Contexto: Endpoint: GET /api/dashboard/kpis (RESPONSE) - Status: 200
Tipo de Error: NoneType
Mensaje: None
Información Adicional:
  endpoint: GET /api/dashboard/kpis
  method: RESPONSE
  status_code: 200
  request_data: {'method': 'GET', 'path': '/api/dashboard/kpis', 'status_code': 200, 'process_time': '0.0465s', 'ip_address': '127.0.0.1', 'timestamp': '2025-11-23T11:54:17.393445'}
Traceback:
NoneType: None

==============================***=====================
2025-11-23 11:54:17 - hannariskpro - ERROR - Error en Endpoint: GET /api/dashboard/kpis (RESPONSE) - Status: 200: NoneType - None


==============================***=====================
Timestamp: 2025-11-23 11:54:17
Contexto: Endpoint: GET /api/dashboard/trends (REQUEST) - Status: 200
Tipo de Error: NoneType
Mensaje: None
Información Adicional:
  endpoint: GET /api/dashboard/trends
  method: REQUEST
  status_code: 200
  request_data: {'method': 'GET', 'path': '/api/dashboard/trends', 'user_agent': 'Mozilla/5.0 (Windows NT 10.0; Win64; x64) AppleWebKit/537.36 (KHTML, like Gecko) Chrome/142.0.0.0 Safari/537.36', 'ip_address': '127.0.0.1', 'timestamp': '2025-11-23T11:54:17.398472'}
Traceback:
NoneType: None

==============================***=====================
2025-11-23 11:54:17 - hannariskpro - ERROR - Error en Endpoint: GET /api/dashboard/trends (REQUEST) - Status: 200: NoneType - None


==============================***=====================
Timestamp: 2025-11-23 11:54:17
Contexto: Endpoint: GET /api/me (REQUEST) - Status: 200
Tipo de Error: NoneType
Mensaje: None
Información Adicional:
  endpoint: GET /api/me
  method: REQUEST
  status_code: 200
  request_data: {'method': 'GET', 'path': '/api/me', 'user_agent': 'Mozilla/5.0 (Windows NT 10.0; Win64; x64) AppleWebKit/537.36 (KHTML, like Gecko) Chrome/142.0.0.0 Safari/537.36', 'ip_address': '127.0.0.1', 'timestamp': '2025-11-23T11:54:17.402528'}
Traceback:
NoneType: None

==============================***=====================
2025-11-23 11:54:17 - hannariskpro - ERROR - Error en Endpoint: GET /api/me (REQUEST) - Status: 200: NoneType - None


==============================***=====================
Timestamp: 2025-11-23 11:54:17
Contexto: Endpoint: GET /api/dashboard/risk_matrix (REQUEST) - Status: 200
Tipo de Error: NoneType
Mensaje: None
Información Adicional:
  endpoint: GET /api/dashboard/risk_matrix
  method: REQUEST
  status_code: 200
  request_data: {'method': 'GET', 'path': '/api/dashboard/risk_matrix', 'user_agent': 'Mozilla/5.0 (Windows NT 10.0; Win64; x64) AppleWebKit/537.36 (KHTML, like Gecko) Chrome/142.0.0.0 Safari/537.36', 'ip_address': '127.0.0.1', 'timestamp': '2025-11-23T11:54:17.404766'}
Traceback:
NoneType: None

==============================***=====================
2025-11-23 11:54:17 - hannariskpro - ERROR - Error en Endpoint: GET /api/dashboard/risk_matrix (REQUEST) - Status: 200: NoneType - None


==============================***=====================
Timestamp: 2025-11-23 11:54:17
Contexto: Endpoint: GET /api/dashboard/actions_critical (REQUEST) - Status: 200
Tipo de Error: NoneType
Mensaje: None
Información Adicional:
  endpoint: GET /api/dashboard/actions_critical
  method: REQUEST
  status_code: 200
  request_data: {'method': 'GET', 'path': '/api/dashboard/actions_critical', 'user_agent': 'Mozilla/5.0 (Windows NT 10.0; Win64; x64) AppleWebKit/537.36 (KHTML, like Gecko) Chrome/142.0.0.0 Safari/537.36', 'ip_address': '127.0.0.1', 'timestamp': '2025-11-23T11:54:17.408145'}
Traceback:
NoneType: None

==============================***=====================
2025-11-23 11:54:17 - hannariskpro - ERROR - Error en Endpoint: GET /api/dashboard/actions_critical (REQUEST) - Status: 200: NoneType - None


==============================***=====================
Timestamp: 2025-11-23 11:54:17
Contexto: Endpoint: GET /api/dashboard/by_location (REQUEST) - Status: 200
Tipo de Error: NoneType
Mensaje: None
Información Adicional:
  endpoint: GET /api/dashboard/by_location
  method: REQUEST
  status_code: 200
  request_data: {'method': 'GET', 'path': '/api/dashboard/by_location', 'user_agent': 'Mozilla/5.0 (Windows NT 10.0; Win64; x64) AppleWebKit/537.36 (KHTML, like Gecko) Chrome/142.0.0.0 Safari/537.36', 'ip_address': '127.0.0.1', 'timestamp': '2025-11-23T11:54:17.415673'}
Traceback:
NoneType: None

==============================***=====================
2025-11-23 11:54:17 - hannariskpro - ERROR - Error en Endpoint: GET /api/dashboard/by_location (REQUEST) - Status: 200: NoneType - None


==============================***=====================
Timestamp: 2025-11-23 11:54:17
Contexto: Endpoint: GET /api/dashboard/by_level (REQUEST) - Status: 200
Tipo de Error: NoneType
Mensaje: None
Información Adicional:
  endpoint: GET /api/dashboard/by_level
  method: REQUEST
  status_code: 200
  request_data: {'method': 'GET', 'path': '/api/dashboard/by_level', 'user_agent': 'Mozilla/5.0 (Windows NT 10.0; Win64; x64) AppleWebKit/537.36 (KHTML, like Gecko) Chrome/142.0.0.0 Safari/537.36', 'ip_address': '127.0.0.1', 'timestamp': '2025-11-23T11:54:17.419607'}
Traceback:
NoneType: None

==============================***=====================
2025-11-23 11:54:17 - hannariskpro - ERROR - Error en Endpoint: GET /api/dashboard/by_level (REQUEST) - Status: 200: NoneType - None


==============================***=====================
Timestamp: 2025-11-23 11:54:17
Contexto: Endpoint: GET /api/me (RESPONSE) - Status: 200
Tipo de Error: NoneType
Mensaje: None
Información Adicional:
  endpoint: GET /api/me
  method: RESPONSE
  status_code: 200
  request_data: {'method': 'GET', 'path': '/api/me', 'status_code': 200, 'process_time': '0.0227s', 'ip_address': '127.0.0.1', 'timestamp': '2025-11-23T11:54:17.425246'}
Traceback:
NoneType: None

==============================***=====================
2025-11-23 11:54:17 - hannariskpro - ERROR - Error en Endpoint: GET /api/me (RESPONSE) - Status: 200: NoneType - None


==============================***=====================
Timestamp: 2025-11-23 11:54:17
Contexto: Endpoint: GET /api/dashboard/activity (REQUEST) - Status: 200
Tipo de Error: NoneType
Mensaje: None
Información Adicional:
  endpoint: GET /api/dashboard/activity
  method: REQUEST
  status_code: 200
  request_data: {'method': 'GET', 'path': '/api/dashboard/activity', 'user_agent': 'Mozilla/5.0 (Windows NT 10.0; Win64; x64) AppleWebKit/537.36 (KHTML, like Gecko) Chrome/142.0.0.0 Safari/537.36', 'ip_address': '127.0.0.1', 'timestamp': '2025-11-23T11:54:17.437777'}
Traceback:
NoneType: None

==============================***=====================
2025-11-23 11:54:17 - hannariskpro - ERROR - Error en Endpoint: GET /api/dashboard/activity (REQUEST) - Status: 200: NoneType - None


==============================***=====================
Timestamp: 2025-11-23 11:54:17
Contexto: Endpoint: GET /api/dashboard/actions_critical (RESPONSE) - Status: 200
Tipo de Error: NoneType
Mensaje: None
Información Adicional:
  endpoint: GET /api/dashboard/actions_critical
  method: RESPONSE
  status_code: 200
  request_data: {'method': 'GET', 'path': '/api/dashboard/actions_critical', 'status_code': 200, 'process_time': '0.0360s', 'ip_address': '127.0.0.1', 'timestamp': '2025-11-23T11:54:17.444147'}
Traceback:
NoneType: None

==============================***=====================
2025-11-23 11:54:17 - hannariskpro - ERROR - Error en Endpoint: GET /api/dashboard/actions_critical (RESPONSE) - Status: 200: NoneType - None


==============================***=====================
Timestamp: 2025-11-23 11:54:17
Contexto: Endpoint: GET /api/dashboard/risk_matrix (RESPONSE) - Status: 200
Tipo de Error: NoneType
Mensaje: None
Información Adicional:
  endpoint: GET /api/dashboard/risk_matrix
  method: RESPONSE
  status_code: 200
  request_data: {'method': 'GET', 'path': '/api/dashboard/risk_matrix', 'status_code': 200, 'process_time': '0.0405s', 'ip_address': '127.0.0.1', 'timestamp': '2025-11-23T11:54:17.445225'}
Traceback:
NoneType: None

==============================***=====================
2025-11-23 11:54:17 - hannariskpro - ERROR - Error en Endpoint: GET /api/dashboard/risk_matrix (RESPONSE) - Status: 200: NoneType - None


==============================***=====================
Timestamp: 2025-11-23 11:54:17
Contexto: Endpoint: GET /api/dashboard/by_location (RESPONSE) - Status: 200
Tipo de Error: NoneType
Mensaje: None
Información Adicional:
  endpoint: GET /api/dashboard/by_location
  method: RESPONSE
  status_code: 200
  request_data: {'method': 'GET', 'path': '/api/dashboard/by_location', 'status_code': 200, 'process_time': '0.0346s', 'ip_address': '127.0.0.1', 'timestamp': '2025-11-23T11:54:17.450271'}
Traceback:
NoneType: None

==============================***=====================
2025-11-23 11:54:17 - hannariskpro - ERROR - Error en Endpoint: GET /api/dashboard/by_location (RESPONSE) - Status: 200: NoneType - None


==============================***=====================
Timestamp: 2025-11-23 11:54:17
Contexto: Endpoint: GET /api/dashboard/by_level (RESPONSE) - Status: 200
Tipo de Error: NoneType
Mensaje: None
Información Adicional:
  endpoint: GET /api/dashboard/by_level
  method: RESPONSE
  status_code: 200
  request_data: {'method': 'GET', 'path': '/api/dashboard/by_level', 'status_code': 200, 'process_time': '0.0333s', 'ip_address': '127.0.0.1', 'timestamp': '2025-11-23T11:54:17.452946'}
Traceback:
NoneType: None

==============================***=====================
2025-11-23 11:54:17 - hannariskpro - ERROR - Error en Endpoint: GET /api/dashboard/by_level (RESPONSE) - Status: 200: NoneType - None


==============================***=====================
Timestamp: 2025-11-23 11:54:17
Contexto: Endpoint: GET /api/dashboard/trends (RESPONSE) - Status: 200
Tipo de Error: NoneType
Mensaje: None
Información Adicional:
  endpoint: GET /api/dashboard/trends
  method: RESPONSE
  status_code: 200
  request_data: {'method': 'GET', 'path': '/api/dashboard/trends', 'status_code': 200, 'process_time': '0.0570s', 'ip_address': '127.0.0.1', 'timestamp': '2025-11-23T11:54:17.455478'}
Traceback:
NoneType: None

==============================***=====================
2025-11-23 11:54:17 - hannariskpro - ERROR - Error en Endpoint: GET /api/dashboard/trends (RESPONSE) - Status: 200: NoneType - None


==============================***=====================
Timestamp: 2025-11-23 11:54:17
Contexto: Endpoint: GET /api/dashboard/kpis (REQUEST) - Status: 200
Tipo de Error: NoneType
Mensaje: None
Información Adicional:
  endpoint: GET /api/dashboard/kpis
  method: REQUEST
  status_code: 200
  request_data: {'method': 'GET', 'path': '/api/dashboard/kpis', 'user_agent': 'Mozilla/5.0 (Windows NT 10.0; Win64; x64) AppleWebKit/537.36 (KHTML, like Gecko) Chrome/142.0.0.0 Safari/537.36', 'ip_address': '127.0.0.1', 'timestamp': '2025-11-23T11:54:17.465323'}
Traceback:
NoneType: None

==============================***=====================
2025-11-23 11:54:17 - hannariskpro - ERROR - Error en Endpoint: GET /api/dashboard/kpis (REQUEST) - Status: 200: NoneType - None


==============================***=====================
Timestamp: 2025-11-23 11:54:17
Contexto: Endpoint: GET /api/dashboard/trends (REQUEST) - Status: 200
Tipo de Error: NoneType
Mensaje: None
Información Adicional:
  endpoint: GET /api/dashboard/trends
  method: REQUEST
  status_code: 200
  request_data: {'method': 'GET', 'path': '/api/dashboard/trends', 'user_agent': 'Mozilla/5.0 (Windows NT 10.0; Win64; x64) AppleWebKit/537.36 (KHTML, like Gecko) Chrome/142.0.0.0 Safari/537.36', 'ip_address': '127.0.0.1', 'timestamp': '2025-11-23T11:54:17.467322'}
Traceback:
NoneType: None

==============================***=====================
2025-11-23 11:54:17 - hannariskpro - ERROR - Error en Endpoint: GET /api/dashboard/trends (REQUEST) - Status: 200: NoneType - None


==============================***=====================
Timestamp: 2025-11-23 11:54:17
Contexto: Endpoint: GET /api/dashboard/activity (RESPONSE) - Status: 200
Tipo de Error: NoneType
Mensaje: None
Información Adicional:
  endpoint: GET /api/dashboard/activity
  method: RESPONSE
  status_code: 200
  request_data: {'method': 'GET', 'path': '/api/dashboard/activity', 'status_code': 200, 'process_time': '0.0341s', 'ip_address': '127.0.0.1', 'timestamp': '2025-11-23T11:54:17.471871'}
Traceback:
NoneType: None

==============================***=====================
2025-11-23 11:54:17 - hannariskpro - ERROR - Error en Endpoint: GET /api/dashboard/activity (RESPONSE) - Status: 200: NoneType - None


==============================***=====================
Timestamp: 2025-11-23 11:54:17
Contexto: Endpoint: GET /api/dashboard/kpis (RESPONSE) - Status: 200
Tipo de Error: NoneType
Mensaje: None
Información Adicional:
  endpoint: GET /api/dashboard/kpis
  method: RESPONSE
  status_code: 200
  request_data: {'method': 'GET', 'path': '/api/dashboard/kpis', 'status_code': 200, 'process_time': '0.0197s', 'ip_address': '127.0.0.1', 'timestamp': '2025-11-23T11:54:17.485055'}
Traceback:
NoneType: None

==============================***=====================
2025-11-23 11:54:17 - hannariskpro - ERROR - Error en Endpoint: GET /api/dashboard/kpis (RESPONSE) - Status: 200: NoneType - None


==============================***=====================
Timestamp: 2025-11-23 11:54:17
Contexto: Endpoint: GET /api/dashboard/trends (RESPONSE) - Status: 200
Tipo de Error: NoneType
Mensaje: None
Información Adicional:
  endpoint: GET /api/dashboard/trends
  method: RESPONSE
  status_code: 200
  request_data: {'method': 'GET', 'path': '/api/dashboard/trends', 'status_code': 200, 'process_time': '0.0215s', 'ip_address': '127.0.0.1', 'timestamp': '2025-11-23T11:54:17.488841'}
Traceback:
NoneType: None

==============================***=====================
2025-11-23 11:54:17 - hannariskpro - ERROR - Error en Endpoint: GET /api/dashboard/trends (RESPONSE) - Status: 200: NoneType - None


==============================***=====================
Timestamp: 2025-11-23 11:54:43
Contexto: Endpoint: GET /api/health (REQUEST) - Status: 200
Tipo de Error: NoneType
Mensaje: None
Información Adicional:
  endpoint: GET /api/health
  method: REQUEST
  status_code: 200
  request_data: {'method': 'GET', 'path': '/api/health', 'user_agent': 'curl/8.16.0', 'ip_address': '127.0.0.1', 'timestamp': '2025-11-23T11:54:43.825448'}
Traceback:
NoneType: None

==============================***=====================
2025-11-23 11:54:43 - hannariskpro - ERROR - Error en Endpoint: GET /api/health (REQUEST) - Status: 200: NoneType - None


==============================***=====================
Timestamp: 2025-11-23 11:54:43
Contexto: Endpoint: GET /api/health (RESPONSE) - Status: 200
Tipo de Error: NoneType
Mensaje: None
Información Adicional:
  endpoint: GET /api/health
  method: RESPONSE
  status_code: 200
  request_data: {'method': 'GET', 'path': '/api/health', 'status_code': 200, 'process_time': '0.0020s', 'ip_address': '127.0.0.1', 'timestamp': '2025-11-23T11:54:43.827438'}
Traceback:
NoneType: None

==============================***=====================
2025-11-23 11:54:43 - hannariskpro - ERROR - Error en Endpoint: GET /api/health (RESPONSE) - Status: 200: NoneType - None


==============================***=====================
Timestamp: 2025-11-23 11:54:44
Contexto: Endpoint: GET /api/dashboard/kpis (REQUEST) - Status: 200
Tipo de Error: NoneType
Mensaje: None
Información Adicional:
  endpoint: GET /api/dashboard/kpis
  method: REQUEST
  status_code: 200
  request_data: {'method': 'GET', 'path': '/api/dashboard/kpis', 'user_agent': 'curl/8.16.0', 'ip_address': '127.0.0.1', 'timestamp': '2025-11-23T11:54:44.544810'}
Traceback:
NoneType: None

==============================***=====================
2025-11-23 11:54:44 - hannariskpro - ERROR - Error en Endpoint: GET /api/dashboard/kpis (REQUEST) - Status: 200: NoneType - None


==============================***=====================
Timestamp: 2025-11-23 11:54:44
Contexto: Endpoint: http://localhost:8092/api/dashboard/kpis (GET) - Status: 401
Tipo de Error: BaseAPIException
Mensaje: 
Información Adicional:
  endpoint: http://localhost:8092/api/dashboard/kpis
  method: GET
  status_code: 401
  request_data: {'request_id': '4d85b7d3-47da-48b3-9f33-8dbc15ef3420', 'error_code': 'FASTAPI_401', 'detail': 'Se requiere autenticación'}
Traceback:
Traceback (most recent call last):
  File "D:\DEVFULLAPP\appPHAV3\.venv\Lib\site-packages\starlette\middleware\exceptions.py", line 68, in __call__
    await self.app(scope, receive, sender)
  File "D:\DEVFULLAPP\appPHAV3\.venv\Lib\site-packages\fastapi\middleware\asyncexitstack.py", line 20, in __call__
    raise e
  File "D:\DEVFULLAPP\appPHAV3\.venv\Lib\site-packages\fastapi\middleware\asyncexitstack.py", line 17, in __call__
    await self.app(scope, receive, send)
  File "D:\DEVFULLAPP\appPHAV3\.venv\Lib\site-packages\starlette\routing.py", line 718, in __call__
    await route.handle(scope, receive, send)
  File "D:\DEVFULLAPP\appPHAV3\.venv\Lib\site-packages\starlette\routing.py", line 276, in handle
    await self.app(scope, receive, send)
  File "D:\DEVFULLAPP\appPHAV3\.venv\Lib\site-packages\starlette\routing.py", line 66, in app
    response = await func(request)
               ^^^^^^^^^^^^^^^^^^^
  File "D:\DEVFULLAPP\appPHAV3\.venv\Lib\site-packages\fastapi\routing.py", line 273, in app
    raw_response = await run_endpoint_function(
                   ^^^^^^^^^^^^^^^^^^^^^^^^^^^^
  File "D:\DEVFULLAPP\appPHAV3\.venv\Lib\site-packages\fastapi\routing.py", line 192, in run_endpoint_function
    return await run_in_threadpool(dependant.call, **values)
           ^^^^^^^^^^^^^^^^^^^^^^^^^^^^^^^^^^^^^^^^^^^^^^^^^
  File "D:\DEVFULLAPP\appPHAV3\.venv\Lib\site-packages\starlette\concurrency.py", line 41, in run_in_threadpool
    return await anyio.to_thread.run_sync(func, *args)
           ^^^^^^^^^^^^^^^^^^^^^^^^^^^^^^^^^^^^^^^^^^^
  File "D:\DEVFULLAPP\appPHAV3\.venv\Lib\site-packages\anyio\to_thread.py", line 56, in run_sync
    return await get_async_backend().run_sync_in_worker_thread(
           ^^^^^^^^^^^^^^^^^^^^^^^^^^^^^^^^^^^^^^^^^^^^^^^^^^^^
  File "D:\DEVFULLAPP\appPHAV3\.venv\Lib\site-packages\anyio\_backends\_asyncio.py", line 2485, in run_sync_in_worker_thread
    return await future
           ^^^^^^^^^^^^
  File "D:\DEVFULLAPP\appPHAV3\.venv\Lib\site-packages\anyio\_backends\_asyncio.py", line 976, in run
    result = context.run(func, *args)
             ^^^^^^^^^^^^^^^^^^^^^^^^
  File "d:\DEVFULLAPP\appPHAV3\backend\main.py", line 1756, in dashboard_kpis
    raise HTTPException(status_code=401, detail='Se requiere autenticación')
fastapi.exceptions.HTTPException

==============================***=====================
2025-11-23 11:54:44 - hannariskpro - ERROR - Error en Endpoint: http://localhost:8092/api/dashboard/kpis (GET) - Status: 401: BaseAPIException - 


==============================***=====================
Timestamp: 2025-11-23 11:54:44
Contexto: Endpoint: GET /api/dashboard/kpis (RESPONSE) - Status: 401
Tipo de Error: NoneType
Mensaje: None
Información Adicional:
  endpoint: GET /api/dashboard/kpis
  method: RESPONSE
  status_code: 401
  request_data: {'method': 'GET', 'path': '/api/dashboard/kpis', 'status_code': 401, 'process_time': '0.0100s', 'ip_address': '127.0.0.1', 'timestamp': '2025-11-23T11:54:44.554795'}
Traceback:
NoneType: None

==============================***=====================
2025-11-23 11:54:44 - hannariskpro - ERROR - Error en Endpoint: GET /api/dashboard/kpis (RESPONSE) - Status: 401: NoneType - None


==============================***=====================
Timestamp: 2025-11-23 11:59:33
Contexto: Endpoint: GET /api/dashboard/kpis (REQUEST) - Status: 200
Tipo de Error: NoneType
Mensaje: None
Información Adicional:
  endpoint: GET /api/dashboard/kpis
  method: REQUEST
  status_code: 200
  request_data: {'method': 'GET', 'path': '/api/dashboard/kpis', 'user_agent': 'Mozilla/5.0 (Windows NT 10.0; Win64; x64) AppleWebKit/537.36 (KHTML, like Gecko) Chrome/142.0.0.0 Safari/537.36', 'ip_address': '127.0.0.1', 'timestamp': '2025-11-23T11:59:33.687081'}
Traceback:
NoneType: None

==============================***=====================
2025-11-23 11:59:33 - hannariskpro - ERROR - Error en Endpoint: GET /api/dashboard/kpis (REQUEST) - Status: 200: NoneType - None


==============================***=====================
Timestamp: 2025-11-23 11:59:33
Contexto: Endpoint: GET /api/dashboard/by_level (REQUEST) - Status: 200
Tipo de Error: NoneType
Mensaje: None
Información Adicional:
  endpoint: GET /api/dashboard/by_level
  method: REQUEST
  status_code: 200
  request_data: {'method': 'GET', 'path': '/api/dashboard/by_level', 'user_agent': 'Mozilla/5.0 (Windows NT 10.0; Win64; x64) AppleWebKit/537.36 (KHTML, like Gecko) Chrome/142.0.0.0 Safari/537.36', 'ip_address': '127.0.0.1', 'timestamp': '2025-11-23T11:59:33.690435'}
Traceback:
NoneType: None

==============================***=====================
2025-11-23 11:59:33 - hannariskpro - ERROR - Error en Endpoint: GET /api/dashboard/by_level (REQUEST) - Status: 200: NoneType - None


==============================***=====================
Timestamp: 2025-11-23 11:59:33
Contexto: Endpoint: GET /api/dashboard/risk_matrix (REQUEST) - Status: 200
Tipo de Error: NoneType
Mensaje: None
Información Adicional:
  endpoint: GET /api/dashboard/risk_matrix
  method: REQUEST
  status_code: 200
  request_data: {'method': 'GET', 'path': '/api/dashboard/risk_matrix', 'user_agent': 'Mozilla/5.0 (Windows NT 10.0; Win64; x64) AppleWebKit/537.36 (KHTML, like Gecko) Chrome/142.0.0.0 Safari/537.36', 'ip_address': '127.0.0.1', 'timestamp': '2025-11-23T11:59:33.695482'}
Traceback:
NoneType: None

==============================***=====================
2025-11-23 11:59:33 - hannariskpro - ERROR - Error en Endpoint: GET /api/dashboard/risk_matrix (REQUEST) - Status: 200: NoneType - None


==============================***=====================
Timestamp: 2025-11-23 11:59:33
Contexto: Endpoint: GET /api/dashboard/actions_critical (REQUEST) - Status: 200
Tipo de Error: NoneType
Mensaje: None
Información Adicional:
  endpoint: GET /api/dashboard/actions_critical
  method: REQUEST
  status_code: 200
  request_data: {'method': 'GET', 'path': '/api/dashboard/actions_critical', 'user_agent': 'Mozilla/5.0 (Windows NT 10.0; Win64; x64) AppleWebKit/537.36 (KHTML, like Gecko) Chrome/142.0.0.0 Safari/537.36', 'ip_address': '127.0.0.1', 'timestamp': '2025-11-23T11:59:33.703303'}
Traceback:
NoneType: None

==============================***=====================
2025-11-23 11:59:33 - hannariskpro - ERROR - Error en Endpoint: GET /api/dashboard/actions_critical (REQUEST) - Status: 200: NoneType - None


==============================***=====================
Timestamp: 2025-11-23 11:59:33
Contexto: Endpoint: GET /api/dashboard/activity (REQUEST) - Status: 200
Tipo de Error: NoneType
Mensaje: None
Información Adicional:
  endpoint: GET /api/dashboard/activity
  method: REQUEST
  status_code: 200
  request_data: {'method': 'GET', 'path': '/api/dashboard/activity', 'user_agent': 'Mozilla/5.0 (Windows NT 10.0; Win64; x64) AppleWebKit/537.36 (KHTML, like Gecko) Chrome/142.0.0.0 Safari/537.36', 'ip_address': '127.0.0.1', 'timestamp': '2025-11-23T11:59:33.707821'}
Traceback:
NoneType: None

==============================***=====================
2025-11-23 11:59:33 - hannariskpro - ERROR - Error en Endpoint: GET /api/dashboard/activity (REQUEST) - Status: 200: NoneType - None


==============================***=====================
Timestamp: 2025-11-23 11:59:33
Contexto: Endpoint: GET /api/dashboard/by_location (REQUEST) - Status: 200
Tipo de Error: NoneType
Mensaje: None
Información Adicional:
  endpoint: GET /api/dashboard/by_location
  method: REQUEST
  status_code: 200
  request_data: {'method': 'GET', 'path': '/api/dashboard/by_location', 'user_agent': 'Mozilla/5.0 (Windows NT 10.0; Win64; x64) AppleWebKit/537.36 (KHTML, like Gecko) Chrome/142.0.0.0 Safari/537.36', 'ip_address': '127.0.0.1', 'timestamp': '2025-11-23T11:59:33.709839'}
Traceback:
NoneType: None

==============================***=====================
2025-11-23 11:59:33 - hannariskpro - ERROR - Error en Endpoint: GET /api/dashboard/by_location (REQUEST) - Status: 200: NoneType - None


==============================***=====================
Timestamp: 2025-11-23 11:59:33
Contexto: Endpoint: GET /api/dashboard/by_level (RESPONSE) - Status: 200
Tipo de Error: NoneType
Mensaje: None
Información Adicional:
  endpoint: GET /api/dashboard/by_level
  method: RESPONSE
  status_code: 200
  request_data: {'method': 'GET', 'path': '/api/dashboard/by_level', 'status_code': 200, 'process_time': '0.0472s', 'ip_address': '127.0.0.1', 'timestamp': '2025-11-23T11:59:33.737611'}
Traceback:
NoneType: None

==============================***=====================
2025-11-23 11:59:33 - hannariskpro - ERROR - Error en Endpoint: GET /api/dashboard/by_level (RESPONSE) - Status: 200: NoneType - None


==============================***=====================
Timestamp: 2025-11-23 11:59:33
Contexto: Endpoint: GET /api/dashboard/risk_matrix (RESPONSE) - Status: 200
Tipo de Error: NoneType
Mensaje: None
Información Adicional:
  endpoint: GET /api/dashboard/risk_matrix
  method: RESPONSE
  status_code: 200
  request_data: {'method': 'GET', 'path': '/api/dashboard/risk_matrix', 'status_code': 200, 'process_time': '0.0449s', 'ip_address': '127.0.0.1', 'timestamp': '2025-11-23T11:59:33.740407'}
Traceback:
NoneType: None

==============================***=====================
2025-11-23 11:59:33 - hannariskpro - ERROR - Error en Endpoint: GET /api/dashboard/risk_matrix (RESPONSE) - Status: 200: NoneType - None


==============================***=====================
Timestamp: 2025-11-23 11:59:33
Contexto: Endpoint: GET /api/dashboard/actions_critical (RESPONSE) - Status: 200
Tipo de Error: NoneType
Mensaje: None
Información Adicional:
  endpoint: GET /api/dashboard/actions_critical
  method: RESPONSE
  status_code: 200
  request_data: {'method': 'GET', 'path': '/api/dashboard/actions_critical', 'status_code': 200, 'process_time': '0.0446s', 'ip_address': '127.0.0.1', 'timestamp': '2025-11-23T11:59:33.747891'}
Traceback:
NoneType: None

==============================***=====================
2025-11-23 11:59:33 - hannariskpro - ERROR - Error en Endpoint: GET /api/dashboard/actions_critical (RESPONSE) - Status: 200: NoneType - None


==============================***=====================
Timestamp: 2025-11-23 11:59:33
Contexto: Endpoint: GET /api/dashboard/activity (RESPONSE) - Status: 200
Tipo de Error: NoneType
Mensaje: None
Información Adicional:
  endpoint: GET /api/dashboard/activity
  method: RESPONSE
  status_code: 200
  request_data: {'method': 'GET', 'path': '/api/dashboard/activity', 'status_code': 200, 'process_time': '0.0423s', 'ip_address': '127.0.0.1', 'timestamp': '2025-11-23T11:59:33.750151'}
Traceback:
NoneType: None

==============================***=====================
2025-11-23 11:59:33 - hannariskpro - ERROR - Error en Endpoint: GET /api/dashboard/activity (RESPONSE) - Status: 200: NoneType - None


==============================***=====================
Timestamp: 2025-11-23 11:59:33
Contexto: Endpoint: GET /api/dashboard/by_location (RESPONSE) - Status: 200
Tipo de Error: NoneType
Mensaje: None
Información Adicional:
  endpoint: GET /api/dashboard/by_location
  method: RESPONSE
  status_code: 200
  request_data: {'method': 'GET', 'path': '/api/dashboard/by_location', 'status_code': 200, 'process_time': '0.0443s', 'ip_address': '127.0.0.1', 'timestamp': '2025-11-23T11:59:33.754148'}
Traceback:
NoneType: None

==============================***=====================
2025-11-23 11:59:33 - hannariskpro - ERROR - Error en Endpoint: GET /api/dashboard/by_location (RESPONSE) - Status: 200: NoneType - None


==============================***=====================
Timestamp: 2025-11-23 11:59:33
Contexto: Endpoint: GET /api/dashboard/kpis (RESPONSE) - Status: 200
Tipo de Error: NoneType
Mensaje: None
Información Adicional:
  endpoint: GET /api/dashboard/kpis
  method: RESPONSE
  status_code: 200
  request_data: {'method': 'GET', 'path': '/api/dashboard/kpis', 'status_code': 200, 'process_time': '0.0706s', 'ip_address': '127.0.0.1', 'timestamp': '2025-11-23T11:59:33.757714'}
Traceback:
NoneType: None

==============================***=====================
2025-11-23 11:59:33 - hannariskpro - ERROR - Error en Endpoint: GET /api/dashboard/kpis (RESPONSE) - Status: 200: NoneType - None


==============================***=====================
Timestamp: 2025-11-23 11:59:33
Contexto: Endpoint: GET /api/dashboard/trends (REQUEST) - Status: 200
Tipo de Error: NoneType
Mensaje: None
Información Adicional:
  endpoint: GET /api/dashboard/trends
  method: REQUEST
  status_code: 200
  request_data: {'method': 'GET', 'path': '/api/dashboard/trends', 'user_agent': 'Mozilla/5.0 (Windows NT 10.0; Win64; x64) AppleWebKit/537.36 (KHTML, like Gecko) Chrome/142.0.0.0 Safari/537.36', 'ip_address': '127.0.0.1', 'timestamp': '2025-11-23T11:59:33.761237'}
Traceback:
NoneType: None

==============================***=====================
2025-11-23 11:59:33 - hannariskpro - ERROR - Error en Endpoint: GET /api/dashboard/trends (REQUEST) - Status: 200: NoneType - None


==============================***=====================
Timestamp: 2025-11-23 11:59:33
Contexto: Endpoint: GET /api/me (REQUEST) - Status: 200
Tipo de Error: NoneType
Mensaje: None
Información Adicional:
  endpoint: GET /api/me
  method: REQUEST
  status_code: 200
  request_data: {'method': 'GET', 'path': '/api/me', 'user_agent': 'Mozilla/5.0 (Windows NT 10.0; Win64; x64) AppleWebKit/537.36 (KHTML, like Gecko) Chrome/142.0.0.0 Safari/537.36', 'ip_address': '127.0.0.1', 'timestamp': '2025-11-23T11:59:33.768686'}
Traceback:
NoneType: None

==============================***=====================
2025-11-23 11:59:33 - hannariskpro - ERROR - Error en Endpoint: GET /api/me (REQUEST) - Status: 200: NoneType - None


==============================***=====================
Timestamp: 2025-11-23 11:59:33
Contexto: Endpoint: GET /api/dashboard/by_level (REQUEST) - Status: 200
Tipo de Error: NoneType
Mensaje: None
Información Adicional:
  endpoint: GET /api/dashboard/by_level
  method: REQUEST
  status_code: 200
  request_data: {'method': 'GET', 'path': '/api/dashboard/by_level', 'user_agent': 'Mozilla/5.0 (Windows NT 10.0; Win64; x64) AppleWebKit/537.36 (KHTML, like Gecko) Chrome/142.0.0.0 Safari/537.36', 'ip_address': '127.0.0.1', 'timestamp': '2025-11-23T11:59:33.770698'}
Traceback:
NoneType: None

==============================***=====================
2025-11-23 11:59:33 - hannariskpro - ERROR - Error en Endpoint: GET /api/dashboard/by_level (REQUEST) - Status: 200: NoneType - None


==============================***=====================
Timestamp: 2025-11-23 11:59:33
Contexto: Endpoint: GET /api/dashboard/risk_matrix (REQUEST) - Status: 200
Tipo de Error: NoneType
Mensaje: None
Información Adicional:
  endpoint: GET /api/dashboard/risk_matrix
  method: REQUEST
  status_code: 200
  request_data: {'method': 'GET', 'path': '/api/dashboard/risk_matrix', 'user_agent': 'Mozilla/5.0 (Windows NT 10.0; Win64; x64) AppleWebKit/537.36 (KHTML, like Gecko) Chrome/142.0.0.0 Safari/537.36', 'ip_address': '127.0.0.1', 'timestamp': '2025-11-23T11:59:33.775697'}
Traceback:
NoneType: None

==============================***=====================
2025-11-23 11:59:33 - hannariskpro - ERROR - Error en Endpoint: GET /api/dashboard/risk_matrix (REQUEST) - Status: 200: NoneType - None


==============================***=====================
Timestamp: 2025-11-23 11:59:33
Contexto: Endpoint: GET /api/dashboard/actions_critical (REQUEST) - Status: 200
Tipo de Error: NoneType
Mensaje: None
Información Adicional:
  endpoint: GET /api/dashboard/actions_critical
  method: REQUEST
  status_code: 200
  request_data: {'method': 'GET', 'path': '/api/dashboard/actions_critical', 'user_agent': 'Mozilla/5.0 (Windows NT 10.0; Win64; x64) AppleWebKit/537.36 (KHTML, like Gecko) Chrome/142.0.0.0 Safari/537.36', 'ip_address': '127.0.0.1', 'timestamp': '2025-11-23T11:59:33.779791'}
Traceback:
NoneType: None

==============================***=====================
2025-11-23 11:59:33 - hannariskpro - ERROR - Error en Endpoint: GET /api/dashboard/actions_critical (REQUEST) - Status: 200: NoneType - None


==============================***=====================
Timestamp: 2025-11-23 11:59:33
Contexto: Endpoint: GET /api/dashboard/activity (REQUEST) - Status: 200
Tipo de Error: NoneType
Mensaje: None
Información Adicional:
  endpoint: GET /api/dashboard/activity
  method: REQUEST
  status_code: 200
  request_data: {'method': 'GET', 'path': '/api/dashboard/activity', 'user_agent': 'Mozilla/5.0 (Windows NT 10.0; Win64; x64) AppleWebKit/537.36 (KHTML, like Gecko) Chrome/142.0.0.0 Safari/537.36', 'ip_address': '127.0.0.1', 'timestamp': '2025-11-23T11:59:33.785042'}
Traceback:
NoneType: None

==============================***=====================
2025-11-23 11:59:33 - hannariskpro - ERROR - Error en Endpoint: GET /api/dashboard/activity (REQUEST) - Status: 200: NoneType - None


==============================***=====================
Timestamp: 2025-11-23 11:59:33
Contexto: Endpoint: GET /api/me (RESPONSE) - Status: 200
Tipo de Error: NoneType
Mensaje: None
Información Adicional:
  endpoint: GET /api/me
  method: RESPONSE
  status_code: 200
  request_data: {'method': 'GET', 'path': '/api/me', 'status_code': 200, 'process_time': '0.0306s', 'ip_address': '127.0.0.1', 'timestamp': '2025-11-23T11:59:33.799285'}
Traceback:
NoneType: None

==============================***=====================
2025-11-23 11:59:33 - hannariskpro - ERROR - Error en Endpoint: GET /api/me (RESPONSE) - Status: 200: NoneType - None


==============================***=====================
Timestamp: 2025-11-23 11:59:33
Contexto: Endpoint: GET /api/dashboard/by_location (REQUEST) - Status: 200
Tipo de Error: NoneType
Mensaje: None
Información Adicional:
  endpoint: GET /api/dashboard/by_location
  method: REQUEST
  status_code: 200
  request_data: {'method': 'GET', 'path': '/api/dashboard/by_location', 'user_agent': 'Mozilla/5.0 (Windows NT 10.0; Win64; x64) AppleWebKit/537.36 (KHTML, like Gecko) Chrome/142.0.0.0 Safari/537.36', 'ip_address': '127.0.0.1', 'timestamp': '2025-11-23T11:59:33.810404'}
Traceback:
NoneType: None

==============================***=====================
2025-11-23 11:59:33 - hannariskpro - ERROR - Error en Endpoint: GET /api/dashboard/by_location (REQUEST) - Status: 200: NoneType - None


==============================***=====================
Timestamp: 2025-11-23 11:59:33
Contexto: Endpoint: GET /api/dashboard/by_level (RESPONSE) - Status: 200
Tipo de Error: NoneType
Mensaje: None
Información Adicional:
  endpoint: GET /api/dashboard/by_level
  method: RESPONSE
  status_code: 200
  request_data: {'method': 'GET', 'path': '/api/dashboard/by_level', 'status_code': 200, 'process_time': '0.0431s', 'ip_address': '127.0.0.1', 'timestamp': '2025-11-23T11:59:33.813750'}
Traceback:
NoneType: None

==============================***=====================
2025-11-23 11:59:33 - hannariskpro - ERROR - Error en Endpoint: GET /api/dashboard/by_level (RESPONSE) - Status: 200: NoneType - None


==============================***=====================
Timestamp: 2025-11-23 11:59:33
Contexto: Endpoint: GET /api/dashboard/actions_critical (RESPONSE) - Status: 200
Tipo de Error: NoneType
Mensaje: None
Información Adicional:
  endpoint: GET /api/dashboard/actions_critical
  method: RESPONSE
  status_code: 200
  request_data: {'method': 'GET', 'path': '/api/dashboard/actions_critical', 'status_code': 200, 'process_time': '0.0444s', 'ip_address': '127.0.0.1', 'timestamp': '2025-11-23T11:59:33.825509'}
Traceback:
NoneType: None

==============================***=====================
2025-11-23 11:59:33 - hannariskpro - ERROR - Error en Endpoint: GET /api/dashboard/actions_critical (RESPONSE) - Status: 200: NoneType - None


==============================***=====================
Timestamp: 2025-11-23 11:59:33
Contexto: Endpoint: GET /api/dashboard/activity (RESPONSE) - Status: 200
Tipo de Error: NoneType
Mensaje: None
Información Adicional:
  endpoint: GET /api/dashboard/activity
  method: RESPONSE
  status_code: 200
  request_data: {'method': 'GET', 'path': '/api/dashboard/activity', 'status_code': 200, 'process_time': '0.0405s', 'ip_address': '127.0.0.1', 'timestamp': '2025-11-23T11:59:33.825509'}
Traceback:
NoneType: None

==============================***=====================
2025-11-23 11:59:33 - hannariskpro - ERROR - Error en Endpoint: GET /api/dashboard/activity (RESPONSE) - Status: 200: NoneType - None


==============================***=====================
Timestamp: 2025-11-23 11:59:33
Contexto: Endpoint: GET /api/dashboard/risk_matrix (RESPONSE) - Status: 200
Tipo de Error: NoneType
Mensaje: None
Información Adicional:
  endpoint: GET /api/dashboard/risk_matrix
  method: RESPONSE
  status_code: 200
  request_data: {'method': 'GET', 'path': '/api/dashboard/risk_matrix', 'status_code': 200, 'process_time': '0.0529s', 'ip_address': '127.0.0.1', 'timestamp': '2025-11-23T11:59:33.828639'}
Traceback:
NoneType: None

==============================***=====================
2025-11-23 11:59:33 - hannariskpro - ERROR - Error en Endpoint: GET /api/dashboard/risk_matrix (RESPONSE) - Status: 200: NoneType - None


==============================***=====================
Timestamp: 2025-11-23 11:59:33
Contexto: Endpoint: GET /api/dashboard/trends (RESPONSE) - Status: 200
Tipo de Error: NoneType
Mensaje: None
Información Adicional:
  endpoint: GET /api/dashboard/trends
  method: RESPONSE
  status_code: 200
  request_data: {'method': 'GET', 'path': '/api/dashboard/trends', 'status_code': 200, 'process_time': '0.0797s', 'ip_address': '127.0.0.1', 'timestamp': '2025-11-23T11:59:33.840970'}
Traceback:
NoneType: None

==============================***=====================
2025-11-23 11:59:33 - hannariskpro - ERROR - Error en Endpoint: GET /api/dashboard/trends (RESPONSE) - Status: 200: NoneType - None


==============================***=====================
Timestamp: 2025-11-23 11:59:33
Contexto: Endpoint: GET /api/dashboard/kpis (REQUEST) - Status: 200
Tipo de Error: NoneType
Mensaje: None
Información Adicional:
  endpoint: GET /api/dashboard/kpis
  method: REQUEST
  status_code: 200
  request_data: {'method': 'GET', 'path': '/api/dashboard/kpis', 'user_agent': 'Mozilla/5.0 (Windows NT 10.0; Win64; x64) AppleWebKit/537.36 (KHTML, like Gecko) Chrome/142.0.0.0 Safari/537.36', 'ip_address': '127.0.0.1', 'timestamp': '2025-11-23T11:59:33.844450'}
Traceback:
NoneType: None

==============================***=====================
2025-11-23 11:59:33 - hannariskpro - ERROR - Error en Endpoint: GET /api/dashboard/kpis (REQUEST) - Status: 200: NoneType - None


==============================***=====================
Timestamp: 2025-11-23 11:59:33
Contexto: Endpoint: GET /api/dashboard/by_location (RESPONSE) - Status: 200
Tipo de Error: NoneType
Mensaje: None
Información Adicional:
  endpoint: GET /api/dashboard/by_location
  method: RESPONSE
  status_code: 200
  request_data: {'method': 'GET', 'path': '/api/dashboard/by_location', 'status_code': 200, 'process_time': '0.0425s', 'ip_address': '127.0.0.1', 'timestamp': '2025-11-23T11:59:33.852881'}
Traceback:
NoneType: None

==============================***=====================
2025-11-23 11:59:33 - hannariskpro - ERROR - Error en Endpoint: GET /api/dashboard/by_location (RESPONSE) - Status: 200: NoneType - None


==============================***=====================
Timestamp: 2025-11-23 11:59:33
Contexto: Endpoint: GET /api/me (REQUEST) - Status: 200
Tipo de Error: NoneType
Mensaje: None
Información Adicional:
  endpoint: GET /api/me
  method: REQUEST
  status_code: 200
  request_data: {'method': 'GET', 'path': '/api/me', 'user_agent': 'Mozilla/5.0 (Windows NT 10.0; Win64; x64) AppleWebKit/537.36 (KHTML, like Gecko) Chrome/142.0.0.0 Safari/537.36', 'ip_address': '127.0.0.1', 'timestamp': '2025-11-23T11:59:33.865894'}
Traceback:
NoneType: None

==============================***=====================
2025-11-23 11:59:33 - hannariskpro - ERROR - Error en Endpoint: GET /api/me (REQUEST) - Status: 200: NoneType - None


==============================***=====================
Timestamp: 2025-11-23 11:59:33
Contexto: Endpoint: GET /api/dashboard/trends (REQUEST) - Status: 200
Tipo de Error: NoneType
Mensaje: None
Información Adicional:
  endpoint: GET /api/dashboard/trends
  method: REQUEST
  status_code: 200
  request_data: {'method': 'GET', 'path': '/api/dashboard/trends', 'user_agent': 'Mozilla/5.0 (Windows NT 10.0; Win64; x64) AppleWebKit/537.36 (KHTML, like Gecko) Chrome/142.0.0.0 Safari/537.36', 'ip_address': '127.0.0.1', 'timestamp': '2025-11-23T11:59:33.872955'}
Traceback:
NoneType: None

==============================***=====================
2025-11-23 11:59:33 - hannariskpro - ERROR - Error en Endpoint: GET /api/dashboard/trends (REQUEST) - Status: 200: NoneType - None


==============================***=====================
Timestamp: 2025-11-23 11:59:33
Contexto: Endpoint: GET /api/dashboard/kpis (RESPONSE) - Status: 200
Tipo de Error: NoneType
Mensaje: None
Información Adicional:
  endpoint: GET /api/dashboard/kpis
  method: RESPONSE
  status_code: 200
  request_data: {'method': 'GET', 'path': '/api/dashboard/kpis', 'status_code': 200, 'process_time': '0.0342s', 'ip_address': '127.0.0.1', 'timestamp': '2025-11-23T11:59:33.878674'}
Traceback:
NoneType: None

==============================***=====================
2025-11-23 11:59:33 - hannariskpro - ERROR - Error en Endpoint: GET /api/dashboard/kpis (RESPONSE) - Status: 200: NoneType - None


==============================***=====================
Timestamp: 2025-11-23 11:59:33
Contexto: Endpoint: GET /api/me (RESPONSE) - Status: 200
Tipo de Error: NoneType
Mensaje: None
Información Adicional:
  endpoint: GET /api/me
  method: RESPONSE
  status_code: 200
  request_data: {'method': 'GET', 'path': '/api/me', 'status_code': 200, 'process_time': '0.0226s', 'ip_address': '127.0.0.1', 'timestamp': '2025-11-23T11:59:33.888444'}
Traceback:
NoneType: None

==============================***=====================
2025-11-23 11:59:33 - hannariskpro - ERROR - Error en Endpoint: GET /api/me (RESPONSE) - Status: 200: NoneType - None


==============================***=====================
Timestamp: 2025-11-23 11:59:33
Contexto: Endpoint: GET /api/dashboard/trends (RESPONSE) - Status: 200
Tipo de Error: NoneType
Mensaje: None
Información Adicional:
  endpoint: GET /api/dashboard/trends
  method: RESPONSE
  status_code: 200
  request_data: {'method': 'GET', 'path': '/api/dashboard/trends', 'status_code': 200, 'process_time': '0.0244s', 'ip_address': '127.0.0.1', 'timestamp': '2025-11-23T11:59:33.897395'}
Traceback:
NoneType: None

==============================***=====================
2025-11-23 11:59:33 - hannariskpro - ERROR - Error en Endpoint: GET /api/dashboard/trends (RESPONSE) - Status: 200: NoneType - None


==============================***=====================
Timestamp: 2025-11-23 11:59:52
Contexto: Endpoint: GET /api/me (REQUEST) - Status: 200
Tipo de Error: NoneType
Mensaje: None
Información Adicional:
  endpoint: GET /api/me
  method: REQUEST
  status_code: 200
  request_data: {'method': 'GET', 'path': '/api/me', 'user_agent': 'Mozilla/5.0 (Windows NT 10.0; Win64; x64) AppleWebKit/537.36 (KHTML, like Gecko) Chrome/142.0.0.0 Safari/537.36', 'ip_address': '127.0.0.1', 'timestamp': '2025-11-23T11:59:52.640638'}
Traceback:
NoneType: None

==============================***=====================
2025-11-23 11:59:52 - hannariskpro - ERROR - Error en Endpoint: GET /api/me (REQUEST) - Status: 200: NoneType - None


==============================***=====================
Timestamp: 2025-11-23 11:59:52
Contexto: Endpoint: GET /api/dashboard/kpis (REQUEST) - Status: 200
Tipo de Error: NoneType
Mensaje: None
Información Adicional:
  endpoint: GET /api/dashboard/kpis
  method: REQUEST
  status_code: 200
  request_data: {'method': 'GET', 'path': '/api/dashboard/kpis', 'user_agent': 'Mozilla/5.0 (Windows NT 10.0; Win64; x64) AppleWebKit/537.36 (KHTML, like Gecko) Chrome/142.0.0.0 Safari/537.36', 'ip_address': '127.0.0.1', 'timestamp': '2025-11-23T11:59:52.641756'}
Traceback:
NoneType: None

==============================***=====================
2025-11-23 11:59:52 - hannariskpro - ERROR - Error en Endpoint: GET /api/dashboard/kpis (REQUEST) - Status: 200: NoneType - None


==============================***=====================
Timestamp: 2025-11-23 11:59:52
Contexto: Endpoint: GET /api/dashboard/actions_critical (REQUEST) - Status: 200
Tipo de Error: NoneType
Mensaje: None
Información Adicional:
  endpoint: GET /api/dashboard/actions_critical
  method: REQUEST
  status_code: 200
  request_data: {'method': 'GET', 'path': '/api/dashboard/actions_critical', 'user_agent': 'Mozilla/5.0 (Windows NT 10.0; Win64; x64) AppleWebKit/537.36 (KHTML, like Gecko) Chrome/142.0.0.0 Safari/537.36', 'ip_address': '127.0.0.1', 'timestamp': '2025-11-23T11:59:52.645352'}
Traceback:
NoneType: None

==============================***=====================
2025-11-23 11:59:52 - hannariskpro - ERROR - Error en Endpoint: GET /api/dashboard/actions_critical (REQUEST) - Status: 200: NoneType - None


==============================***=====================
Timestamp: 2025-11-23 11:59:52
Contexto: Endpoint: GET /api/dashboard/by_level (REQUEST) - Status: 200
Tipo de Error: NoneType
Mensaje: None
Información Adicional:
  endpoint: GET /api/dashboard/by_level
  method: REQUEST
  status_code: 200
  request_data: {'method': 'GET', 'path': '/api/dashboard/by_level', 'user_agent': 'Mozilla/5.0 (Windows NT 10.0; Win64; x64) AppleWebKit/537.36 (KHTML, like Gecko) Chrome/142.0.0.0 Safari/537.36', 'ip_address': '127.0.0.1', 'timestamp': '2025-11-23T11:59:52.646364'}
Traceback:
NoneType: None

==============================***=====================
2025-11-23 11:59:52 - hannariskpro - ERROR - Error en Endpoint: GET /api/dashboard/by_level (REQUEST) - Status: 200: NoneType - None


==============================***=====================
Timestamp: 2025-11-23 11:59:52
Contexto: Endpoint: GET /api/dashboard/by_location (REQUEST) - Status: 200
Tipo de Error: NoneType
Mensaje: None
Información Adicional:
  endpoint: GET /api/dashboard/by_location
  method: REQUEST
  status_code: 200
  request_data: {'method': 'GET', 'path': '/api/dashboard/by_location', 'user_agent': 'Mozilla/5.0 (Windows NT 10.0; Win64; x64) AppleWebKit/537.36 (KHTML, like Gecko) Chrome/142.0.0.0 Safari/537.36', 'ip_address': '127.0.0.1', 'timestamp': '2025-11-23T11:59:52.648879'}
Traceback:
NoneType: None

==============================***=====================
2025-11-23 11:59:52 - hannariskpro - ERROR - Error en Endpoint: GET /api/dashboard/by_location (REQUEST) - Status: 200: NoneType - None


==============================***=====================
Timestamp: 2025-11-23 11:59:52
Contexto: Endpoint: GET /api/dashboard/risk_matrix (REQUEST) - Status: 200
Tipo de Error: NoneType
Mensaje: None
Información Adicional:
  endpoint: GET /api/dashboard/risk_matrix
  method: REQUEST
  status_code: 200
  request_data: {'method': 'GET', 'path': '/api/dashboard/risk_matrix', 'user_agent': 'Mozilla/5.0 (Windows NT 10.0; Win64; x64) AppleWebKit/537.36 (KHTML, like Gecko) Chrome/142.0.0.0 Safari/537.36', 'ip_address': '127.0.0.1', 'timestamp': '2025-11-23T11:59:52.652028'}
Traceback:
NoneType: None

==============================***=====================
2025-11-23 11:59:52 - hannariskpro - ERROR - Error en Endpoint: GET /api/dashboard/risk_matrix (REQUEST) - Status: 200: NoneType - None


==============================***=====================
Timestamp: 2025-11-23 11:59:52
Contexto: Endpoint: GET /api/me (RESPONSE) - Status: 200
Tipo de Error: NoneType
Mensaje: None
Información Adicional:
  endpoint: GET /api/me
  method: RESPONSE
  status_code: 200
  request_data: {'method': 'GET', 'path': '/api/me', 'status_code': 200, 'process_time': '0.0274s', 'ip_address': '127.0.0.1', 'timestamp': '2025-11-23T11:59:52.668057'}
Traceback:
NoneType: None

==============================***=====================
2025-11-23 11:59:52 - hannariskpro - ERROR - Error en Endpoint: GET /api/me (RESPONSE) - Status: 200: NoneType - None


==============================***=====================
Timestamp: 2025-11-23 11:59:52
Contexto: Endpoint: GET /api/dashboard/actions_critical (RESPONSE) - Status: 200
Tipo de Error: NoneType
Mensaje: None
Información Adicional:
  endpoint: GET /api/dashboard/actions_critical
  method: RESPONSE
  status_code: 200
  request_data: {'method': 'GET', 'path': '/api/dashboard/actions_critical', 'status_code': 200, 'process_time': '0.0294s', 'ip_address': '127.0.0.1', 'timestamp': '2025-11-23T11:59:52.674800'}
Traceback:
NoneType: None

==============================***=====================
2025-11-23 11:59:52 - hannariskpro - ERROR - Error en Endpoint: GET /api/dashboard/actions_critical (RESPONSE) - Status: 200: NoneType - None


==============================***=====================
Timestamp: 2025-11-23 11:59:52
Contexto: Endpoint: GET /api/dashboard/by_level (RESPONSE) - Status: 200
Tipo de Error: NoneType
Mensaje: None
Información Adicional:
  endpoint: GET /api/dashboard/by_level
  method: RESPONSE
  status_code: 200
  request_data: {'method': 'GET', 'path': '/api/dashboard/by_level', 'status_code': 200, 'process_time': '0.0302s', 'ip_address': '127.0.0.1', 'timestamp': '2025-11-23T11:59:52.676614'}
Traceback:
NoneType: None

==============================***=====================
2025-11-23 11:59:52 - hannariskpro - ERROR - Error en Endpoint: GET /api/dashboard/by_level (RESPONSE) - Status: 200: NoneType - None


==============================***=====================
Timestamp: 2025-11-23 11:59:52
Contexto: Endpoint: GET /api/dashboard/by_location (RESPONSE) - Status: 200
Tipo de Error: NoneType
Mensaje: None
Información Adicional:
  endpoint: GET /api/dashboard/by_location
  method: RESPONSE
  status_code: 200
  request_data: {'method': 'GET', 'path': '/api/dashboard/by_location', 'status_code': 200, 'process_time': '0.0354s', 'ip_address': '127.0.0.1', 'timestamp': '2025-11-23T11:59:52.684286'}
Traceback:
NoneType: None

==============================***=====================
2025-11-23 11:59:52 - hannariskpro - ERROR - Error en Endpoint: GET /api/dashboard/by_location (RESPONSE) - Status: 200: NoneType - None


==============================***=====================
Timestamp: 2025-11-23 11:59:52
Contexto: Endpoint: GET /api/dashboard/risk_matrix (RESPONSE) - Status: 200
Tipo de Error: NoneType
Mensaje: None
Información Adicional:
  endpoint: GET /api/dashboard/risk_matrix
  method: RESPONSE
  status_code: 200
  request_data: {'method': 'GET', 'path': '/api/dashboard/risk_matrix', 'status_code': 200, 'process_time': '0.0334s', 'ip_address': '127.0.0.1', 'timestamp': '2025-11-23T11:59:52.685452'}
Traceback:
NoneType: None

==============================***=====================
2025-11-23 11:59:52 - hannariskpro - ERROR - Error en Endpoint: GET /api/dashboard/risk_matrix (RESPONSE) - Status: 200: NoneType - None


==============================***=====================
Timestamp: 2025-11-23 11:59:52
Contexto: Endpoint: GET /api/dashboard/activity (REQUEST) - Status: 200
Tipo de Error: NoneType
Mensaje: None
Información Adicional:
  endpoint: GET /api/dashboard/activity
  method: REQUEST
  status_code: 200
  request_data: {'method': 'GET', 'path': '/api/dashboard/activity', 'user_agent': 'Mozilla/5.0 (Windows NT 10.0; Win64; x64) AppleWebKit/537.36 (KHTML, like Gecko) Chrome/142.0.0.0 Safari/537.36', 'ip_address': '127.0.0.1', 'timestamp': '2025-11-23T11:59:52.690006'}
Traceback:
NoneType: None

==============================***=====================
2025-11-23 11:59:52 - hannariskpro - ERROR - Error en Endpoint: GET /api/dashboard/activity (REQUEST) - Status: 200: NoneType - None


==============================***=====================
Timestamp: 2025-11-23 11:59:52
Contexto: Endpoint: GET /api/dashboard/kpis (RESPONSE) - Status: 200
Tipo de Error: NoneType
Mensaje: None
Información Adicional:
  endpoint: GET /api/dashboard/kpis
  method: RESPONSE
  status_code: 200
  request_data: {'method': 'GET', 'path': '/api/dashboard/kpis', 'status_code': 200, 'process_time': '0.0519s', 'ip_address': '127.0.0.1', 'timestamp': '2025-11-23T11:59:52.693698'}
Traceback:
NoneType: None

==============================***=====================
2025-11-23 11:59:52 - hannariskpro - ERROR - Error en Endpoint: GET /api/dashboard/kpis (RESPONSE) - Status: 200: NoneType - None


==============================***=====================
Timestamp: 2025-11-23 11:59:52
Contexto: Endpoint: GET /api/dashboard/trends (REQUEST) - Status: 200
Tipo de Error: NoneType
Mensaje: None
Información Adicional:
  endpoint: GET /api/dashboard/trends
  method: REQUEST
  status_code: 200
  request_data: {'method': 'GET', 'path': '/api/dashboard/trends', 'user_agent': 'Mozilla/5.0 (Windows NT 10.0; Win64; x64) AppleWebKit/537.36 (KHTML, like Gecko) Chrome/142.0.0.0 Safari/537.36', 'ip_address': '127.0.0.1', 'timestamp': '2025-11-23T11:59:52.698273'}
Traceback:
NoneType: None

==============================***=====================
2025-11-23 11:59:52 - hannariskpro - ERROR - Error en Endpoint: GET /api/dashboard/trends (REQUEST) - Status: 200: NoneType - None


==============================***=====================
Timestamp: 2025-11-23 11:59:52
Contexto: Endpoint: GET /api/me (REQUEST) - Status: 200
Tipo de Error: NoneType
Mensaje: None
Información Adicional:
  endpoint: GET /api/me
  method: REQUEST
  status_code: 200
  request_data: {'method': 'GET', 'path': '/api/me', 'user_agent': 'Mozilla/5.0 (Windows NT 10.0; Win64; x64) AppleWebKit/537.36 (KHTML, like Gecko) Chrome/142.0.0.0 Safari/537.36', 'ip_address': '127.0.0.1', 'timestamp': '2025-11-23T11:59:52.699363'}
Traceback:
NoneType: None

==============================***=====================
2025-11-23 11:59:52 - hannariskpro - ERROR - Error en Endpoint: GET /api/me (REQUEST) - Status: 200: NoneType - None


==============================***=====================
Timestamp: 2025-11-23 11:59:52
Contexto: Endpoint: GET /api/dashboard/actions_critical (REQUEST) - Status: 200
Tipo de Error: NoneType
Mensaje: None
Información Adicional:
  endpoint: GET /api/dashboard/actions_critical
  method: REQUEST
  status_code: 200
  request_data: {'method': 'GET', 'path': '/api/dashboard/actions_critical', 'user_agent': 'Mozilla/5.0 (Windows NT 10.0; Win64; x64) AppleWebKit/537.36 (KHTML, like Gecko) Chrome/142.0.0.0 Safari/537.36', 'ip_address': '127.0.0.1', 'timestamp': '2025-11-23T11:59:52.707415'}
Traceback:
NoneType: None

==============================***=====================
2025-11-23 11:59:52 - hannariskpro - ERROR - Error en Endpoint: GET /api/dashboard/actions_critical (REQUEST) - Status: 200: NoneType - None


==============================***=====================
Timestamp: 2025-11-23 11:59:52
Contexto: Endpoint: GET /api/dashboard/by_level (REQUEST) - Status: 200
Tipo de Error: NoneType
Mensaje: None
Información Adicional:
  endpoint: GET /api/dashboard/by_level
  method: REQUEST
  status_code: 200
  request_data: {'method': 'GET', 'path': '/api/dashboard/by_level', 'user_agent': 'Mozilla/5.0 (Windows NT 10.0; Win64; x64) AppleWebKit/537.36 (KHTML, like Gecko) Chrome/142.0.0.0 Safari/537.36', 'ip_address': '127.0.0.1', 'timestamp': '2025-11-23T11:59:52.711561'}
Traceback:
NoneType: None

==============================***=====================
2025-11-23 11:59:52 - hannariskpro - ERROR - Error en Endpoint: GET /api/dashboard/by_level (REQUEST) - Status: 200: NoneType - None


==============================***=====================
Timestamp: 2025-11-23 11:59:52
Contexto: Endpoint: GET /api/dashboard/by_location (REQUEST) - Status: 200
Tipo de Error: NoneType
Mensaje: None
Información Adicional:
  endpoint: GET /api/dashboard/by_location
  method: REQUEST
  status_code: 200
  request_data: {'method': 'GET', 'path': '/api/dashboard/by_location', 'user_agent': 'Mozilla/5.0 (Windows NT 10.0; Win64; x64) AppleWebKit/537.36 (KHTML, like Gecko) Chrome/142.0.0.0 Safari/537.36', 'ip_address': '127.0.0.1', 'timestamp': '2025-11-23T11:59:52.714018'}
Traceback:
NoneType: None

==============================***=====================
2025-11-23 11:59:52 - hannariskpro - ERROR - Error en Endpoint: GET /api/dashboard/by_location (REQUEST) - Status: 200: NoneType - None


==============================***=====================
Timestamp: 2025-11-23 11:59:52
Contexto: Endpoint: GET /api/dashboard/activity (RESPONSE) - Status: 200
Tipo de Error: NoneType
Mensaje: None
Información Adicional:
  endpoint: GET /api/dashboard/activity
  method: RESPONSE
  status_code: 200
  request_data: {'method': 'GET', 'path': '/api/dashboard/activity', 'status_code': 200, 'process_time': '0.0561s', 'ip_address': '127.0.0.1', 'timestamp': '2025-11-23T11:59:52.746138'}
Traceback:
NoneType: None

==============================***=====================
2025-11-23 11:59:52 - hannariskpro - ERROR - Error en Endpoint: GET /api/dashboard/activity (RESPONSE) - Status: 200: NoneType - None


==============================***=====================
Timestamp: 2025-11-23 11:59:52
Contexto: Endpoint: GET /api/me (RESPONSE) - Status: 200
Tipo de Error: NoneType
Mensaje: None
Información Adicional:
  endpoint: GET /api/me
  method: RESPONSE
  status_code: 200
  request_data: {'method': 'GET', 'path': '/api/me', 'status_code': 200, 'process_time': '0.0596s', 'ip_address': '127.0.0.1', 'timestamp': '2025-11-23T11:59:52.758913'}
Traceback:
NoneType: None

==============================***=====================
2025-11-23 11:59:52 - hannariskpro - ERROR - Error en Endpoint: GET /api/me (RESPONSE) - Status: 200: NoneType - None


==============================***=====================
Timestamp: 2025-11-23 11:59:52
Contexto: Endpoint: GET /api/dashboard/actions_critical (RESPONSE) - Status: 200
Tipo de Error: NoneType
Mensaje: None
Información Adicional:
  endpoint: GET /api/dashboard/actions_critical
  method: RESPONSE
  status_code: 200
  request_data: {'method': 'GET', 'path': '/api/dashboard/actions_critical', 'status_code': 200, 'process_time': '0.0636s', 'ip_address': '127.0.0.1', 'timestamp': '2025-11-23T11:59:52.771052'}
Traceback:
NoneType: None

==============================***=====================
2025-11-23 11:59:52 - hannariskpro - ERROR - Error en Endpoint: GET /api/dashboard/actions_critical (RESPONSE) - Status: 200: NoneType - None


==============================***=====================
Timestamp: 2025-11-23 11:59:52
Contexto: Endpoint: GET /api/dashboard/risk_matrix (REQUEST) - Status: 200
Tipo de Error: NoneType
Mensaje: None
Información Adicional:
  endpoint: GET /api/dashboard/risk_matrix
  method: REQUEST
  status_code: 200
  request_data: {'method': 'GET', 'path': '/api/dashboard/risk_matrix', 'user_agent': 'Mozilla/5.0 (Windows NT 10.0; Win64; x64) AppleWebKit/537.36 (KHTML, like Gecko) Chrome/142.0.0.0 Safari/537.36', 'ip_address': '127.0.0.1', 'timestamp': '2025-11-23T11:59:52.776116'}
Traceback:
NoneType: None

==============================***=====================
2025-11-23 11:59:52 - hannariskpro - ERROR - Error en Endpoint: GET /api/dashboard/risk_matrix (REQUEST) - Status: 200: NoneType - None


==============================***=====================
Timestamp: 2025-11-23 11:59:52
Contexto: Endpoint: GET /api/dashboard/by_level (RESPONSE) - Status: 200
Tipo de Error: NoneType
Mensaje: None
Información Adicional:
  endpoint: GET /api/dashboard/by_level
  method: RESPONSE
  status_code: 200
  request_data: {'method': 'GET', 'path': '/api/dashboard/by_level', 'status_code': 200, 'process_time': '0.0661s', 'ip_address': '127.0.0.1', 'timestamp': '2025-11-23T11:59:52.777632'}
Traceback:
NoneType: None

==============================***=====================
2025-11-23 11:59:52 - hannariskpro - ERROR - Error en Endpoint: GET /api/dashboard/by_level (RESPONSE) - Status: 200: NoneType - None


==============================***=====================
Timestamp: 2025-11-23 11:59:52
Contexto: Endpoint: GET /api/dashboard/kpis (REQUEST) - Status: 200
Tipo de Error: NoneType
Mensaje: None
Información Adicional:
  endpoint: GET /api/dashboard/kpis
  method: REQUEST
  status_code: 200
  request_data: {'method': 'GET', 'path': '/api/dashboard/kpis', 'user_agent': 'Mozilla/5.0 (Windows NT 10.0; Win64; x64) AppleWebKit/537.36 (KHTML, like Gecko) Chrome/142.0.0.0 Safari/537.36', 'ip_address': '127.0.0.1', 'timestamp': '2025-11-23T11:59:52.780169'}
Traceback:
NoneType: None

==============================***=====================
2025-11-23 11:59:52 - hannariskpro - ERROR - Error en Endpoint: GET /api/dashboard/kpis (REQUEST) - Status: 200: NoneType - None


==============================***=====================
Timestamp: 2025-11-23 11:59:52
Contexto: Endpoint: GET /api/dashboard/by_location (RESPONSE) - Status: 200
Tipo de Error: NoneType
Mensaje: None
Información Adicional:
  endpoint: GET /api/dashboard/by_location
  method: RESPONSE
  status_code: 200
  request_data: {'method': 'GET', 'path': '/api/dashboard/by_location', 'status_code': 200, 'process_time': '0.0714s', 'ip_address': '127.0.0.1', 'timestamp': '2025-11-23T11:59:52.785390'}
Traceback:
NoneType: None

==============================***=====================
2025-11-23 11:59:52 - hannariskpro - ERROR - Error en Endpoint: GET /api/dashboard/by_location (RESPONSE) - Status: 200: NoneType - None


==============================***=====================
Timestamp: 2025-11-23 11:59:52
Contexto: Endpoint: GET /api/dashboard/trends (RESPONSE) - Status: 200
Tipo de Error: NoneType
Mensaje: None
Información Adicional:
  endpoint: GET /api/dashboard/trends
  method: RESPONSE
  status_code: 200
  request_data: {'method': 'GET', 'path': '/api/dashboard/trends', 'status_code': 200, 'process_time': '0.0895s', 'ip_address': '127.0.0.1', 'timestamp': '2025-11-23T11:59:52.787756'}
Traceback:
NoneType: None

==============================***=====================
2025-11-23 11:59:52 - hannariskpro - ERROR - Error en Endpoint: GET /api/dashboard/trends (RESPONSE) - Status: 200: NoneType - None


==============================***=====================
Timestamp: 2025-11-23 11:59:52
Contexto: Endpoint: GET /api/dashboard/activity (REQUEST) - Status: 200
Tipo de Error: NoneType
Mensaje: None
Información Adicional:
  endpoint: GET /api/dashboard/activity
  method: REQUEST
  status_code: 200
  request_data: {'method': 'GET', 'path': '/api/dashboard/activity', 'user_agent': 'Mozilla/5.0 (Windows NT 10.0; Win64; x64) AppleWebKit/537.36 (KHTML, like Gecko) Chrome/142.0.0.0 Safari/537.36', 'ip_address': '127.0.0.1', 'timestamp': '2025-11-23T11:59:52.793200'}
Traceback:
NoneType: None

==============================***=====================
2025-11-23 11:59:52 - hannariskpro - ERROR - Error en Endpoint: GET /api/dashboard/activity (REQUEST) - Status: 200: NoneType - None


==============================***=====================
Timestamp: 2025-11-23 11:59:52
Contexto: Endpoint: GET /api/dashboard/trends (REQUEST) - Status: 200
Tipo de Error: NoneType
Mensaje: None
Información Adicional:
  endpoint: GET /api/dashboard/trends
  method: REQUEST
  status_code: 200
  request_data: {'method': 'GET', 'path': '/api/dashboard/trends', 'user_agent': 'Mozilla/5.0 (Windows NT 10.0; Win64; x64) AppleWebKit/537.36 (KHTML, like Gecko) Chrome/142.0.0.0 Safari/537.36', 'ip_address': '127.0.0.1', 'timestamp': '2025-11-23T11:59:52.798988'}
Traceback:
NoneType: None

==============================***=====================
2025-11-23 11:59:52 - hannariskpro - ERROR - Error en Endpoint: GET /api/dashboard/trends (REQUEST) - Status: 200: NoneType - None


==============================***=====================
Timestamp: 2025-11-23 11:59:52
Contexto: Endpoint: GET /api/dashboard/risk_matrix (RESPONSE) - Status: 200
Tipo de Error: NoneType
Mensaje: None
Información Adicional:
  endpoint: GET /api/dashboard/risk_matrix
  method: RESPONSE
  status_code: 200
  request_data: {'method': 'GET', 'path': '/api/dashboard/risk_matrix', 'status_code': 200, 'process_time': '0.0282s', 'ip_address': '127.0.0.1', 'timestamp': '2025-11-23T11:59:52.804318'}
Traceback:
NoneType: None

==============================***=====================
2025-11-23 11:59:52 - hannariskpro - ERROR - Error en Endpoint: GET /api/dashboard/risk_matrix (RESPONSE) - Status: 200: NoneType - None


==============================***=====================
Timestamp: 2025-11-23 11:59:52
Contexto: Endpoint: GET /api/dashboard/kpis (RESPONSE) - Status: 200
Tipo de Error: NoneType
Mensaje: None
Información Adicional:
  endpoint: GET /api/dashboard/kpis
  method: RESPONSE
  status_code: 200
  request_data: {'method': 'GET', 'path': '/api/dashboard/kpis', 'status_code': 200, 'process_time': '0.0340s', 'ip_address': '127.0.0.1', 'timestamp': '2025-11-23T11:59:52.814127'}
Traceback:
NoneType: None

==============================***=====================
2025-11-23 11:59:52 - hannariskpro - ERROR - Error en Endpoint: GET /api/dashboard/kpis (RESPONSE) - Status: 200: NoneType - None


==============================***=====================
Timestamp: 2025-11-23 11:59:52
Contexto: Endpoint: GET /api/dashboard/activity (RESPONSE) - Status: 200
Tipo de Error: NoneType
Mensaje: None
Información Adicional:
  endpoint: GET /api/dashboard/activity
  method: RESPONSE
  status_code: 200
  request_data: {'method': 'GET', 'path': '/api/dashboard/activity', 'status_code': 200, 'process_time': '0.0245s', 'ip_address': '127.0.0.1', 'timestamp': '2025-11-23T11:59:52.817651'}
Traceback:
NoneType: None

==============================***=====================
2025-11-23 11:59:52 - hannariskpro - ERROR - Error en Endpoint: GET /api/dashboard/activity (RESPONSE) - Status: 200: NoneType - None


==============================***=====================
Timestamp: 2025-11-23 11:59:52
Contexto: Endpoint: GET /api/dashboard/trends (RESPONSE) - Status: 200
Tipo de Error: NoneType
Mensaje: None
Información Adicional:
  endpoint: GET /api/dashboard/trends
  method: RESPONSE
  status_code: 200
  request_data: {'method': 'GET', 'path': '/api/dashboard/trends', 'status_code': 200, 'process_time': '0.0265s', 'ip_address': '127.0.0.1', 'timestamp': '2025-11-23T11:59:52.825524'}
Traceback:
NoneType: None

==============================***=====================
2025-11-23 11:59:52 - hannariskpro - ERROR - Error en Endpoint: GET /api/dashboard/trends (RESPONSE) - Status: 200: NoneType - None


==============================***=====================
Timestamp: 2025-11-23 12:00:12
Contexto: Endpoint: GET /api/dashboard/kpis (REQUEST) - Status: 200
Tipo de Error: NoneType
Mensaje: None
Información Adicional:
  endpoint: GET /api/dashboard/kpis
  method: REQUEST
  status_code: 200
  request_data: {'method': 'GET', 'path': '/api/dashboard/kpis', 'user_agent': 'Mozilla/5.0 (Windows NT 10.0; Win64; x64) AppleWebKit/537.36 (KHTML, like Gecko) Chrome/142.0.0.0 Safari/537.36', 'ip_address': '127.0.0.1', 'timestamp': '2025-11-23T12:00:12.553008'}
Traceback:
NoneType: None

==============================***=====================
2025-11-23 12:00:12 - hannariskpro - ERROR - Error en Endpoint: GET /api/dashboard/kpis (REQUEST) - Status: 200: NoneType - None


==============================***=====================
Timestamp: 2025-11-23 12:00:12
Contexto: Endpoint: GET /api/dashboard/risk_matrix (REQUEST) - Status: 200
Tipo de Error: NoneType
Mensaje: None
Información Adicional:
  endpoint: GET /api/dashboard/risk_matrix
  method: REQUEST
  status_code: 200
  request_data: {'method': 'GET', 'path': '/api/dashboard/risk_matrix', 'user_agent': 'Mozilla/5.0 (Windows NT 10.0; Win64; x64) AppleWebKit/537.36 (KHTML, like Gecko) Chrome/142.0.0.0 Safari/537.36', 'ip_address': '127.0.0.1', 'timestamp': '2025-11-23T12:00:12.555008'}
Traceback:
NoneType: None

==============================***=====================
2025-11-23 12:00:12 - hannariskpro - ERROR - Error en Endpoint: GET /api/dashboard/risk_matrix (REQUEST) - Status: 200: NoneType - None


==============================***=====================
Timestamp: 2025-11-23 12:00:12
Contexto: Endpoint: GET /api/me (REQUEST) - Status: 200
Tipo de Error: NoneType
Mensaje: None
Información Adicional:
  endpoint: GET /api/me
  method: REQUEST
  status_code: 200
  request_data: {'method': 'GET', 'path': '/api/me', 'user_agent': 'Mozilla/5.0 (Windows NT 10.0; Win64; x64) AppleWebKit/537.36 (KHTML, like Gecko) Chrome/142.0.0.0 Safari/537.36', 'ip_address': '127.0.0.1', 'timestamp': '2025-11-23T12:00:12.557725'}
Traceback:
NoneType: None

==============================***=====================
2025-11-23 12:00:12 - hannariskpro - ERROR - Error en Endpoint: GET /api/me (REQUEST) - Status: 200: NoneType - None


==============================***=====================
Timestamp: 2025-11-23 12:00:12
Contexto: Endpoint: GET /api/dashboard/actions_critical (REQUEST) - Status: 200
Tipo de Error: NoneType
Mensaje: None
Información Adicional:
  endpoint: GET /api/dashboard/actions_critical
  method: REQUEST
  status_code: 200
  request_data: {'method': 'GET', 'path': '/api/dashboard/actions_critical', 'user_agent': 'Mozilla/5.0 (Windows NT 10.0; Win64; x64) AppleWebKit/537.36 (KHTML, like Gecko) Chrome/142.0.0.0 Safari/537.36', 'ip_address': '127.0.0.1', 'timestamp': '2025-11-23T12:00:12.561762'}
Traceback:
NoneType: None

==============================***=====================
2025-11-23 12:00:12 - hannariskpro - ERROR - Error en Endpoint: GET /api/dashboard/actions_critical (REQUEST) - Status: 200: NoneType - None


==============================***=====================
Timestamp: 2025-11-23 12:00:12
Contexto: Endpoint: GET /api/dashboard/by_location (REQUEST) - Status: 200
Tipo de Error: NoneType
Mensaje: None
Información Adicional:
  endpoint: GET /api/dashboard/by_location
  method: REQUEST
  status_code: 200
  request_data: {'method': 'GET', 'path': '/api/dashboard/by_location', 'user_agent': 'Mozilla/5.0 (Windows NT 10.0; Win64; x64) AppleWebKit/537.36 (KHTML, like Gecko) Chrome/142.0.0.0 Safari/537.36', 'ip_address': '127.0.0.1', 'timestamp': '2025-11-23T12:00:12.562757'}
Traceback:
NoneType: None

==============================***=====================
2025-11-23 12:00:12 - hannariskpro - ERROR - Error en Endpoint: GET /api/dashboard/by_location (REQUEST) - Status: 200: NoneType - None


==============================***=====================
Timestamp: 2025-11-23 12:00:12
Contexto: Endpoint: GET /api/dashboard/by_level (REQUEST) - Status: 200
Tipo de Error: NoneType
Mensaje: None
Información Adicional:
  endpoint: GET /api/dashboard/by_level
  method: REQUEST
  status_code: 200
  request_data: {'method': 'GET', 'path': '/api/dashboard/by_level', 'user_agent': 'Mozilla/5.0 (Windows NT 10.0; Win64; x64) AppleWebKit/537.36 (KHTML, like Gecko) Chrome/142.0.0.0 Safari/537.36', 'ip_address': '127.0.0.1', 'timestamp': '2025-11-23T12:00:12.564757'}
Traceback:
NoneType: None

==============================***=====================
2025-11-23 12:00:12 - hannariskpro - ERROR - Error en Endpoint: GET /api/dashboard/by_level (REQUEST) - Status: 200: NoneType - None


==============================***=====================
Timestamp: 2025-11-23 12:00:12
Contexto: Endpoint: GET /api/me (RESPONSE) - Status: 200
Tipo de Error: NoneType
Mensaje: None
Información Adicional:
  endpoint: GET /api/me
  method: RESPONSE
  status_code: 200
  request_data: {'method': 'GET', 'path': '/api/me', 'status_code': 200, 'process_time': '0.0277s', 'ip_address': '127.0.0.1', 'timestamp': '2025-11-23T12:00:12.585462'}
Traceback:
NoneType: None

==============================***=====================
2025-11-23 12:00:12 - hannariskpro - ERROR - Error en Endpoint: GET /api/me (RESPONSE) - Status: 200: NoneType - None


==============================***=====================
Timestamp: 2025-11-23 12:00:12
Contexto: Endpoint: GET /api/dashboard/risk_matrix (RESPONSE) - Status: 200
Tipo de Error: NoneType
Mensaje: None
Información Adicional:
  endpoint: GET /api/dashboard/risk_matrix
  method: RESPONSE
  status_code: 200
  request_data: {'method': 'GET', 'path': '/api/dashboard/risk_matrix', 'status_code': 200, 'process_time': '0.0452s', 'ip_address': '127.0.0.1', 'timestamp': '2025-11-23T12:00:12.600254'}
Traceback:
NoneType: None

==============================***=====================
2025-11-23 12:00:12 - hannariskpro - ERROR - Error en Endpoint: GET /api/dashboard/risk_matrix (RESPONSE) - Status: 200: NoneType - None


==============================***=====================
Timestamp: 2025-11-23 12:00:12
Contexto: Endpoint: GET /api/dashboard/actions_critical (RESPONSE) - Status: 200
Tipo de Error: NoneType
Mensaje: None
Información Adicional:
  endpoint: GET /api/dashboard/actions_critical
  method: RESPONSE
  status_code: 200
  request_data: {'method': 'GET', 'path': '/api/dashboard/actions_critical', 'status_code': 200, 'process_time': '0.0395s', 'ip_address': '127.0.0.1', 'timestamp': '2025-11-23T12:00:12.601255'}
Traceback:
NoneType: None

==============================***=====================
2025-11-23 12:00:12 - hannariskpro - ERROR - Error en Endpoint: GET /api/dashboard/actions_critical (RESPONSE) - Status: 200: NoneType - None


==============================***=====================
Timestamp: 2025-11-23 12:00:12
Contexto: Endpoint: GET /api/dashboard/by_level (RESPONSE) - Status: 200
Tipo de Error: NoneType
Mensaje: None
Información Adicional:
  endpoint: GET /api/dashboard/by_level
  method: RESPONSE
  status_code: 200
  request_data: {'method': 'GET', 'path': '/api/dashboard/by_level', 'status_code': 200, 'process_time': '0.0409s', 'ip_address': '127.0.0.1', 'timestamp': '2025-11-23T12:00:12.605678'}
Traceback:
NoneType: None

==============================***=====================
2025-11-23 12:00:12 - hannariskpro - ERROR - Error en Endpoint: GET /api/dashboard/by_level (RESPONSE) - Status: 200: NoneType - None


==============================***=====================
Timestamp: 2025-11-23 12:00:12
Contexto: Endpoint: GET /api/dashboard/by_location (RESPONSE) - Status: 200
Tipo de Error: NoneType
Mensaje: None
Información Adicional:
  endpoint: GET /api/dashboard/by_location
  method: RESPONSE
  status_code: 200
  request_data: {'method': 'GET', 'path': '/api/dashboard/by_location', 'status_code': 200, 'process_time': '0.0449s', 'ip_address': '127.0.0.1', 'timestamp': '2025-11-23T12:00:12.607640'}
Traceback:
NoneType: None

==============================***=====================
2025-11-23 12:00:12 - hannariskpro - ERROR - Error en Endpoint: GET /api/dashboard/by_location (RESPONSE) - Status: 200: NoneType - None


==============================***=====================
Timestamp: 2025-11-23 12:00:12
Contexto: Endpoint: GET /api/dashboard/kpis (RESPONSE) - Status: 200
Tipo de Error: NoneType
Mensaje: None
Información Adicional:
  endpoint: GET /api/dashboard/kpis
  method: RESPONSE
  status_code: 200
  request_data: {'method': 'GET', 'path': '/api/dashboard/kpis', 'status_code': 200, 'process_time': '0.0577s', 'ip_address': '127.0.0.1', 'timestamp': '2025-11-23T12:00:12.610720'}
Traceback:
NoneType: None

==============================***=====================
2025-11-23 12:00:12 - hannariskpro - ERROR - Error en Endpoint: GET /api/dashboard/kpis (RESPONSE) - Status: 200: NoneType - None


==============================***=====================
Timestamp: 2025-11-23 12:00:12
Contexto: Endpoint: GET /api/dashboard/activity (REQUEST) - Status: 200
Tipo de Error: NoneType
Mensaje: None
Información Adicional:
  endpoint: GET /api/dashboard/activity
  method: REQUEST
  status_code: 200
  request_data: {'method': 'GET', 'path': '/api/dashboard/activity', 'user_agent': 'Mozilla/5.0 (Windows NT 10.0; Win64; x64) AppleWebKit/537.36 (KHTML, like Gecko) Chrome/142.0.0.0 Safari/537.36', 'ip_address': '127.0.0.1', 'timestamp': '2025-11-23T12:00:12.617645'}
Traceback:
NoneType: None

==============================***=====================
2025-11-23 12:00:12 - hannariskpro - ERROR - Error en Endpoint: GET /api/dashboard/activity (REQUEST) - Status: 200: NoneType - None


==============================***=====================
Timestamp: 2025-11-23 12:00:12
Contexto: Endpoint: GET /api/dashboard/trends (REQUEST) - Status: 200
Tipo de Error: NoneType
Mensaje: None
Información Adicional:
  endpoint: GET /api/dashboard/trends
  method: REQUEST
  status_code: 200
  request_data: {'method': 'GET', 'path': '/api/dashboard/trends', 'user_agent': 'Mozilla/5.0 (Windows NT 10.0; Win64; x64) AppleWebKit/537.36 (KHTML, like Gecko) Chrome/142.0.0.0 Safari/537.36', 'ip_address': '127.0.0.1', 'timestamp': '2025-11-23T12:00:12.624527'}
Traceback:
NoneType: None

==============================***=====================
2025-11-23 12:00:12 - hannariskpro - ERROR - Error en Endpoint: GET /api/dashboard/trends (REQUEST) - Status: 200: NoneType - None


==============================***=====================
Timestamp: 2025-11-23 12:00:12
Contexto: Endpoint: GET /api/me (REQUEST) - Status: 200
Tipo de Error: NoneType
Mensaje: None
Información Adicional:
  endpoint: GET /api/me
  method: REQUEST
  status_code: 200
  request_data: {'method': 'GET', 'path': '/api/me', 'user_agent': 'Mozilla/5.0 (Windows NT 10.0; Win64; x64) AppleWebKit/537.36 (KHTML, like Gecko) Chrome/142.0.0.0 Safari/537.36', 'ip_address': '127.0.0.1', 'timestamp': '2025-11-23T12:00:12.628455'}
Traceback:
NoneType: None

==============================***=====================
2025-11-23 12:00:12 - hannariskpro - ERROR - Error en Endpoint: GET /api/me (REQUEST) - Status: 200: NoneType - None


==============================***=====================
Timestamp: 2025-11-23 12:00:12
Contexto: Endpoint: GET /api/dashboard/risk_matrix (REQUEST) - Status: 200
Tipo de Error: NoneType
Mensaje: None
Información Adicional:
  endpoint: GET /api/dashboard/risk_matrix
  method: REQUEST
  status_code: 200
  request_data: {'method': 'GET', 'path': '/api/dashboard/risk_matrix', 'user_agent': 'Mozilla/5.0 (Windows NT 10.0; Win64; x64) AppleWebKit/537.36 (KHTML, like Gecko) Chrome/142.0.0.0 Safari/537.36', 'ip_address': '127.0.0.1', 'timestamp': '2025-11-23T12:00:12.631466'}
Traceback:
NoneType: None

==============================***=====================
2025-11-23 12:00:12 - hannariskpro - ERROR - Error en Endpoint: GET /api/dashboard/risk_matrix (REQUEST) - Status: 200: NoneType - None


==============================***=====================
Timestamp: 2025-11-23 12:00:12
Contexto: Endpoint: GET /api/dashboard/actions_critical (REQUEST) - Status: 200
Tipo de Error: NoneType
Mensaje: None
Información Adicional:
  endpoint: GET /api/dashboard/actions_critical
  method: REQUEST
  status_code: 200
  request_data: {'method': 'GET', 'path': '/api/dashboard/actions_critical', 'user_agent': 'Mozilla/5.0 (Windows NT 10.0; Win64; x64) AppleWebKit/537.36 (KHTML, like Gecko) Chrome/142.0.0.0 Safari/537.36', 'ip_address': '127.0.0.1', 'timestamp': '2025-11-23T12:00:12.633460'}
Traceback:
NoneType: None

==============================***=====================
2025-11-23 12:00:12 - hannariskpro - ERROR - Error en Endpoint: GET /api/dashboard/actions_critical (REQUEST) - Status: 200: NoneType - None


==============================***=====================
Timestamp: 2025-11-23 12:00:12
Contexto: Endpoint: GET /api/dashboard/by_level (REQUEST) - Status: 200
Tipo de Error: NoneType
Mensaje: None
Información Adicional:
  endpoint: GET /api/dashboard/by_level
  method: REQUEST
  status_code: 200
  request_data: {'method': 'GET', 'path': '/api/dashboard/by_level', 'user_agent': 'Mozilla/5.0 (Windows NT 10.0; Win64; x64) AppleWebKit/537.36 (KHTML, like Gecko) Chrome/142.0.0.0 Safari/537.36', 'ip_address': '127.0.0.1', 'timestamp': '2025-11-23T12:00:12.635459'}
Traceback:
NoneType: None

==============================***=====================
2025-11-23 12:00:12 - hannariskpro - ERROR - Error en Endpoint: GET /api/dashboard/by_level (REQUEST) - Status: 200: NoneType - None


==============================***=====================
Timestamp: 2025-11-23 12:00:12
Contexto: Endpoint: GET /api/dashboard/activity (RESPONSE) - Status: 200
Tipo de Error: NoneType
Mensaje: None
Información Adicional:
  endpoint: GET /api/dashboard/activity
  method: RESPONSE
  status_code: 200
  request_data: {'method': 'GET', 'path': '/api/dashboard/activity', 'status_code': 200, 'process_time': '0.0349s', 'ip_address': '127.0.0.1', 'timestamp': '2025-11-23T12:00:12.652508'}
Traceback:
NoneType: None

==============================***=====================
2025-11-23 12:00:12 - hannariskpro - ERROR - Error en Endpoint: GET /api/dashboard/activity (RESPONSE) - Status: 200: NoneType - None


==============================***=====================
Timestamp: 2025-11-23 12:00:12
Contexto: Endpoint: GET /api/me (RESPONSE) - Status: 200
Tipo de Error: NoneType
Mensaje: None
Información Adicional:
  endpoint: GET /api/me
  method: RESPONSE
  status_code: 200
  request_data: {'method': 'GET', 'path': '/api/me', 'status_code': 200, 'process_time': '0.0254s', 'ip_address': '127.0.0.1', 'timestamp': '2025-11-23T12:00:12.653865'}
Traceback:
NoneType: None

==============================***=====================
2025-11-23 12:00:12 - hannariskpro - ERROR - Error en Endpoint: GET /api/me (RESPONSE) - Status: 200: NoneType - None


==============================***=====================
Timestamp: 2025-11-23 12:00:12
Contexto: Endpoint: GET /api/dashboard/by_level (RESPONSE) - Status: 200
Tipo de Error: NoneType
Mensaje: None
Información Adicional:
  endpoint: GET /api/dashboard/by_level
  method: RESPONSE
  status_code: 200
  request_data: {'method': 'GET', 'path': '/api/dashboard/by_level', 'status_code': 200, 'process_time': '0.0308s', 'ip_address': '127.0.0.1', 'timestamp': '2025-11-23T12:00:12.666239'}
Traceback:
NoneType: None

==============================***=====================
2025-11-23 12:00:12 - hannariskpro - ERROR - Error en Endpoint: GET /api/dashboard/by_level (RESPONSE) - Status: 200: NoneType - None


==============================***=====================
Timestamp: 2025-11-23 12:00:12
Contexto: Endpoint: GET /api/dashboard/risk_matrix (RESPONSE) - Status: 200
Tipo de Error: NoneType
Mensaje: None
Información Adicional:
  endpoint: GET /api/dashboard/risk_matrix
  method: RESPONSE
  status_code: 200
  request_data: {'method': 'GET', 'path': '/api/dashboard/risk_matrix', 'status_code': 200, 'process_time': '0.0358s', 'ip_address': '127.0.0.1', 'timestamp': '2025-11-23T12:00:12.667292'}
Traceback:
NoneType: None

==============================***=====================
2025-11-23 12:00:12 - hannariskpro - ERROR - Error en Endpoint: GET /api/dashboard/risk_matrix (RESPONSE) - Status: 200: NoneType - None


==============================***=====================
Timestamp: 2025-11-23 12:00:12
Contexto: Endpoint: GET /api/dashboard/actions_critical (RESPONSE) - Status: 200
Tipo de Error: NoneType
Mensaje: None
Información Adicional:
  endpoint: GET /api/dashboard/actions_critical
  method: RESPONSE
  status_code: 200
  request_data: {'method': 'GET', 'path': '/api/dashboard/actions_critical', 'status_code': 200, 'process_time': '0.0354s', 'ip_address': '127.0.0.1', 'timestamp': '2025-11-23T12:00:12.669409'}
Traceback:
NoneType: None

==============================***=====================
2025-11-23 12:00:12 - hannariskpro - ERROR - Error en Endpoint: GET /api/dashboard/actions_critical (RESPONSE) - Status: 200: NoneType - None


==============================***=====================
Timestamp: 2025-11-23 12:00:12
Contexto: Endpoint: GET /api/dashboard/trends (RESPONSE) - Status: 200
Tipo de Error: NoneType
Mensaje: None
Información Adicional:
  endpoint: GET /api/dashboard/trends
  method: RESPONSE
  status_code: 200
  request_data: {'method': 'GET', 'path': '/api/dashboard/trends', 'status_code': 200, 'process_time': '0.0506s', 'ip_address': '127.0.0.1', 'timestamp': '2025-11-23T12:00:12.675096'}
Traceback:
NoneType: None

==============================***=====================
2025-11-23 12:00:12 - hannariskpro - ERROR - Error en Endpoint: GET /api/dashboard/trends (RESPONSE) - Status: 200: NoneType - None


==============================***=====================
Timestamp: 2025-11-23 12:00:12
Contexto: Endpoint: GET /api/dashboard/by_location (REQUEST) - Status: 200
Tipo de Error: NoneType
Mensaje: None
Información Adicional:
  endpoint: GET /api/dashboard/by_location
  method: REQUEST
  status_code: 200
  request_data: {'method': 'GET', 'path': '/api/dashboard/by_location', 'user_agent': 'Mozilla/5.0 (Windows NT 10.0; Win64; x64) AppleWebKit/537.36 (KHTML, like Gecko) Chrome/142.0.0.0 Safari/537.36', 'ip_address': '127.0.0.1', 'timestamp': '2025-11-23T12:00:12.679149'}
Traceback:
NoneType: None

==============================***=====================
2025-11-23 12:00:12 - hannariskpro - ERROR - Error en Endpoint: GET /api/dashboard/by_location (REQUEST) - Status: 200: NoneType - None


==============================***=====================
Timestamp: 2025-11-23 12:00:12
Contexto: Endpoint: GET /api/dashboard/kpis (REQUEST) - Status: 200
Tipo de Error: NoneType
Mensaje: None
Información Adicional:
  endpoint: GET /api/dashboard/kpis
  method: REQUEST
  status_code: 200
  request_data: {'method': 'GET', 'path': '/api/dashboard/kpis', 'user_agent': 'Mozilla/5.0 (Windows NT 10.0; Win64; x64) AppleWebKit/537.36 (KHTML, like Gecko) Chrome/142.0.0.0 Safari/537.36', 'ip_address': '127.0.0.1', 'timestamp': '2025-11-23T12:00:12.681146'}
Traceback:
NoneType: None

==============================***=====================
2025-11-23 12:00:12 - hannariskpro - ERROR - Error en Endpoint: GET /api/dashboard/kpis (REQUEST) - Status: 200: NoneType - None


==============================***=====================
Timestamp: 2025-11-23 12:00:12
Contexto: Endpoint: GET /api/dashboard/activity (REQUEST) - Status: 200
Tipo de Error: NoneType
Mensaje: None
Información Adicional:
  endpoint: GET /api/dashboard/activity
  method: REQUEST
  status_code: 200
  request_data: {'method': 'GET', 'path': '/api/dashboard/activity', 'user_agent': 'Mozilla/5.0 (Windows NT 10.0; Win64; x64) AppleWebKit/537.36 (KHTML, like Gecko) Chrome/142.0.0.0 Safari/537.36', 'ip_address': '127.0.0.1', 'timestamp': '2025-11-23T12:00:12.687104'}
Traceback:
NoneType: None

==============================***=====================
2025-11-23 12:00:12 - hannariskpro - ERROR - Error en Endpoint: GET /api/dashboard/activity (REQUEST) - Status: 200: NoneType - None


==============================***=====================
Timestamp: 2025-11-23 12:00:12
Contexto: Endpoint: GET /api/dashboard/trends (REQUEST) - Status: 200
Tipo de Error: NoneType
Mensaje: None
Información Adicional:
  endpoint: GET /api/dashboard/trends
  method: REQUEST
  status_code: 200
  request_data: {'method': 'GET', 'path': '/api/dashboard/trends', 'user_agent': 'Mozilla/5.0 (Windows NT 10.0; Win64; x64) AppleWebKit/537.36 (KHTML, like Gecko) Chrome/142.0.0.0 Safari/537.36', 'ip_address': '127.0.0.1', 'timestamp': '2025-11-23T12:00:12.688625'}
Traceback:
NoneType: None

==============================***=====================
2025-11-23 12:00:12 - hannariskpro - ERROR - Error en Endpoint: GET /api/dashboard/trends (REQUEST) - Status: 200: NoneType - None


==============================***=====================
Timestamp: 2025-11-23 12:00:12
Contexto: Endpoint: GET /api/dashboard/by_location (RESPONSE) - Status: 200
Tipo de Error: NoneType
Mensaje: None
Información Adicional:
  endpoint: GET /api/dashboard/by_location
  method: RESPONSE
  status_code: 200
  request_data: {'method': 'GET', 'path': '/api/dashboard/by_location', 'status_code': 200, 'process_time': '0.0238s', 'ip_address': '127.0.0.1', 'timestamp': '2025-11-23T12:00:12.702984'}
Traceback:
NoneType: None

==============================***=====================
2025-11-23 12:00:12 - hannariskpro - ERROR - Error en Endpoint: GET /api/dashboard/by_location (RESPONSE) - Status: 200: NoneType - None


==============================***=====================
Timestamp: 2025-11-23 12:00:12
Contexto: Endpoint: GET /api/dashboard/kpis (RESPONSE) - Status: 200
Tipo de Error: NoneType
Mensaje: None
Información Adicional:
  endpoint: GET /api/dashboard/kpis
  method: RESPONSE
  status_code: 200
  request_data: {'method': 'GET', 'path': '/api/dashboard/kpis', 'status_code': 200, 'process_time': '0.0251s', 'ip_address': '127.0.0.1', 'timestamp': '2025-11-23T12:00:12.706257'}
Traceback:
NoneType: None

==============================***=====================
2025-11-23 12:00:12 - hannariskpro - ERROR - Error en Endpoint: GET /api/dashboard/kpis (RESPONSE) - Status: 200: NoneType - None


==============================***=====================
Timestamp: 2025-11-23 12:00:12
Contexto: Endpoint: GET /api/dashboard/activity (RESPONSE) - Status: 200
Tipo de Error: NoneType
Mensaje: None
Información Adicional:
  endpoint: GET /api/dashboard/activity
  method: RESPONSE
  status_code: 200
  request_data: {'method': 'GET', 'path': '/api/dashboard/activity', 'status_code': 200, 'process_time': '0.0257s', 'ip_address': '127.0.0.1', 'timestamp': '2025-11-23T12:00:12.712789'}
Traceback:
NoneType: None

==============================***=====================
2025-11-23 12:00:12 - hannariskpro - ERROR - Error en Endpoint: GET /api/dashboard/activity (RESPONSE) - Status: 200: NoneType - None


==============================***=====================
Timestamp: 2025-11-23 12:00:12
Contexto: Endpoint: GET /api/dashboard/trends (RESPONSE) - Status: 200
Tipo de Error: NoneType
Mensaje: None
Información Adicional:
  endpoint: GET /api/dashboard/trends
  method: RESPONSE
  status_code: 200
  request_data: {'method': 'GET', 'path': '/api/dashboard/trends', 'status_code': 200, 'process_time': '0.0309s', 'ip_address': '127.0.0.1', 'timestamp': '2025-11-23T12:00:12.719565'}
Traceback:
NoneType: None

==============================***=====================
2025-11-23 12:00:12 - hannariskpro - ERROR - Error en Endpoint: GET /api/dashboard/trends (RESPONSE) - Status: 200: NoneType - None


==============================***=====================
Timestamp: 2025-11-23 12:01:12
Contexto: Endpoint: GET /api/me (REQUEST) - Status: 200
Tipo de Error: NoneType
Mensaje: None
Información Adicional:
  endpoint: GET /api/me
  method: REQUEST
  status_code: 200
  request_data: {'method': 'GET', 'path': '/api/me', 'user_agent': 'Mozilla/5.0 (Windows NT 10.0; Win64; x64) AppleWebKit/537.36 (KHTML, like Gecko) Chrome/142.0.0.0 Safari/537.36', 'ip_address': '127.0.0.1', 'timestamp': '2025-11-23T12:01:12.744727'}
Traceback:
NoneType: None

==============================***=====================
2025-11-23 12:01:12 - hannariskpro - ERROR - Error en Endpoint: GET /api/me (REQUEST) - Status: 200: NoneType - None


==============================***=====================
Timestamp: 2025-11-23 12:01:12
Contexto: Endpoint: GET /api/dashboard/kpis (REQUEST) - Status: 200
Tipo de Error: NoneType
Mensaje: None
Información Adicional:
  endpoint: GET /api/dashboard/kpis
  method: REQUEST
  status_code: 200
  request_data: {'method': 'GET', 'path': '/api/dashboard/kpis', 'user_agent': 'Mozilla/5.0 (Windows NT 10.0; Win64; x64) AppleWebKit/537.36 (KHTML, like Gecko) Chrome/142.0.0.0 Safari/537.36', 'ip_address': '127.0.0.1', 'timestamp': '2025-11-23T12:01:12.745726'}
Traceback:
NoneType: None

==============================***=====================
2025-11-23 12:01:12 - hannariskpro - ERROR - Error en Endpoint: GET /api/dashboard/kpis (REQUEST) - Status: 200: NoneType - None


==============================***=====================
Timestamp: 2025-11-23 12:01:12
Contexto: Endpoint: GET /api/dashboard/risk_matrix (REQUEST) - Status: 200
Tipo de Error: NoneType
Mensaje: None
Información Adicional:
  endpoint: GET /api/dashboard/risk_matrix
  method: REQUEST
  status_code: 200
  request_data: {'method': 'GET', 'path': '/api/dashboard/risk_matrix', 'user_agent': 'Mozilla/5.0 (Windows NT 10.0; Win64; x64) AppleWebKit/537.36 (KHTML, like Gecko) Chrome/142.0.0.0 Safari/537.36', 'ip_address': '127.0.0.1', 'timestamp': '2025-11-23T12:01:12.750257'}
Traceback:
NoneType: None

==============================***=====================
2025-11-23 12:01:12 - hannariskpro - ERROR - Error en Endpoint: GET /api/dashboard/risk_matrix (REQUEST) - Status: 200: NoneType - None


==============================***=====================
Timestamp: 2025-11-23 12:01:12
Contexto: Endpoint: GET /api/dashboard/by_level (REQUEST) - Status: 200
Tipo de Error: NoneType
Mensaje: None
Información Adicional:
  endpoint: GET /api/dashboard/by_level
  method: REQUEST
  status_code: 200
  request_data: {'method': 'GET', 'path': '/api/dashboard/by_level', 'user_agent': 'Mozilla/5.0 (Windows NT 10.0; Win64; x64) AppleWebKit/537.36 (KHTML, like Gecko) Chrome/142.0.0.0 Safari/537.36', 'ip_address': '127.0.0.1', 'timestamp': '2025-11-23T12:01:12.754374'}
Traceback:
NoneType: None

==============================***=====================
2025-11-23 12:01:12 - hannariskpro - ERROR - Error en Endpoint: GET /api/dashboard/by_level (REQUEST) - Status: 200: NoneType - None


==============================***=====================
Timestamp: 2025-11-23 12:01:12
Contexto: Endpoint: GET /api/dashboard/actions_critical (REQUEST) - Status: 200
Tipo de Error: NoneType
Mensaje: None
Información Adicional:
  endpoint: GET /api/dashboard/actions_critical
  method: REQUEST
  status_code: 200
  request_data: {'method': 'GET', 'path': '/api/dashboard/actions_critical', 'user_agent': 'Mozilla/5.0 (Windows NT 10.0; Win64; x64) AppleWebKit/537.36 (KHTML, like Gecko) Chrome/142.0.0.0 Safari/537.36', 'ip_address': '127.0.0.1', 'timestamp': '2025-11-23T12:01:12.757161'}
Traceback:
NoneType: None

==============================***=====================
2025-11-23 12:01:12 - hannariskpro - ERROR - Error en Endpoint: GET /api/dashboard/actions_critical (REQUEST) - Status: 200: NoneType - None


==============================***=====================
Timestamp: 2025-11-23 12:01:12
Contexto: Endpoint: GET /api/dashboard/by_location (REQUEST) - Status: 200
Tipo de Error: NoneType
Mensaje: None
Información Adicional:
  endpoint: GET /api/dashboard/by_location
  method: REQUEST
  status_code: 200
  request_data: {'method': 'GET', 'path': '/api/dashboard/by_location', 'user_agent': 'Mozilla/5.0 (Windows NT 10.0; Win64; x64) AppleWebKit/537.36 (KHTML, like Gecko) Chrome/142.0.0.0 Safari/537.36', 'ip_address': '127.0.0.1', 'timestamp': '2025-11-23T12:01:12.758179'}
Traceback:
NoneType: None

==============================***=====================
2025-11-23 12:01:12 - hannariskpro - ERROR - Error en Endpoint: GET /api/dashboard/by_location (REQUEST) - Status: 200: NoneType - None


==============================***=====================
Timestamp: 2025-11-23 12:01:12
Contexto: Endpoint: GET /api/me (RESPONSE) - Status: 200
Tipo de Error: NoneType
Mensaje: None
Información Adicional:
  endpoint: GET /api/me
  method: RESPONSE
  status_code: 200
  request_data: {'method': 'GET', 'path': '/api/me', 'status_code': 200, 'process_time': '0.0356s', 'ip_address': '127.0.0.1', 'timestamp': '2025-11-23T12:01:12.779335'}
Traceback:
NoneType: None

==============================***=====================
2025-11-23 12:01:12 - hannariskpro - ERROR - Error en Endpoint: GET /api/me (RESPONSE) - Status: 200: NoneType - None


==============================***=====================
Timestamp: 2025-11-23 12:01:12
Contexto: Endpoint: GET /api/dashboard/by_level (RESPONSE) - Status: 200
Tipo de Error: NoneType
Mensaje: None
Información Adicional:
  endpoint: GET /api/dashboard/by_level
  method: RESPONSE
  status_code: 200
  request_data: {'method': 'GET', 'path': '/api/dashboard/by_level', 'status_code': 200, 'process_time': '0.0305s', 'ip_address': '127.0.0.1', 'timestamp': '2025-11-23T12:01:12.784826'}
Traceback:
NoneType: None

==============================***=====================
2025-11-23 12:01:12 - hannariskpro - ERROR - Error en Endpoint: GET /api/dashboard/by_level (RESPONSE) - Status: 200: NoneType - None


==============================***=====================
Timestamp: 2025-11-23 12:01:12
Contexto: Endpoint: GET /api/dashboard/kpis (RESPONSE) - Status: 200
Tipo de Error: NoneType
Mensaje: None
Información Adicional:
  endpoint: GET /api/dashboard/kpis
  method: RESPONSE
  status_code: 200
  request_data: {'method': 'GET', 'path': '/api/dashboard/kpis', 'status_code': 200, 'process_time': '0.0466s', 'ip_address': '127.0.0.1', 'timestamp': '2025-11-23T12:01:12.792295'}
Traceback:
NoneType: None

==============================***=====================
2025-11-23 12:01:12 - hannariskpro - ERROR - Error en Endpoint: GET /api/dashboard/kpis (RESPONSE) - Status: 200: NoneType - None


==============================***=====================
Timestamp: 2025-11-23 12:01:12
Contexto: Endpoint: GET /api/dashboard/risk_matrix (RESPONSE) - Status: 200
Tipo de Error: NoneType
Mensaje: None
Información Adicional:
  endpoint: GET /api/dashboard/risk_matrix
  method: RESPONSE
  status_code: 200
  request_data: {'method': 'GET', 'path': '/api/dashboard/risk_matrix', 'status_code': 200, 'process_time': '0.0430s', 'ip_address': '127.0.0.1', 'timestamp': '2025-11-23T12:01:12.793297'}
Traceback:
NoneType: None

==============================***=====================
2025-11-23 12:01:12 - hannariskpro - ERROR - Error en Endpoint: GET /api/dashboard/risk_matrix (RESPONSE) - Status: 200: NoneType - None


==============================***=====================
Timestamp: 2025-11-23 12:01:12
Contexto: Endpoint: GET /api/dashboard/actions_critical (RESPONSE) - Status: 200
Tipo de Error: NoneType
Mensaje: None
Información Adicional:
  endpoint: GET /api/dashboard/actions_critical
  method: RESPONSE
  status_code: 200
  request_data: {'method': 'GET', 'path': '/api/dashboard/actions_critical', 'status_code': 200, 'process_time': '0.0408s', 'ip_address': '127.0.0.1', 'timestamp': '2025-11-23T12:01:12.797954'}
Traceback:
NoneType: None

==============================***=====================
2025-11-23 12:01:12 - hannariskpro - ERROR - Error en Endpoint: GET /api/dashboard/actions_critical (RESPONSE) - Status: 200: NoneType - None


==============================***=====================
Timestamp: 2025-11-23 12:01:12
Contexto: Endpoint: GET /api/dashboard/activity (REQUEST) - Status: 200
Tipo de Error: NoneType
Mensaje: None
Información Adicional:
  endpoint: GET /api/dashboard/activity
  method: REQUEST
  status_code: 200
  request_data: {'method': 'GET', 'path': '/api/dashboard/activity', 'user_agent': 'Mozilla/5.0 (Windows NT 10.0; Win64; x64) AppleWebKit/537.36 (KHTML, like Gecko) Chrome/142.0.0.0 Safari/537.36', 'ip_address': '127.0.0.1', 'timestamp': '2025-11-23T12:01:12.798961'}
Traceback:
NoneType: None

==============================***=====================
2025-11-23 12:01:12 - hannariskpro - ERROR - Error en Endpoint: GET /api/dashboard/activity (REQUEST) - Status: 200: NoneType - None


==============================***=====================
Timestamp: 2025-11-23 12:01:12
Contexto: Endpoint: GET /api/dashboard/by_location (RESPONSE) - Status: 200
Tipo de Error: NoneType
Mensaje: None
Información Adicional:
  endpoint: GET /api/dashboard/by_location
  method: RESPONSE
  status_code: 200
  request_data: {'method': 'GET', 'path': '/api/dashboard/by_location', 'status_code': 200, 'process_time': '0.0467s', 'ip_address': '127.0.0.1', 'timestamp': '2025-11-23T12:01:12.804837'}
Traceback:
NoneType: None

==============================***=====================
2025-11-23 12:01:12 - hannariskpro - ERROR - Error en Endpoint: GET /api/dashboard/by_location (RESPONSE) - Status: 200: NoneType - None


==============================***=====================
Timestamp: 2025-11-23 12:01:12
Contexto: Endpoint: GET /api/dashboard/trends (REQUEST) - Status: 200
Tipo de Error: NoneType
Mensaje: None
Información Adicional:
  endpoint: GET /api/dashboard/trends
  method: REQUEST
  status_code: 200
  request_data: {'method': 'GET', 'path': '/api/dashboard/trends', 'user_agent': 'Mozilla/5.0 (Windows NT 10.0; Win64; x64) AppleWebKit/537.36 (KHTML, like Gecko) Chrome/142.0.0.0 Safari/537.36', 'ip_address': '127.0.0.1', 'timestamp': '2025-11-23T12:01:12.807346'}
Traceback:
NoneType: None

==============================***=====================
2025-11-23 12:01:12 - hannariskpro - ERROR - Error en Endpoint: GET /api/dashboard/trends (REQUEST) - Status: 200: NoneType - None


==============================***=====================
Timestamp: 2025-11-23 12:01:12
Contexto: Endpoint: GET /api/me (REQUEST) - Status: 200
Tipo de Error: NoneType
Mensaje: None
Información Adicional:
  endpoint: GET /api/me
  method: REQUEST
  status_code: 200
  request_data: {'method': 'GET', 'path': '/api/me', 'user_agent': 'Mozilla/5.0 (Windows NT 10.0; Win64; x64) AppleWebKit/537.36 (KHTML, like Gecko) Chrome/142.0.0.0 Safari/537.36', 'ip_address': '127.0.0.1', 'timestamp': '2025-11-23T12:01:12.812600'}
Traceback:
NoneType: None

==============================***=====================
2025-11-23 12:01:12 - hannariskpro - ERROR - Error en Endpoint: GET /api/me (REQUEST) - Status: 200: NoneType - None


==============================***=====================
Timestamp: 2025-11-23 12:01:12
Contexto: Endpoint: GET /api/dashboard/by_level (REQUEST) - Status: 200
Tipo de Error: NoneType
Mensaje: None
Información Adicional:
  endpoint: GET /api/dashboard/by_level
  method: REQUEST
  status_code: 200
  request_data: {'method': 'GET', 'path': '/api/dashboard/by_level', 'user_agent': 'Mozilla/5.0 (Windows NT 10.0; Win64; x64) AppleWebKit/537.36 (KHTML, like Gecko) Chrome/142.0.0.0 Safari/537.36', 'ip_address': '127.0.0.1', 'timestamp': '2025-11-23T12:01:12.815803'}
Traceback:
NoneType: None

==============================***=====================
2025-11-23 12:01:12 - hannariskpro - ERROR - Error en Endpoint: GET /api/dashboard/by_level (REQUEST) - Status: 200: NoneType - None


==============================***=====================
Timestamp: 2025-11-23 12:01:12
Contexto: Endpoint: GET /api/dashboard/kpis (REQUEST) - Status: 200
Tipo de Error: NoneType
Mensaje: None
Información Adicional:
  endpoint: GET /api/dashboard/kpis
  method: REQUEST
  status_code: 200
  request_data: {'method': 'GET', 'path': '/api/dashboard/kpis', 'user_agent': 'Mozilla/5.0 (Windows NT 10.0; Win64; x64) AppleWebKit/537.36 (KHTML, like Gecko) Chrome/142.0.0.0 Safari/537.36', 'ip_address': '127.0.0.1', 'timestamp': '2025-11-23T12:01:12.817309'}
Traceback:
NoneType: None

==============================***=====================
2025-11-23 12:01:12 - hannariskpro - ERROR - Error en Endpoint: GET /api/dashboard/kpis (REQUEST) - Status: 200: NoneType - None


==============================***=====================
Timestamp: 2025-11-23 12:01:12
Contexto: Endpoint: GET /api/dashboard/risk_matrix (REQUEST) - Status: 200
Tipo de Error: NoneType
Mensaje: None
Información Adicional:
  endpoint: GET /api/dashboard/risk_matrix
  method: REQUEST
  status_code: 200
  request_data: {'method': 'GET', 'path': '/api/dashboard/risk_matrix', 'user_agent': 'Mozilla/5.0 (Windows NT 10.0; Win64; x64) AppleWebKit/537.36 (KHTML, like Gecko) Chrome/142.0.0.0 Safari/537.36', 'ip_address': '127.0.0.1', 'timestamp': '2025-11-23T12:01:12.818359'}
Traceback:
NoneType: None

==============================***=====================
2025-11-23 12:01:12 - hannariskpro - ERROR - Error en Endpoint: GET /api/dashboard/risk_matrix (REQUEST) - Status: 200: NoneType - None


==============================***=====================
Timestamp: 2025-11-23 12:01:12
Contexto: Endpoint: GET /api/dashboard/activity (RESPONSE) - Status: 200
Tipo de Error: NoneType
Mensaje: None
Información Adicional:
  endpoint: GET /api/dashboard/activity
  method: RESPONSE
  status_code: 200
  request_data: {'method': 'GET', 'path': '/api/dashboard/activity', 'status_code': 200, 'process_time': '0.0256s', 'ip_address': '127.0.0.1', 'timestamp': '2025-11-23T12:01:12.824611'}
Traceback:
NoneType: None

==============================***=====================
2025-11-23 12:01:12 - hannariskpro - ERROR - Error en Endpoint: GET /api/dashboard/activity (RESPONSE) - Status: 200: NoneType - None


==============================***=====================
Timestamp: 2025-11-23 12:01:12
Contexto: Endpoint: GET /api/me (RESPONSE) - Status: 200
Tipo de Error: NoneType
Mensaje: None
Información Adicional:
  endpoint: GET /api/me
  method: RESPONSE
  status_code: 200
  request_data: {'method': 'GET', 'path': '/api/me', 'status_code': 200, 'process_time': '0.0223s', 'ip_address': '127.0.0.1', 'timestamp': '2025-11-23T12:01:12.834920'}
Traceback:
NoneType: None

==============================***=====================
2025-11-23 12:01:12 - hannariskpro - ERROR - Error en Endpoint: GET /api/me (RESPONSE) - Status: 200: NoneType - None


==============================***=====================
Timestamp: 2025-11-23 12:01:12
Contexto: Endpoint: GET /api/dashboard/actions_critical (REQUEST) - Status: 200
Tipo de Error: NoneType
Mensaje: None
Información Adicional:
  endpoint: GET /api/dashboard/actions_critical
  method: REQUEST
  status_code: 200
  request_data: {'method': 'GET', 'path': '/api/dashboard/actions_critical', 'user_agent': 'Mozilla/5.0 (Windows NT 10.0; Win64; x64) AppleWebKit/537.36 (KHTML, like Gecko) Chrome/142.0.0.0 Safari/537.36', 'ip_address': '127.0.0.1', 'timestamp': '2025-11-23T12:01:12.838961'}
Traceback:
NoneType: None

==============================***=====================
2025-11-23 12:01:12 - hannariskpro - ERROR - Error en Endpoint: GET /api/dashboard/actions_critical (REQUEST) - Status: 200: NoneType - None


==============================***=====================
Timestamp: 2025-11-23 12:01:12
Contexto: Endpoint: GET /api/dashboard/by_level (RESPONSE) - Status: 200
Tipo de Error: NoneType
Mensaje: None
Información Adicional:
  endpoint: GET /api/dashboard/by_level
  method: RESPONSE
  status_code: 200
  request_data: {'method': 'GET', 'path': '/api/dashboard/by_level', 'status_code': 200, 'process_time': '0.0278s', 'ip_address': '127.0.0.1', 'timestamp': '2025-11-23T12:01:12.843567'}
Traceback:
NoneType: None

==============================***=====================
2025-11-23 12:01:12 - hannariskpro - ERROR - Error en Endpoint: GET /api/dashboard/by_level (RESPONSE) - Status: 200: NoneType - None


==============================***=====================
Timestamp: 2025-11-23 12:01:12
Contexto: Endpoint: GET /api/dashboard/risk_matrix (RESPONSE) - Status: 200
Tipo de Error: NoneType
Mensaje: None
Información Adicional:
  endpoint: GET /api/dashboard/risk_matrix
  method: RESPONSE
  status_code: 200
  request_data: {'method': 'GET', 'path': '/api/dashboard/risk_matrix', 'status_code': 200, 'process_time': '0.0345s', 'ip_address': '127.0.0.1', 'timestamp': '2025-11-23T12:01:12.852892'}
Traceback:
NoneType: None

==============================***=====================
2025-11-23 12:01:12 - hannariskpro - ERROR - Error en Endpoint: GET /api/dashboard/risk_matrix (RESPONSE) - Status: 200: NoneType - None


==============================***=====================
Timestamp: 2025-11-23 12:01:12
Contexto: Endpoint: GET /api/dashboard/kpis (RESPONSE) - Status: 200
Tipo de Error: NoneType
Mensaje: None
Información Adicional:
  endpoint: GET /api/dashboard/kpis
  method: RESPONSE
  status_code: 200
  request_data: {'method': 'GET', 'path': '/api/dashboard/kpis', 'status_code': 200, 'process_time': '0.0369s', 'ip_address': '127.0.0.1', 'timestamp': '2025-11-23T12:01:12.854240'}
Traceback:
NoneType: None

==============================***=====================
2025-11-23 12:01:12 - hannariskpro - ERROR - Error en Endpoint: GET /api/dashboard/kpis (RESPONSE) - Status: 200: NoneType - None


==============================***=====================
Timestamp: 2025-11-23 12:01:12
Contexto: Endpoint: GET /api/dashboard/by_location (REQUEST) - Status: 200
Tipo de Error: NoneType
Mensaje: None
Información Adicional:
  endpoint: GET /api/dashboard/by_location
  method: REQUEST
  status_code: 200
  request_data: {'method': 'GET', 'path': '/api/dashboard/by_location', 'user_agent': 'Mozilla/5.0 (Windows NT 10.0; Win64; x64) AppleWebKit/537.36 (KHTML, like Gecko) Chrome/142.0.0.0 Safari/537.36', 'ip_address': '127.0.0.1', 'timestamp': '2025-11-23T12:01:12.859419'}
Traceback:
NoneType: None

==============================***=====================
2025-11-23 12:01:12 - hannariskpro - ERROR - Error en Endpoint: GET /api/dashboard/by_location (REQUEST) - Status: 200: NoneType - None


==============================***=====================
Timestamp: 2025-11-23 12:01:12
Contexto: Endpoint: GET /api/dashboard/trends (RESPONSE) - Status: 200
Tipo de Error: NoneType
Mensaje: None
Información Adicional:
  endpoint: GET /api/dashboard/trends
  method: RESPONSE
  status_code: 200
  request_data: {'method': 'GET', 'path': '/api/dashboard/trends', 'status_code': 200, 'process_time': '0.0565s', 'ip_address': '127.0.0.1', 'timestamp': '2025-11-23T12:01:12.863817'}
Traceback:
NoneType: None

==============================***=====================
2025-11-23 12:01:12 - hannariskpro - ERROR - Error en Endpoint: GET /api/dashboard/trends (RESPONSE) - Status: 200: NoneType - None


==============================***=====================
Timestamp: 2025-11-23 12:01:12
Contexto: Endpoint: GET /api/dashboard/actions_critical (RESPONSE) - Status: 200
Tipo de Error: NoneType
Mensaje: None
Información Adicional:
  endpoint: GET /api/dashboard/actions_critical
  method: RESPONSE
  status_code: 200
  request_data: {'method': 'GET', 'path': '/api/dashboard/actions_critical', 'status_code': 200, 'process_time': '0.0259s', 'ip_address': '127.0.0.1', 'timestamp': '2025-11-23T12:01:12.864817'}
Traceback:
NoneType: None

==============================***=====================
2025-11-23 12:01:12 - hannariskpro - ERROR - Error en Endpoint: GET /api/dashboard/actions_critical (RESPONSE) - Status: 200: NoneType - None


==============================***=====================
Timestamp: 2025-11-23 12:01:12
Contexto: Endpoint: GET /api/dashboard/activity (REQUEST) - Status: 200
Tipo de Error: NoneType
Mensaje: None
Información Adicional:
  endpoint: GET /api/dashboard/activity
  method: REQUEST
  status_code: 200
  request_data: {'method': 'GET', 'path': '/api/dashboard/activity', 'user_agent': 'Mozilla/5.0 (Windows NT 10.0; Win64; x64) AppleWebKit/537.36 (KHTML, like Gecko) Chrome/142.0.0.0 Safari/537.36', 'ip_address': '127.0.0.1', 'timestamp': '2025-11-23T12:01:12.869637'}
Traceback:
NoneType: None

==============================***=====================
2025-11-23 12:01:12 - hannariskpro - ERROR - Error en Endpoint: GET /api/dashboard/activity (REQUEST) - Status: 200: NoneType - None


==============================***=====================
Timestamp: 2025-11-23 12:01:12
Contexto: Endpoint: GET /api/dashboard/trends (REQUEST) - Status: 200
Tipo de Error: NoneType
Mensaje: None
Información Adicional:
  endpoint: GET /api/dashboard/trends
  method: REQUEST
  status_code: 200
  request_data: {'method': 'GET', 'path': '/api/dashboard/trends', 'user_agent': 'Mozilla/5.0 (Windows NT 10.0; Win64; x64) AppleWebKit/537.36 (KHTML, like Gecko) Chrome/142.0.0.0 Safari/537.36', 'ip_address': '127.0.0.1', 'timestamp': '2025-11-23T12:01:12.875125'}
Traceback:
NoneType: None

==============================***=====================
2025-11-23 12:01:12 - hannariskpro - ERROR - Error en Endpoint: GET /api/dashboard/trends (REQUEST) - Status: 200: NoneType - None


==============================***=====================
Timestamp: 2025-11-23 12:01:12
Contexto: Endpoint: GET /api/dashboard/by_location (RESPONSE) - Status: 200
Tipo de Error: NoneType
Mensaje: None
Información Adicional:
  endpoint: GET /api/dashboard/by_location
  method: RESPONSE
  status_code: 200
  request_data: {'method': 'GET', 'path': '/api/dashboard/by_location', 'status_code': 200, 'process_time': '0.0214s', 'ip_address': '127.0.0.1', 'timestamp': '2025-11-23T12:01:12.880784'}
Traceback:
NoneType: None

==============================***=====================
2025-11-23 12:01:12 - hannariskpro - ERROR - Error en Endpoint: GET /api/dashboard/by_location (RESPONSE) - Status: 200: NoneType - None


==============================***=====================
Timestamp: 2025-11-23 12:01:12
Contexto: Endpoint: GET /api/dashboard/activity (RESPONSE) - Status: 200
Tipo de Error: NoneType
Mensaje: None
Información Adicional:
  endpoint: GET /api/dashboard/activity
  method: RESPONSE
  status_code: 200
  request_data: {'method': 'GET', 'path': '/api/dashboard/activity', 'status_code': 200, 'process_time': '0.0177s', 'ip_address': '127.0.0.1', 'timestamp': '2025-11-23T12:01:12.887291'}
Traceback:
NoneType: None

==============================***=====================
2025-11-23 12:01:12 - hannariskpro - ERROR - Error en Endpoint: GET /api/dashboard/activity (RESPONSE) - Status: 200: NoneType - None


==============================***=====================
Timestamp: 2025-11-23 12:01:12
Contexto: Endpoint: GET /api/dashboard/trends (RESPONSE) - Status: 200
Tipo de Error: NoneType
Mensaje: None
Información Adicional:
  endpoint: GET /api/dashboard/trends
  method: RESPONSE
  status_code: 200
  request_data: {'method': 'GET', 'path': '/api/dashboard/trends', 'status_code': 200, 'process_time': '0.0232s', 'ip_address': '127.0.0.1', 'timestamp': '2025-11-23T12:01:12.898344'}
Traceback:
NoneType: None

==============================***=====================
2025-11-23 12:01:12 - hannariskpro - ERROR - Error en Endpoint: GET /api/dashboard/trends (RESPONSE) - Status: 200: NoneType - None


==============================***=====================
Timestamp: 2025-11-23 12:01:53
Contexto: Endpoint: GET /api/me (REQUEST) - Status: 200
Tipo de Error: NoneType
Mensaje: None
Información Adicional:
  endpoint: GET /api/me
  method: REQUEST
  status_code: 200
  request_data: {'method': 'GET', 'path': '/api/me', 'user_agent': 'Mozilla/5.0 (Linux; Android 6.0; Nexus 5 Build/MRA58N) AppleWebKit/537.36 (KHTML, like Gecko) Chrome/142.0.0.0 Mobile Safari/537.36', 'ip_address': '127.0.0.1', 'timestamp': '2025-11-23T12:01:53.295711'}
Traceback:
NoneType: None

==============================***=====================
2025-11-23 12:01:53 - hannariskpro - ERROR - Error en Endpoint: GET /api/me (REQUEST) - Status: 200: NoneType - None


==============================***=====================
Timestamp: 2025-11-23 12:01:53
Contexto: Endpoint: GET /api/dashboard/by_level (REQUEST) - Status: 200
Tipo de Error: NoneType
Mensaje: None
Información Adicional:
  endpoint: GET /api/dashboard/by_level
  method: REQUEST
  status_code: 200
  request_data: {'method': 'GET', 'path': '/api/dashboard/by_level', 'user_agent': 'Mozilla/5.0 (Linux; Android 6.0; Nexus 5 Build/MRA58N) AppleWebKit/537.36 (KHTML, like Gecko) Chrome/142.0.0.0 Mobile Safari/537.36', 'ip_address': '127.0.0.1', 'timestamp': '2025-11-23T12:01:53.299065'}
Traceback:
NoneType: None

==============================***=====================
2025-11-23 12:01:53 - hannariskpro - ERROR - Error en Endpoint: GET /api/dashboard/by_level (REQUEST) - Status: 200: NoneType - None


==============================***=====================
Timestamp: 2025-11-23 12:01:53
Contexto: Endpoint: GET /api/dashboard/risk_matrix (REQUEST) - Status: 200
Tipo de Error: NoneType
Mensaje: None
Información Adicional:
  endpoint: GET /api/dashboard/risk_matrix
  method: REQUEST
  status_code: 200
  request_data: {'method': 'GET', 'path': '/api/dashboard/risk_matrix', 'user_agent': 'Mozilla/5.0 (Linux; Android 6.0; Nexus 5 Build/MRA58N) AppleWebKit/537.36 (KHTML, like Gecko) Chrome/142.0.0.0 Mobile Safari/537.36', 'ip_address': '127.0.0.1', 'timestamp': '2025-11-23T12:01:53.301091'}
Traceback:
NoneType: None

==============================***=====================
2025-11-23 12:01:53 - hannariskpro - ERROR - Error en Endpoint: GET /api/dashboard/risk_matrix (REQUEST) - Status: 200: NoneType - None


==============================***=====================
Timestamp: 2025-11-23 12:01:53
Contexto: Endpoint: GET /api/dashboard/kpis (REQUEST) - Status: 200
Tipo de Error: NoneType
Mensaje: None
Información Adicional:
  endpoint: GET /api/dashboard/kpis
  method: REQUEST
  status_code: 200
  request_data: {'method': 'GET', 'path': '/api/dashboard/kpis', 'user_agent': 'Mozilla/5.0 (Linux; Android 6.0; Nexus 5 Build/MRA58N) AppleWebKit/537.36 (KHTML, like Gecko) Chrome/142.0.0.0 Mobile Safari/537.36', 'ip_address': '127.0.0.1', 'timestamp': '2025-11-23T12:01:53.304126'}
Traceback:
NoneType: None

==============================***=====================
2025-11-23 12:01:53 - hannariskpro - ERROR - Error en Endpoint: GET /api/dashboard/kpis (REQUEST) - Status: 200: NoneType - None


==============================***=====================
Timestamp: 2025-11-23 12:01:53
Contexto: Endpoint: GET /api/dashboard/by_location (REQUEST) - Status: 200
Tipo de Error: NoneType
Mensaje: None
Información Adicional:
  endpoint: GET /api/dashboard/by_location
  method: REQUEST
  status_code: 200
  request_data: {'method': 'GET', 'path': '/api/dashboard/by_location', 'user_agent': 'Mozilla/5.0 (Linux; Android 6.0; Nexus 5 Build/MRA58N) AppleWebKit/537.36 (KHTML, like Gecko) Chrome/142.0.0.0 Mobile Safari/537.36', 'ip_address': '127.0.0.1', 'timestamp': '2025-11-23T12:01:53.307125'}
Traceback:
NoneType: None

==============================***=====================
2025-11-23 12:01:53 - hannariskpro - ERROR - Error en Endpoint: GET /api/dashboard/by_location (REQUEST) - Status: 200: NoneType - None


==============================***=====================
Timestamp: 2025-11-23 12:01:53
Contexto: Endpoint: GET /api/dashboard/actions_critical (REQUEST) - Status: 200
Tipo de Error: NoneType
Mensaje: None
Información Adicional:
  endpoint: GET /api/dashboard/actions_critical
  method: REQUEST
  status_code: 200
  request_data: {'method': 'GET', 'path': '/api/dashboard/actions_critical', 'user_agent': 'Mozilla/5.0 (Linux; Android 6.0; Nexus 5 Build/MRA58N) AppleWebKit/537.36 (KHTML, like Gecko) Chrome/142.0.0.0 Mobile Safari/537.36', 'ip_address': '127.0.0.1', 'timestamp': '2025-11-23T12:01:53.310650'}
Traceback:
NoneType: None

==============================***=====================
2025-11-23 12:01:53 - hannariskpro - ERROR - Error en Endpoint: GET /api/dashboard/actions_critical (REQUEST) - Status: 200: NoneType - None


==============================***=====================
Timestamp: 2025-11-23 12:01:53
Contexto: Endpoint: GET /api/me (RESPONSE) - Status: 200
Tipo de Error: NoneType
Mensaje: None
Información Adicional:
  endpoint: GET /api/me
  method: RESPONSE
  status_code: 200
  request_data: {'method': 'GET', 'path': '/api/me', 'status_code': 200, 'process_time': '0.0344s', 'ip_address': '127.0.0.1', 'timestamp': '2025-11-23T12:01:53.330140'}
Traceback:
NoneType: None

==============================***=====================
2025-11-23 12:01:53 - hannariskpro - ERROR - Error en Endpoint: GET /api/me (RESPONSE) - Status: 200: NoneType - None


==============================***=====================
Timestamp: 2025-11-23 12:01:53
Contexto: Endpoint: GET /api/dashboard/by_level (RESPONSE) - Status: 200
Tipo de Error: NoneType
Mensaje: None
Información Adicional:
  endpoint: GET /api/dashboard/by_level
  method: RESPONSE
  status_code: 200
  request_data: {'method': 'GET', 'path': '/api/dashboard/by_level', 'status_code': 200, 'process_time': '0.0365s', 'ip_address': '127.0.0.1', 'timestamp': '2025-11-23T12:01:53.335541'}
Traceback:
NoneType: None

==============================***=====================
2025-11-23 12:01:53 - hannariskpro - ERROR - Error en Endpoint: GET /api/dashboard/by_level (RESPONSE) - Status: 200: NoneType - None


==============================***=====================
Timestamp: 2025-11-23 12:01:53
Contexto: Endpoint: GET /api/dashboard/risk_matrix (RESPONSE) - Status: 200
Tipo de Error: NoneType
Mensaje: None
Información Adicional:
  endpoint: GET /api/dashboard/risk_matrix
  method: RESPONSE
  status_code: 200
  request_data: {'method': 'GET', 'path': '/api/dashboard/risk_matrix', 'status_code': 200, 'process_time': '0.0448s', 'ip_address': '127.0.0.1', 'timestamp': '2025-11-23T12:01:53.345865'}
Traceback:
NoneType: None

==============================***=====================
2025-11-23 12:01:53 - hannariskpro - ERROR - Error en Endpoint: GET /api/dashboard/risk_matrix (RESPONSE) - Status: 200: NoneType - None


==============================***=====================
Timestamp: 2025-11-23 12:01:53
Contexto: Endpoint: GET /api/dashboard/kpis (RESPONSE) - Status: 200
Tipo de Error: NoneType
Mensaje: None
Información Adicional:
  endpoint: GET /api/dashboard/kpis
  method: RESPONSE
  status_code: 200
  request_data: {'method': 'GET', 'path': '/api/dashboard/kpis', 'status_code': 200, 'process_time': '0.0455s', 'ip_address': '127.0.0.1', 'timestamp': '2025-11-23T12:01:53.349619'}
Traceback:
NoneType: None

==============================***=====================
2025-11-23 12:01:53 - hannariskpro - ERROR - Error en Endpoint: GET /api/dashboard/kpis (RESPONSE) - Status: 200: NoneType - None


==============================***=====================
Timestamp: 2025-11-23 12:01:53
Contexto: Endpoint: GET /api/dashboard/by_location (RESPONSE) - Status: 200
Tipo de Error: NoneType
Mensaje: None
Información Adicional:
  endpoint: GET /api/dashboard/by_location
  method: RESPONSE
  status_code: 200
  request_data: {'method': 'GET', 'path': '/api/dashboard/by_location', 'status_code': 200, 'process_time': '0.0435s', 'ip_address': '127.0.0.1', 'timestamp': '2025-11-23T12:01:53.350620'}
Traceback:
NoneType: None

==============================***=====================
2025-11-23 12:01:53 - hannariskpro - ERROR - Error en Endpoint: GET /api/dashboard/by_location (RESPONSE) - Status: 200: NoneType - None


==============================***=====================
Timestamp: 2025-11-23 12:01:53
Contexto: Endpoint: GET /api/dashboard/activity (REQUEST) - Status: 200
Tipo de Error: NoneType
Mensaje: None
Información Adicional:
  endpoint: GET /api/dashboard/activity
  method: REQUEST
  status_code: 200
  request_data: {'method': 'GET', 'path': '/api/dashboard/activity', 'user_agent': 'Mozilla/5.0 (Linux; Android 6.0; Nexus 5 Build/MRA58N) AppleWebKit/537.36 (KHTML, like Gecko) Chrome/142.0.0.0 Mobile Safari/537.36', 'ip_address': '127.0.0.1', 'timestamp': '2025-11-23T12:01:53.353869'}
Traceback:
NoneType: None

==============================***=====================
2025-11-23 12:01:53 - hannariskpro - ERROR - Error en Endpoint: GET /api/dashboard/activity (REQUEST) - Status: 200: NoneType - None


==============================***=====================
Timestamp: 2025-11-23 12:01:53
Contexto: Endpoint: GET /api/dashboard/actions_critical (RESPONSE) - Status: 200
Tipo de Error: NoneType
Mensaje: None
Información Adicional:
  endpoint: GET /api/dashboard/actions_critical
  method: RESPONSE
  status_code: 200
  request_data: {'method': 'GET', 'path': '/api/dashboard/actions_critical', 'status_code': 200, 'process_time': '0.0485s', 'ip_address': '127.0.0.1', 'timestamp': '2025-11-23T12:01:53.359142'}
Traceback:
NoneType: None

==============================***=====================
2025-11-23 12:01:53 - hannariskpro - ERROR - Error en Endpoint: GET /api/dashboard/actions_critical (RESPONSE) - Status: 200: NoneType - None


==============================***=====================
Timestamp: 2025-11-23 12:01:53
Contexto: Endpoint: GET /api/dashboard/trends (REQUEST) - Status: 200
Tipo de Error: NoneType
Mensaje: None
Información Adicional:
  endpoint: GET /api/dashboard/trends
  method: REQUEST
  status_code: 200
  request_data: {'method': 'GET', 'path': '/api/dashboard/trends', 'user_agent': 'Mozilla/5.0 (Linux; Android 6.0; Nexus 5 Build/MRA58N) AppleWebKit/537.36 (KHTML, like Gecko) Chrome/142.0.0.0 Mobile Safari/537.36', 'ip_address': '127.0.0.1', 'timestamp': '2025-11-23T12:01:53.363343'}
Traceback:
NoneType: None

==============================***=====================
2025-11-23 12:01:53 - hannariskpro - ERROR - Error en Endpoint: GET /api/dashboard/trends (REQUEST) - Status: 200: NoneType - None


==============================***=====================
Timestamp: 2025-11-23 12:01:53
Contexto: Endpoint: GET /api/me (REQUEST) - Status: 200
Tipo de Error: NoneType
Mensaje: None
Información Adicional:
  endpoint: GET /api/me
  method: REQUEST
  status_code: 200
  request_data: {'method': 'GET', 'path': '/api/me', 'user_agent': 'Mozilla/5.0 (Linux; Android 6.0; Nexus 5 Build/MRA58N) AppleWebKit/537.36 (KHTML, like Gecko) Chrome/142.0.0.0 Mobile Safari/537.36', 'ip_address': '127.0.0.1', 'timestamp': '2025-11-23T12:01:53.370001'}
Traceback:
NoneType: None

==============================***=====================
2025-11-23 12:01:53 - hannariskpro - ERROR - Error en Endpoint: GET /api/me (REQUEST) - Status: 200: NoneType - None


==============================***=====================
Timestamp: 2025-11-23 12:01:53
Contexto: Endpoint: GET /api/dashboard/risk_matrix (REQUEST) - Status: 200
Tipo de Error: NoneType
Mensaje: None
Información Adicional:
  endpoint: GET /api/dashboard/risk_matrix
  method: REQUEST
  status_code: 200
  request_data: {'method': 'GET', 'path': '/api/dashboard/risk_matrix', 'user_agent': 'Mozilla/5.0 (Linux; Android 6.0; Nexus 5 Build/MRA58N) AppleWebKit/537.36 (KHTML, like Gecko) Chrome/142.0.0.0 Mobile Safari/537.36', 'ip_address': '127.0.0.1', 'timestamp': '2025-11-23T12:01:53.372757'}
Traceback:
NoneType: None

==============================***=====================
2025-11-23 12:01:53 - hannariskpro - ERROR - Error en Endpoint: GET /api/dashboard/risk_matrix (REQUEST) - Status: 200: NoneType - None


==============================***=====================
Timestamp: 2025-11-23 12:01:53
Contexto: Endpoint: GET /api/dashboard/by_level (REQUEST) - Status: 200
Tipo de Error: NoneType
Mensaje: None
Información Adicional:
  endpoint: GET /api/dashboard/by_level
  method: REQUEST
  status_code: 200
  request_data: {'method': 'GET', 'path': '/api/dashboard/by_level', 'user_agent': 'Mozilla/5.0 (Linux; Android 6.0; Nexus 5 Build/MRA58N) AppleWebKit/537.36 (KHTML, like Gecko) Chrome/142.0.0.0 Mobile Safari/537.36', 'ip_address': '127.0.0.1', 'timestamp': '2025-11-23T12:01:53.374865'}
Traceback:
NoneType: None

==============================***=====================
2025-11-23 12:01:53 - hannariskpro - ERROR - Error en Endpoint: GET /api/dashboard/by_level (REQUEST) - Status: 200: NoneType - None


==============================***=====================
Timestamp: 2025-11-23 12:01:53
Contexto: Endpoint: GET /api/dashboard/kpis (REQUEST) - Status: 200
Tipo de Error: NoneType
Mensaje: None
Información Adicional:
  endpoint: GET /api/dashboard/kpis
  method: REQUEST
  status_code: 200
  request_data: {'method': 'GET', 'path': '/api/dashboard/kpis', 'user_agent': 'Mozilla/5.0 (Linux; Android 6.0; Nexus 5 Build/MRA58N) AppleWebKit/537.36 (KHTML, like Gecko) Chrome/142.0.0.0 Mobile Safari/537.36', 'ip_address': '127.0.0.1', 'timestamp': '2025-11-23T12:01:53.378492'}
Traceback:
NoneType: None

==============================***=====================
2025-11-23 12:01:53 - hannariskpro - ERROR - Error en Endpoint: GET /api/dashboard/kpis (REQUEST) - Status: 200: NoneType - None


==============================***=====================
Timestamp: 2025-11-23 12:01:53
Contexto: Endpoint: GET /api/dashboard/activity (RESPONSE) - Status: 200
Tipo de Error: NoneType
Mensaje: None
Información Adicional:
  endpoint: GET /api/dashboard/activity
  method: RESPONSE
  status_code: 200
  request_data: {'method': 'GET', 'path': '/api/dashboard/activity', 'status_code': 200, 'process_time': '0.0310s', 'ip_address': '127.0.0.1', 'timestamp': '2025-11-23T12:01:53.384919'}
Traceback:
NoneType: None

==============================***=====================
2025-11-23 12:01:53 - hannariskpro - ERROR - Error en Endpoint: GET /api/dashboard/activity (RESPONSE) - Status: 200: NoneType - None


==============================***=====================
Timestamp: 2025-11-23 12:01:53
Contexto: Endpoint: GET /api/me (RESPONSE) - Status: 200
Tipo de Error: NoneType
Mensaje: None
Información Adicional:
  endpoint: GET /api/me
  method: RESPONSE
  status_code: 200
  request_data: {'method': 'GET', 'path': '/api/me', 'status_code': 200, 'process_time': '0.0246s', 'ip_address': '127.0.0.1', 'timestamp': '2025-11-23T12:01:53.394650'}
Traceback:
NoneType: None

==============================***=====================
2025-11-23 12:01:53 - hannariskpro - ERROR - Error en Endpoint: GET /api/me (RESPONSE) - Status: 200: NoneType - None


==============================***=====================
Timestamp: 2025-11-23 12:01:53
Contexto: Endpoint: GET /api/dashboard/by_location (REQUEST) - Status: 200
Tipo de Error: NoneType
Mensaje: None
Información Adicional:
  endpoint: GET /api/dashboard/by_location
  method: REQUEST
  status_code: 200
  request_data: {'method': 'GET', 'path': '/api/dashboard/by_location', 'user_agent': 'Mozilla/5.0 (Linux; Android 6.0; Nexus 5 Build/MRA58N) AppleWebKit/537.36 (KHTML, like Gecko) Chrome/142.0.0.0 Mobile Safari/537.36', 'ip_address': '127.0.0.1', 'timestamp': '2025-11-23T12:01:53.404838'}
Traceback:
NoneType: None

==============================***=====================
2025-11-23 12:01:53 - hannariskpro - ERROR - Error en Endpoint: GET /api/dashboard/by_location (REQUEST) - Status: 200: NoneType - None


==============================***=====================
Timestamp: 2025-11-23 12:01:53
Contexto: Endpoint: GET /api/dashboard/risk_matrix (RESPONSE) - Status: 200
Tipo de Error: NoneType
Mensaje: None
Información Adicional:
  endpoint: GET /api/dashboard/risk_matrix
  method: RESPONSE
  status_code: 200
  request_data: {'method': 'GET', 'path': '/api/dashboard/risk_matrix', 'status_code': 200, 'process_time': '0.0368s', 'ip_address': '127.0.0.1', 'timestamp': '2025-11-23T12:01:53.409576'}
Traceback:
NoneType: None

==============================***=====================
2025-11-23 12:01:53 - hannariskpro - ERROR - Error en Endpoint: GET /api/dashboard/risk_matrix (RESPONSE) - Status: 200: NoneType - None


==============================***=====================
Timestamp: 2025-11-23 12:01:53
Contexto: Endpoint: GET /api/dashboard/by_level (RESPONSE) - Status: 200
Tipo de Error: NoneType
Mensaje: None
Información Adicional:
  endpoint: GET /api/dashboard/by_level
  method: RESPONSE
  status_code: 200
  request_data: {'method': 'GET', 'path': '/api/dashboard/by_level', 'status_code': 200, 'process_time': '0.0357s', 'ip_address': '127.0.0.1', 'timestamp': '2025-11-23T12:01:53.410584'}
Traceback:
NoneType: None

==============================***=====================
2025-11-23 12:01:53 - hannariskpro - ERROR - Error en Endpoint: GET /api/dashboard/by_level (RESPONSE) - Status: 200: NoneType - None


==============================***=====================
Timestamp: 2025-11-23 12:01:53
Contexto: Endpoint: GET /api/dashboard/kpis (RESPONSE) - Status: 200
Tipo de Error: NoneType
Mensaje: None
Información Adicional:
  endpoint: GET /api/dashboard/kpis
  method: RESPONSE
  status_code: 200
  request_data: {'method': 'GET', 'path': '/api/dashboard/kpis', 'status_code': 200, 'process_time': '0.0366s', 'ip_address': '127.0.0.1', 'timestamp': '2025-11-23T12:01:53.415065'}
Traceback:
NoneType: None

==============================***=====================
2025-11-23 12:01:53 - hannariskpro - ERROR - Error en Endpoint: GET /api/dashboard/kpis (RESPONSE) - Status: 200: NoneType - None


==============================***=====================
Timestamp: 2025-11-23 12:01:53
Contexto: Endpoint: GET /api/dashboard/trends (RESPONSE) - Status: 200
Tipo de Error: NoneType
Mensaje: None
Información Adicional:
  endpoint: GET /api/dashboard/trends
  method: RESPONSE
  status_code: 200
  request_data: {'method': 'GET', 'path': '/api/dashboard/trends', 'status_code': 200, 'process_time': '0.0586s', 'ip_address': '127.0.0.1', 'timestamp': '2025-11-23T12:01:53.421949'}
Traceback:
NoneType: None

==============================***=====================
2025-11-23 12:01:53 - hannariskpro - ERROR - Error en Endpoint: GET /api/dashboard/trends (RESPONSE) - Status: 200: NoneType - None


==============================***=====================
Timestamp: 2025-11-23 12:01:53
Contexto: Endpoint: GET /api/dashboard/actions_critical (REQUEST) - Status: 200
Tipo de Error: NoneType
Mensaje: None
Información Adicional:
  endpoint: GET /api/dashboard/actions_critical
  method: REQUEST
  status_code: 200
  request_data: {'method': 'GET', 'path': '/api/dashboard/actions_critical', 'user_agent': 'Mozilla/5.0 (Linux; Android 6.0; Nexus 5 Build/MRA58N) AppleWebKit/537.36 (KHTML, like Gecko) Chrome/142.0.0.0 Mobile Safari/537.36', 'ip_address': '127.0.0.1', 'timestamp': '2025-11-23T12:01:53.432215'}
Traceback:
NoneType: None

==============================***=====================
2025-11-23 12:01:53 - hannariskpro - ERROR - Error en Endpoint: GET /api/dashboard/actions_critical (REQUEST) - Status: 200: NoneType - None


==============================***=====================
Timestamp: 2025-11-23 12:01:53
Contexto: Endpoint: GET /api/dashboard/trends (REQUEST) - Status: 200
Tipo de Error: NoneType
Mensaje: None
Información Adicional:
  endpoint: GET /api/dashboard/trends
  method: REQUEST
  status_code: 200
  request_data: {'method': 'GET', 'path': '/api/dashboard/trends', 'user_agent': 'Mozilla/5.0 (Linux; Android 6.0; Nexus 5 Build/MRA58N) AppleWebKit/537.36 (KHTML, like Gecko) Chrome/142.0.0.0 Mobile Safari/537.36', 'ip_address': '127.0.0.1', 'timestamp': '2025-11-23T12:01:53.438151'}
Traceback:
NoneType: None

==============================***=====================
2025-11-23 12:01:53 - hannariskpro - ERROR - Error en Endpoint: GET /api/dashboard/trends (REQUEST) - Status: 200: NoneType - None


==============================***=====================
Timestamp: 2025-11-23 12:01:53
Contexto: Endpoint: GET /api/dashboard/activity (REQUEST) - Status: 200
Tipo de Error: NoneType
Mensaje: None
Información Adicional:
  endpoint: GET /api/dashboard/activity
  method: REQUEST
  status_code: 200
  request_data: {'method': 'GET', 'path': '/api/dashboard/activity', 'user_agent': 'Mozilla/5.0 (Linux; Android 6.0; Nexus 5 Build/MRA58N) AppleWebKit/537.36 (KHTML, like Gecko) Chrome/142.0.0.0 Mobile Safari/537.36', 'ip_address': '127.0.0.1', 'timestamp': '2025-11-23T12:01:53.439404'}
Traceback:
NoneType: None

==============================***=====================
2025-11-23 12:01:53 - hannariskpro - ERROR - Error en Endpoint: GET /api/dashboard/activity (REQUEST) - Status: 200: NoneType - None


==============================***=====================
Timestamp: 2025-11-23 12:01:53
Contexto: Endpoint: GET /api/dashboard/by_location (RESPONSE) - Status: 200
Tipo de Error: NoneType
Mensaje: None
Información Adicional:
  endpoint: GET /api/dashboard/by_location
  method: RESPONSE
  status_code: 200
  request_data: {'method': 'GET', 'path': '/api/dashboard/by_location', 'status_code': 200, 'process_time': '0.0372s', 'ip_address': '127.0.0.1', 'timestamp': '2025-11-23T12:01:53.442053'}
Traceback:
NoneType: None

==============================***=====================
2025-11-23 12:01:53 - hannariskpro - ERROR - Error en Endpoint: GET /api/dashboard/by_location (RESPONSE) - Status: 200: NoneType - None


==============================***=====================
Timestamp: 2025-11-23 12:01:53
Contexto: Endpoint: GET /api/dashboard/actions_critical (RESPONSE) - Status: 200
Tipo de Error: NoneType
Mensaje: None
Información Adicional:
  endpoint: GET /api/dashboard/actions_critical
  method: RESPONSE
  status_code: 200
  request_data: {'method': 'GET', 'path': '/api/dashboard/actions_critical', 'status_code': 200, 'process_time': '0.0233s', 'ip_address': '127.0.0.1', 'timestamp': '2025-11-23T12:01:53.455543'}
Traceback:
NoneType: None

==============================***=====================
2025-11-23 12:01:53 - hannariskpro - ERROR - Error en Endpoint: GET /api/dashboard/actions_critical (RESPONSE) - Status: 200: NoneType - None


==============================***=====================
Timestamp: 2025-11-23 12:01:53
Contexto: Endpoint: GET /api/dashboard/activity (RESPONSE) - Status: 200
Tipo de Error: NoneType
Mensaje: None
Información Adicional:
  endpoint: GET /api/dashboard/activity
  method: RESPONSE
  status_code: 200
  request_data: {'method': 'GET', 'path': '/api/dashboard/activity', 'status_code': 200, 'process_time': '0.0239s', 'ip_address': '127.0.0.1', 'timestamp': '2025-11-23T12:01:53.463267'}
Traceback:
NoneType: None

==============================***=====================
2025-11-23 12:01:53 - hannariskpro - ERROR - Error en Endpoint: GET /api/dashboard/activity (RESPONSE) - Status: 200: NoneType - None


==============================***=====================
Timestamp: 2025-11-23 12:01:53
Contexto: Endpoint: GET /api/dashboard/trends (RESPONSE) - Status: 200
Tipo de Error: NoneType
Mensaje: None
Información Adicional:
  endpoint: GET /api/dashboard/trends
  method: RESPONSE
  status_code: 200
  request_data: {'method': 'GET', 'path': '/api/dashboard/trends', 'status_code': 200, 'process_time': '0.0327s', 'ip_address': '127.0.0.1', 'timestamp': '2025-11-23T12:01:53.470817'}
Traceback:
NoneType: None

==============================***=====================
2025-11-23 12:01:53 - hannariskpro - ERROR - Error en Endpoint: GET /api/dashboard/trends (RESPONSE) - Status: 200: NoneType - None


==============================***=====================
Timestamp: 2025-11-23 12:03:46
Contexto: Endpoint: GET /api/me (REQUEST) - Status: 200
Tipo de Error: NoneType
Mensaje: None
Información Adicional:
  endpoint: GET /api/me
  method: REQUEST
  status_code: 200
  request_data: {'method': 'GET', 'path': '/api/me', 'user_agent': 'Mozilla/5.0 (Windows NT 10.0; Win64; x64) AppleWebKit/537.36 (KHTML, like Gecko) Chrome/142.0.0.0 Safari/537.36', 'ip_address': '127.0.0.1', 'timestamp': '2025-11-23T12:03:46.174419'}
Traceback:
NoneType: None

==============================***=====================
2025-11-23 12:03:46 - hannariskpro - ERROR - Error en Endpoint: GET /api/me (REQUEST) - Status: 200: NoneType - None


==============================***=====================
Timestamp: 2025-11-23 12:03:46
Contexto: Endpoint: GET /api/dashboard/risk_matrix (REQUEST) - Status: 200
Tipo de Error: NoneType
Mensaje: None
Información Adicional:
  endpoint: GET /api/dashboard/risk_matrix
  method: REQUEST
  status_code: 200
  request_data: {'method': 'GET', 'path': '/api/dashboard/risk_matrix', 'user_agent': 'Mozilla/5.0 (Windows NT 10.0; Win64; x64) AppleWebKit/537.36 (KHTML, like Gecko) Chrome/142.0.0.0 Safari/537.36', 'ip_address': '127.0.0.1', 'timestamp': '2025-11-23T12:03:46.179725'}
Traceback:
NoneType: None

==============================***=====================
2025-11-23 12:03:46 - hannariskpro - ERROR - Error en Endpoint: GET /api/dashboard/risk_matrix (REQUEST) - Status: 200: NoneType - None


==============================***=====================
Timestamp: 2025-11-23 12:03:46
Contexto: Endpoint: GET /api/dashboard/kpis (REQUEST) - Status: 200
Tipo de Error: NoneType
Mensaje: None
Información Adicional:
  endpoint: GET /api/dashboard/kpis
  method: REQUEST
  status_code: 200
  request_data: {'method': 'GET', 'path': '/api/dashboard/kpis', 'user_agent': 'Mozilla/5.0 (Windows NT 10.0; Win64; x64) AppleWebKit/537.36 (KHTML, like Gecko) Chrome/142.0.0.0 Safari/537.36', 'ip_address': '127.0.0.1', 'timestamp': '2025-11-23T12:03:46.184279'}
Traceback:
NoneType: None

==============================***=====================
2025-11-23 12:03:46 - hannariskpro - ERROR - Error en Endpoint: GET /api/dashboard/kpis (REQUEST) - Status: 200: NoneType - None


==============================***=====================
Timestamp: 2025-11-23 12:03:46
Contexto: Endpoint: GET /api/dashboard/by_level (REQUEST) - Status: 200
Tipo de Error: NoneType
Mensaje: None
Información Adicional:
  endpoint: GET /api/dashboard/by_level
  method: REQUEST
  status_code: 200
  request_data: {'method': 'GET', 'path': '/api/dashboard/by_level', 'user_agent': 'Mozilla/5.0 (Windows NT 10.0; Win64; x64) AppleWebKit/537.36 (KHTML, like Gecko) Chrome/142.0.0.0 Safari/537.36', 'ip_address': '127.0.0.1', 'timestamp': '2025-11-23T12:03:46.186793'}
Traceback:
NoneType: None

==============================***=====================
2025-11-23 12:03:46 - hannariskpro - ERROR - Error en Endpoint: GET /api/dashboard/by_level (REQUEST) - Status: 200: NoneType - None


==============================***=====================
Timestamp: 2025-11-23 12:03:46
Contexto: Endpoint: GET /api/dashboard/by_location (REQUEST) - Status: 200
Tipo de Error: NoneType
Mensaje: None
Información Adicional:
  endpoint: GET /api/dashboard/by_location
  method: REQUEST
  status_code: 200
  request_data: {'method': 'GET', 'path': '/api/dashboard/by_location', 'user_agent': 'Mozilla/5.0 (Windows NT 10.0; Win64; x64) AppleWebKit/537.36 (KHTML, like Gecko) Chrome/142.0.0.0 Safari/537.36', 'ip_address': '127.0.0.1', 'timestamp': '2025-11-23T12:03:46.192438'}
Traceback:
NoneType: None

==============================***=====================
2025-11-23 12:03:46 - hannariskpro - ERROR - Error en Endpoint: GET /api/dashboard/by_location (REQUEST) - Status: 200: NoneType - None


==============================***=====================
Timestamp: 2025-11-23 12:03:46
Contexto: Endpoint: GET /api/dashboard/actions_critical (REQUEST) - Status: 200
Tipo de Error: NoneType
Mensaje: None
Información Adicional:
  endpoint: GET /api/dashboard/actions_critical
  method: REQUEST
  status_code: 200
  request_data: {'method': 'GET', 'path': '/api/dashboard/actions_critical', 'user_agent': 'Mozilla/5.0 (Windows NT 10.0; Win64; x64) AppleWebKit/537.36 (KHTML, like Gecko) Chrome/142.0.0.0 Safari/537.36', 'ip_address': '127.0.0.1', 'timestamp': '2025-11-23T12:03:46.195441'}
Traceback:
NoneType: None

==============================***=====================
2025-11-23 12:03:46 - hannariskpro - ERROR - Error en Endpoint: GET /api/dashboard/actions_critical (REQUEST) - Status: 200: NoneType - None


==============================***=====================
Timestamp: 2025-11-23 12:03:46
Contexto: Endpoint: GET /api/me (RESPONSE) - Status: 200
Tipo de Error: NoneType
Mensaje: None
Información Adicional:
  endpoint: GET /api/me
  method: RESPONSE
  status_code: 200
  request_data: {'method': 'GET', 'path': '/api/me', 'status_code': 200, 'process_time': '0.0390s', 'ip_address': '127.0.0.1', 'timestamp': '2025-11-23T12:03:46.213396'}
Traceback:
NoneType: None

==============================***=====================
2025-11-23 12:03:46 - hannariskpro - ERROR - Error en Endpoint: GET /api/me (RESPONSE) - Status: 200: NoneType - None


==============================***=====================
Timestamp: 2025-11-23 12:03:46
Contexto: Endpoint: GET /api/dashboard/by_level (RESPONSE) - Status: 200
Tipo de Error: NoneType
Mensaje: None
Información Adicional:
  endpoint: GET /api/dashboard/by_level
  method: RESPONSE
  status_code: 200
  request_data: {'method': 'GET', 'path': '/api/dashboard/by_level', 'status_code': 200, 'process_time': '0.0319s', 'ip_address': '127.0.0.1', 'timestamp': '2025-11-23T12:03:46.218738'}
Traceback:
NoneType: None

==============================***=====================
2025-11-23 12:03:46 - hannariskpro - ERROR - Error en Endpoint: GET /api/dashboard/by_level (RESPONSE) - Status: 200: NoneType - None


==============================***=====================
Timestamp: 2025-11-23 12:03:46
Contexto: Endpoint: GET /api/dashboard/risk_matrix (RESPONSE) - Status: 200
Tipo de Error: NoneType
Mensaje: None
Información Adicional:
  endpoint: GET /api/dashboard/risk_matrix
  method: RESPONSE
  status_code: 200
  request_data: {'method': 'GET', 'path': '/api/dashboard/risk_matrix', 'status_code': 200, 'process_time': '0.0464s', 'ip_address': '127.0.0.1', 'timestamp': '2025-11-23T12:03:46.226076'}
Traceback:
NoneType: None

==============================***=====================
2025-11-23 12:03:46 - hannariskpro - ERROR - Error en Endpoint: GET /api/dashboard/risk_matrix (RESPONSE) - Status: 200: NoneType - None


==============================***=====================
Timestamp: 2025-11-23 12:03:46
Contexto: Endpoint: GET /api/dashboard/activity (REQUEST) - Status: 200
Tipo de Error: NoneType
Mensaje: None
Información Adicional:
  endpoint: GET /api/dashboard/activity
  method: REQUEST
  status_code: 200
  request_data: {'method': 'GET', 'path': '/api/dashboard/activity', 'user_agent': 'Mozilla/5.0 (Windows NT 10.0; Win64; x64) AppleWebKit/537.36 (KHTML, like Gecko) Chrome/142.0.0.0 Safari/537.36', 'ip_address': '127.0.0.1', 'timestamp': '2025-11-23T12:03:46.230143'}
Traceback:
NoneType: None

==============================***=====================
2025-11-23 12:03:46 - hannariskpro - ERROR - Error en Endpoint: GET /api/dashboard/activity (REQUEST) - Status: 200: NoneType - None


==============================***=====================
Timestamp: 2025-11-23 12:03:46
Contexto: Endpoint: GET /api/dashboard/actions_critical (RESPONSE) - Status: 200
Tipo de Error: NoneType
Mensaje: None
Información Adicional:
  endpoint: GET /api/dashboard/actions_critical
  method: RESPONSE
  status_code: 200
  request_data: {'method': 'GET', 'path': '/api/dashboard/actions_critical', 'status_code': 200, 'process_time': '0.0367s', 'ip_address': '127.0.0.1', 'timestamp': '2025-11-23T12:03:46.232178'}
Traceback:
NoneType: None

==============================***=====================
2025-11-23 12:03:46 - hannariskpro - ERROR - Error en Endpoint: GET /api/dashboard/actions_critical (RESPONSE) - Status: 200: NoneType - None


==============================***=====================
Timestamp: 2025-11-23 12:03:46
Contexto: Endpoint: GET /api/dashboard/kpis (RESPONSE) - Status: 200
Tipo de Error: NoneType
Mensaje: None
Información Adicional:
  endpoint: GET /api/dashboard/kpis
  method: RESPONSE
  status_code: 200
  request_data: {'method': 'GET', 'path': '/api/dashboard/kpis', 'status_code': 200, 'process_time': '0.0509s', 'ip_address': '127.0.0.1', 'timestamp': '2025-11-23T12:03:46.235194'}
Traceback:
NoneType: None

==============================***=====================
2025-11-23 12:03:46 - hannariskpro - ERROR - Error en Endpoint: GET /api/dashboard/kpis (RESPONSE) - Status: 200: NoneType - None


==============================***=====================
Timestamp: 2025-11-23 12:03:46
Contexto: Endpoint: GET /api/dashboard/by_location (RESPONSE) - Status: 200
Tipo de Error: NoneType
Mensaje: None
Información Adicional:
  endpoint: GET /api/dashboard/by_location
  method: RESPONSE
  status_code: 200
  request_data: {'method': 'GET', 'path': '/api/dashboard/by_location', 'status_code': 200, 'process_time': '0.0428s', 'ip_address': '127.0.0.1', 'timestamp': '2025-11-23T12:03:46.235194'}
Traceback:
NoneType: None

==============================***=====================
2025-11-23 12:03:46 - hannariskpro - ERROR - Error en Endpoint: GET /api/dashboard/by_location (RESPONSE) - Status: 200: NoneType - None


==============================***=====================
Timestamp: 2025-11-23 12:03:46
Contexto: Endpoint: GET /api/dashboard/trends (REQUEST) - Status: 200
Tipo de Error: NoneType
Mensaje: None
Información Adicional:
  endpoint: GET /api/dashboard/trends
  method: REQUEST
  status_code: 200
  request_data: {'method': 'GET', 'path': '/api/dashboard/trends', 'user_agent': 'Mozilla/5.0 (Windows NT 10.0; Win64; x64) AppleWebKit/537.36 (KHTML, like Gecko) Chrome/142.0.0.0 Safari/537.36', 'ip_address': '127.0.0.1', 'timestamp': '2025-11-23T12:03:46.239782'}
Traceback:
NoneType: None

==============================***=====================
2025-11-23 12:03:46 - hannariskpro - ERROR - Error en Endpoint: GET /api/dashboard/trends (REQUEST) - Status: 200: NoneType - None


==============================***=====================
Timestamp: 2025-11-23 12:03:46
Contexto: Endpoint: GET /api/me (REQUEST) - Status: 200
Tipo de Error: NoneType
Mensaje: None
Información Adicional:
  endpoint: GET /api/me
  method: REQUEST
  status_code: 200
  request_data: {'method': 'GET', 'path': '/api/me', 'user_agent': 'Mozilla/5.0 (Windows NT 10.0; Win64; x64) AppleWebKit/537.36 (KHTML, like Gecko) Chrome/142.0.0.0 Safari/537.36', 'ip_address': '127.0.0.1', 'timestamp': '2025-11-23T12:03:46.246984'}
Traceback:
NoneType: None

==============================***=====================
2025-11-23 12:03:46 - hannariskpro - ERROR - Error en Endpoint: GET /api/me (REQUEST) - Status: 200: NoneType - None


==============================***=====================
Timestamp: 2025-11-23 12:03:46
Contexto: Endpoint: GET /api/dashboard/by_level (REQUEST) - Status: 200
Tipo de Error: NoneType
Mensaje: None
Información Adicional:
  endpoint: GET /api/dashboard/by_level
  method: REQUEST
  status_code: 200
  request_data: {'method': 'GET', 'path': '/api/dashboard/by_level', 'user_agent': 'Mozilla/5.0 (Windows NT 10.0; Win64; x64) AppleWebKit/537.36 (KHTML, like Gecko) Chrome/142.0.0.0 Safari/537.36', 'ip_address': '127.0.0.1', 'timestamp': '2025-11-23T12:03:46.251259'}
Traceback:
NoneType: None

==============================***=====================
2025-11-23 12:03:46 - hannariskpro - ERROR - Error en Endpoint: GET /api/dashboard/by_level (REQUEST) - Status: 200: NoneType - None


==============================***=====================
Timestamp: 2025-11-23 12:03:46
Contexto: Endpoint: GET /api/dashboard/risk_matrix (REQUEST) - Status: 200
Tipo de Error: NoneType
Mensaje: None
Información Adicional:
  endpoint: GET /api/dashboard/risk_matrix
  method: REQUEST
  status_code: 200
  request_data: {'method': 'GET', 'path': '/api/dashboard/risk_matrix', 'user_agent': 'Mozilla/5.0 (Windows NT 10.0; Win64; x64) AppleWebKit/537.36 (KHTML, like Gecko) Chrome/142.0.0.0 Safari/537.36', 'ip_address': '127.0.0.1', 'timestamp': '2025-11-23T12:03:46.254940'}
Traceback:
NoneType: None

==============================***=====================
2025-11-23 12:03:46 - hannariskpro - ERROR - Error en Endpoint: GET /api/dashboard/risk_matrix (REQUEST) - Status: 200: NoneType - None


==============================***=====================
Timestamp: 2025-11-23 12:03:46
Contexto: Endpoint: GET /api/dashboard/actions_critical (REQUEST) - Status: 200
Tipo de Error: NoneType
Mensaje: None
Información Adicional:
  endpoint: GET /api/dashboard/actions_critical
  method: REQUEST
  status_code: 200
  request_data: {'method': 'GET', 'path': '/api/dashboard/actions_critical', 'user_agent': 'Mozilla/5.0 (Windows NT 10.0; Win64; x64) AppleWebKit/537.36 (KHTML, like Gecko) Chrome/142.0.0.0 Safari/537.36', 'ip_address': '127.0.0.1', 'timestamp': '2025-11-23T12:03:46.256041'}
Traceback:
NoneType: None

==============================***=====================
2025-11-23 12:03:46 - hannariskpro - ERROR - Error en Endpoint: GET /api/dashboard/actions_critical (REQUEST) - Status: 200: NoneType - None


==============================***=====================
Timestamp: 2025-11-23 12:03:46
Contexto: Endpoint: GET /api/dashboard/activity (RESPONSE) - Status: 200
Tipo de Error: NoneType
Mensaje: None
Información Adicional:
  endpoint: GET /api/dashboard/activity
  method: RESPONSE
  status_code: 200
  request_data: {'method': 'GET', 'path': '/api/dashboard/activity', 'status_code': 200, 'process_time': '0.0325s', 'ip_address': '127.0.0.1', 'timestamp': '2025-11-23T12:03:46.262628'}
Traceback:
NoneType: None

==============================***=====================
2025-11-23 12:03:46 - hannariskpro - ERROR - Error en Endpoint: GET /api/dashboard/activity (RESPONSE) - Status: 200: NoneType - None


==============================***=====================
Timestamp: 2025-11-23 12:03:46
Contexto: Endpoint: GET /api/me (RESPONSE) - Status: 200
Tipo de Error: NoneType
Mensaje: None
Información Adicional:
  endpoint: GET /api/me
  method: RESPONSE
  status_code: 200
  request_data: {'method': 'GET', 'path': '/api/me', 'status_code': 200, 'process_time': '0.0222s', 'ip_address': '127.0.0.1', 'timestamp': '2025-11-23T12:03:46.269169'}
Traceback:
NoneType: None

==============================***=====================
2025-11-23 12:03:46 - hannariskpro - ERROR - Error en Endpoint: GET /api/me (RESPONSE) - Status: 200: NoneType - None


==============================***=====================
Timestamp: 2025-11-23 12:03:46
Contexto: Endpoint: GET /api/dashboard/kpis (REQUEST) - Status: 200
Tipo de Error: NoneType
Mensaje: None
Información Adicional:
  endpoint: GET /api/dashboard/kpis
  method: REQUEST
  status_code: 200
  request_data: {'method': 'GET', 'path': '/api/dashboard/kpis', 'user_agent': 'Mozilla/5.0 (Windows NT 10.0; Win64; x64) AppleWebKit/537.36 (KHTML, like Gecko) Chrome/142.0.0.0 Safari/537.36', 'ip_address': '127.0.0.1', 'timestamp': '2025-11-23T12:03:46.276848'}
Traceback:
NoneType: None

==============================***=====================
2025-11-23 12:03:46 - hannariskpro - ERROR - Error en Endpoint: GET /api/dashboard/kpis (REQUEST) - Status: 200: NoneType - None


==============================***=====================
Timestamp: 2025-11-23 12:03:46
Contexto: Endpoint: GET /api/dashboard/by_level (RESPONSE) - Status: 200
Tipo de Error: NoneType
Mensaje: None
Información Adicional:
  endpoint: GET /api/dashboard/by_level
  method: RESPONSE
  status_code: 200
  request_data: {'method': 'GET', 'path': '/api/dashboard/by_level', 'status_code': 200, 'process_time': '0.0297s', 'ip_address': '127.0.0.1', 'timestamp': '2025-11-23T12:03:46.280921'}
Traceback:
NoneType: None

==============================***=====================
2025-11-23 12:03:46 - hannariskpro - ERROR - Error en Endpoint: GET /api/dashboard/by_level (RESPONSE) - Status: 200: NoneType - None


==============================***=====================
Timestamp: 2025-11-23 12:03:46
Contexto: Endpoint: GET /api/dashboard/by_location (REQUEST) - Status: 200
Tipo de Error: NoneType
Mensaje: None
Información Adicional:
  endpoint: GET /api/dashboard/by_location
  method: REQUEST
  status_code: 200
  request_data: {'method': 'GET', 'path': '/api/dashboard/by_location', 'user_agent': 'Mozilla/5.0 (Windows NT 10.0; Win64; x64) AppleWebKit/537.36 (KHTML, like Gecko) Chrome/142.0.0.0 Safari/537.36', 'ip_address': '127.0.0.1', 'timestamp': '2025-11-23T12:03:46.282921'}
Traceback:
NoneType: None

==============================***=====================
2025-11-23 12:03:46 - hannariskpro - ERROR - Error en Endpoint: GET /api/dashboard/by_location (REQUEST) - Status: 200: NoneType - None


==============================***=====================
Timestamp: 2025-11-23 12:03:46
Contexto: Endpoint: GET /api/dashboard/actions_critical (RESPONSE) - Status: 200
Tipo de Error: NoneType
Mensaje: None
Información Adicional:
  endpoint: GET /api/dashboard/actions_critical
  method: RESPONSE
  status_code: 200
  request_data: {'method': 'GET', 'path': '/api/dashboard/actions_critical', 'status_code': 200, 'process_time': '0.0352s', 'ip_address': '127.0.0.1', 'timestamp': '2025-11-23T12:03:46.291272'}
Traceback:
NoneType: None

==============================***=====================
2025-11-23 12:03:46 - hannariskpro - ERROR - Error en Endpoint: GET /api/dashboard/actions_critical (RESPONSE) - Status: 200: NoneType - None


==============================***=====================
Timestamp: 2025-11-23 12:03:46
Contexto: Endpoint: GET /api/dashboard/risk_matrix (RESPONSE) - Status: 200
Tipo de Error: NoneType
Mensaje: None
Información Adicional:
  endpoint: GET /api/dashboard/risk_matrix
  method: RESPONSE
  status_code: 200
  request_data: {'method': 'GET', 'path': '/api/dashboard/risk_matrix', 'status_code': 200, 'process_time': '0.0383s', 'ip_address': '127.0.0.1', 'timestamp': '2025-11-23T12:03:46.293267'}
Traceback:
NoneType: None

==============================***=====================
2025-11-23 12:03:46 - hannariskpro - ERROR - Error en Endpoint: GET /api/dashboard/risk_matrix (RESPONSE) - Status: 200: NoneType - None


==============================***=====================
Timestamp: 2025-11-23 12:03:46
Contexto: Endpoint: GET /api/dashboard/trends (RESPONSE) - Status: 200
Tipo de Error: NoneType
Mensaje: None
Información Adicional:
  endpoint: GET /api/dashboard/trends
  method: RESPONSE
  status_code: 200
  request_data: {'method': 'GET', 'path': '/api/dashboard/trends', 'status_code': 200, 'process_time': '0.0556s', 'ip_address': '127.0.0.1', 'timestamp': '2025-11-23T12:03:46.295403'}
Traceback:
NoneType: None

==============================***=====================
2025-11-23 12:03:46 - hannariskpro - ERROR - Error en Endpoint: GET /api/dashboard/trends (RESPONSE) - Status: 200: NoneType - None


==============================***=====================
Timestamp: 2025-11-23 12:03:46
Contexto: Endpoint: GET /api/dashboard/kpis (RESPONSE) - Status: 200
Tipo de Error: NoneType
Mensaje: None
Información Adicional:
  endpoint: GET /api/dashboard/kpis
  method: RESPONSE
  status_code: 200
  request_data: {'method': 'GET', 'path': '/api/dashboard/kpis', 'status_code': 200, 'process_time': '0.0263s', 'ip_address': '127.0.0.1', 'timestamp': '2025-11-23T12:03:46.303142'}
Traceback:
NoneType: None

==============================***=====================
2025-11-23 12:03:46 - hannariskpro - ERROR - Error en Endpoint: GET /api/dashboard/kpis (RESPONSE) - Status: 200: NoneType - None


==============================***=====================
Timestamp: 2025-11-23 12:03:46
Contexto: Endpoint: GET /api/dashboard/activity (REQUEST) - Status: 200
Tipo de Error: NoneType
Mensaje: None
Información Adicional:
  endpoint: GET /api/dashboard/activity
  method: REQUEST
  status_code: 200
  request_data: {'method': 'GET', 'path': '/api/dashboard/activity', 'user_agent': 'Mozilla/5.0 (Windows NT 10.0; Win64; x64) AppleWebKit/537.36 (KHTML, like Gecko) Chrome/142.0.0.0 Safari/537.36', 'ip_address': '127.0.0.1', 'timestamp': '2025-11-23T12:03:46.307143'}
Traceback:
NoneType: None

==============================***=====================
2025-11-23 12:03:46 - hannariskpro - ERROR - Error en Endpoint: GET /api/dashboard/activity (REQUEST) - Status: 200: NoneType - None


==============================***=====================
Timestamp: 2025-11-23 12:03:46
Contexto: Endpoint: GET /api/dashboard/by_location (RESPONSE) - Status: 200
Tipo de Error: NoneType
Mensaje: None
Información Adicional:
  endpoint: GET /api/dashboard/by_location
  method: RESPONSE
  status_code: 200
  request_data: {'method': 'GET', 'path': '/api/dashboard/by_location', 'status_code': 200, 'process_time': '0.0298s', 'ip_address': '127.0.0.1', 'timestamp': '2025-11-23T12:03:46.312740'}
Traceback:
NoneType: None

==============================***=====================
2025-11-23 12:03:46 - hannariskpro - ERROR - Error en Endpoint: GET /api/dashboard/by_location (RESPONSE) - Status: 200: NoneType - None


==============================***=====================
Timestamp: 2025-11-23 12:03:46
Contexto: Endpoint: GET /api/dashboard/trends (REQUEST) - Status: 200
Tipo de Error: NoneType
Mensaje: None
Información Adicional:
  endpoint: GET /api/dashboard/trends
  method: REQUEST
  status_code: 200
  request_data: {'method': 'GET', 'path': '/api/dashboard/trends', 'user_agent': 'Mozilla/5.0 (Windows NT 10.0; Win64; x64) AppleWebKit/537.36 (KHTML, like Gecko) Chrome/142.0.0.0 Safari/537.36', 'ip_address': '127.0.0.1', 'timestamp': '2025-11-23T12:03:46.313777'}
Traceback:
NoneType: None

==============================***=====================
2025-11-23 12:03:46 - hannariskpro - ERROR - Error en Endpoint: GET /api/dashboard/trends (REQUEST) - Status: 200: NoneType - None


==============================***=====================
Timestamp: 2025-11-23 12:03:46
Contexto: Endpoint: GET /api/dashboard/activity (RESPONSE) - Status: 200
Tipo de Error: NoneType
Mensaje: None
Información Adicional:
  endpoint: GET /api/dashboard/activity
  method: RESPONSE
  status_code: 200
  request_data: {'method': 'GET', 'path': '/api/dashboard/activity', 'status_code': 200, 'process_time': '0.0177s', 'ip_address': '127.0.0.1', 'timestamp': '2025-11-23T12:03:46.324860'}
Traceback:
NoneType: None

==============================***=====================
2025-11-23 12:03:46 - hannariskpro - ERROR - Error en Endpoint: GET /api/dashboard/activity (RESPONSE) - Status: 200: NoneType - None


==============================***=====================
Timestamp: 2025-11-23 12:03:46
Contexto: Endpoint: GET /api/dashboard/trends (RESPONSE) - Status: 200
Tipo de Error: NoneType
Mensaje: None
Información Adicional:
  endpoint: GET /api/dashboard/trends
  method: RESPONSE
  status_code: 200
  request_data: {'method': 'GET', 'path': '/api/dashboard/trends', 'status_code': 200, 'process_time': '0.0213s', 'ip_address': '127.0.0.1', 'timestamp': '2025-11-23T12:03:46.335091'}
Traceback:
NoneType: None

==============================***=====================
2025-11-23 12:03:46 - hannariskpro - ERROR - Error en Endpoint: GET /api/dashboard/trends (RESPONSE) - Status: 200: NoneType - None


==============================***=====================
Timestamp: 2025-11-23 12:10:18
Contexto: Endpoint: GET /api/me (REQUEST) - Status: 200
Tipo de Error: NoneType
Mensaje: None
Información Adicional:
  endpoint: GET /api/me
  method: REQUEST
  status_code: 200
  request_data: {'method': 'GET', 'path': '/api/me', 'user_agent': 'Mozilla/5.0 (Linux; Android 6.0; Nexus 5 Build/MRA58N) AppleWebKit/537.36 (KHTML, like Gecko) Chrome/142.0.0.0 Mobile Safari/537.36', 'ip_address': '127.0.0.1', 'timestamp': '2025-11-23T12:10:18.061497'}
Traceback:
NoneType: None

==============================***=====================
2025-11-23 12:10:18 - hannariskpro - ERROR - Error en Endpoint: GET /api/me (REQUEST) - Status: 200: NoneType - None


==============================***=====================
Timestamp: 2025-11-23 12:10:18
Contexto: Endpoint: GET /api/dashboard/by_level (REQUEST) - Status: 200
Tipo de Error: NoneType
Mensaje: None
Información Adicional:
  endpoint: GET /api/dashboard/by_level
  method: REQUEST
  status_code: 200
  request_data: {'method': 'GET', 'path': '/api/dashboard/by_level', 'user_agent': 'Mozilla/5.0 (Linux; Android 6.0; Nexus 5 Build/MRA58N) AppleWebKit/537.36 (KHTML, like Gecko) Chrome/142.0.0.0 Mobile Safari/537.36', 'ip_address': '127.0.0.1', 'timestamp': '2025-11-23T12:10:18.063497'}
Traceback:
NoneType: None

==============================***=====================
2025-11-23 12:10:18 - hannariskpro - ERROR - Error en Endpoint: GET /api/dashboard/by_level (REQUEST) - Status: 200: NoneType - None


==============================***=====================
Timestamp: 2025-11-23 12:10:18
Contexto: Endpoint: GET /api/dashboard/kpis (REQUEST) - Status: 200
Tipo de Error: NoneType
Mensaje: None
Información Adicional:
  endpoint: GET /api/dashboard/kpis
  method: REQUEST
  status_code: 200
  request_data: {'method': 'GET', 'path': '/api/dashboard/kpis', 'user_agent': 'Mozilla/5.0 (Linux; Android 6.0; Nexus 5 Build/MRA58N) AppleWebKit/537.36 (KHTML, like Gecko) Chrome/142.0.0.0 Mobile Safari/537.36', 'ip_address': '127.0.0.1', 'timestamp': '2025-11-23T12:10:18.066012'}
Traceback:
NoneType: None

==============================***=====================
2025-11-23 12:10:18 - hannariskpro - ERROR - Error en Endpoint: GET /api/dashboard/kpis (REQUEST) - Status: 200: NoneType - None


==============================***=====================
Timestamp: 2025-11-23 12:10:18
Contexto: Endpoint: GET /api/dashboard/by_location (REQUEST) - Status: 200
Tipo de Error: NoneType
Mensaje: None
Información Adicional:
  endpoint: GET /api/dashboard/by_location
  method: REQUEST
  status_code: 200
  request_data: {'method': 'GET', 'path': '/api/dashboard/by_location', 'user_agent': 'Mozilla/5.0 (Linux; Android 6.0; Nexus 5 Build/MRA58N) AppleWebKit/537.36 (KHTML, like Gecko) Chrome/142.0.0.0 Mobile Safari/537.36', 'ip_address': '127.0.0.1', 'timestamp': '2025-11-23T12:10:18.070518'}
Traceback:
NoneType: None

==============================***=====================
2025-11-23 12:10:18 - hannariskpro - ERROR - Error en Endpoint: GET /api/dashboard/by_location (REQUEST) - Status: 200: NoneType - None


==============================***=====================
Timestamp: 2025-11-23 12:10:18
Contexto: Endpoint: GET /api/dashboard/risk_matrix (REQUEST) - Status: 200
Tipo de Error: NoneType
Mensaje: None
Información Adicional:
  endpoint: GET /api/dashboard/risk_matrix
  method: REQUEST
  status_code: 200
  request_data: {'method': 'GET', 'path': '/api/dashboard/risk_matrix', 'user_agent': 'Mozilla/5.0 (Linux; Android 6.0; Nexus 5 Build/MRA58N) AppleWebKit/537.36 (KHTML, like Gecko) Chrome/142.0.0.0 Mobile Safari/537.36', 'ip_address': '127.0.0.1', 'timestamp': '2025-11-23T12:10:18.072516'}
Traceback:
NoneType: None

==============================***=====================
2025-11-23 12:10:18 - hannariskpro - ERROR - Error en Endpoint: GET /api/dashboard/risk_matrix (REQUEST) - Status: 200: NoneType - None


==============================***=====================
Timestamp: 2025-11-23 12:10:18
Contexto: Endpoint: GET /api/dashboard/actions_critical (REQUEST) - Status: 200
Tipo de Error: NoneType
Mensaje: None
Información Adicional:
  endpoint: GET /api/dashboard/actions_critical
  method: REQUEST
  status_code: 200
  request_data: {'method': 'GET', 'path': '/api/dashboard/actions_critical', 'user_agent': 'Mozilla/5.0 (Linux; Android 6.0; Nexus 5 Build/MRA58N) AppleWebKit/537.36 (KHTML, like Gecko) Chrome/142.0.0.0 Mobile Safari/537.36', 'ip_address': '127.0.0.1', 'timestamp': '2025-11-23T12:10:18.074970'}
Traceback:
NoneType: None

==============================***=====================
2025-11-23 12:10:18 - hannariskpro - ERROR - Error en Endpoint: GET /api/dashboard/actions_critical (REQUEST) - Status: 200: NoneType - None


==============================***=====================
Timestamp: 2025-11-23 12:10:18
Contexto: Endpoint: GET /api/me (RESPONSE) - Status: 200
Tipo de Error: NoneType
Mensaje: None
Información Adicional:
  endpoint: GET /api/me
  method: RESPONSE
  status_code: 200
  request_data: {'method': 'GET', 'path': '/api/me', 'status_code': 200, 'process_time': '0.0258s', 'ip_address': '127.0.0.1', 'timestamp': '2025-11-23T12:10:18.087291'}
Traceback:
NoneType: None

==============================***=====================
2025-11-23 12:10:18 - hannariskpro - ERROR - Error en Endpoint: GET /api/me (RESPONSE) - Status: 200: NoneType - None


==============================***=====================
Timestamp: 2025-11-23 12:10:18
Contexto: Endpoint: GET /api/dashboard/by_level (RESPONSE) - Status: 200
Tipo de Error: NoneType
Mensaje: None
Información Adicional:
  endpoint: GET /api/dashboard/by_level
  method: RESPONSE
  status_code: 200
  request_data: {'method': 'GET', 'path': '/api/dashboard/by_level', 'status_code': 200, 'process_time': '0.0335s', 'ip_address': '127.0.0.1', 'timestamp': '2025-11-23T12:10:18.097023'}
Traceback:
NoneType: None

==============================***=====================
2025-11-23 12:10:18 - hannariskpro - ERROR - Error en Endpoint: GET /api/dashboard/by_level (RESPONSE) - Status: 200: NoneType - None


==============================***=====================
Timestamp: 2025-11-23 12:10:18
Contexto: Endpoint: GET /api/dashboard/trends (REQUEST) - Status: 200
Tipo de Error: NoneType
Mensaje: None
Información Adicional:
  endpoint: GET /api/dashboard/trends
  method: REQUEST
  status_code: 200
  request_data: {'method': 'GET', 'path': '/api/dashboard/trends', 'user_agent': 'Mozilla/5.0 (Linux; Android 6.0; Nexus 5 Build/MRA58N) AppleWebKit/537.36 (KHTML, like Gecko) Chrome/142.0.0.0 Mobile Safari/537.36', 'ip_address': '127.0.0.1', 'timestamp': '2025-11-23T12:10:18.104016'}
Traceback:
NoneType: None

==============================***=====================
2025-11-23 12:10:18 - hannariskpro - ERROR - Error en Endpoint: GET /api/dashboard/trends (REQUEST) - Status: 200: NoneType - None


==============================***=====================
Timestamp: 2025-11-23 12:10:18
Contexto: Endpoint: GET /api/dashboard/risk_matrix (RESPONSE) - Status: 200
Tipo de Error: NoneType
Mensaje: None
Información Adicional:
  endpoint: GET /api/dashboard/risk_matrix
  method: RESPONSE
  status_code: 200
  request_data: {'method': 'GET', 'path': '/api/dashboard/risk_matrix', 'status_code': 200, 'process_time': '0.0350s', 'ip_address': '127.0.0.1', 'timestamp': '2025-11-23T12:10:18.107523'}
Traceback:
NoneType: None

==============================***=====================
2025-11-23 12:10:18 - hannariskpro - ERROR - Error en Endpoint: GET /api/dashboard/risk_matrix (RESPONSE) - Status: 200: NoneType - None


==============================***=====================
Timestamp: 2025-11-23 12:10:18
Contexto: Endpoint: GET /api/dashboard/by_location (RESPONSE) - Status: 200
Tipo de Error: NoneType
Mensaje: None
Información Adicional:
  endpoint: GET /api/dashboard/by_location
  method: RESPONSE
  status_code: 200
  request_data: {'method': 'GET', 'path': '/api/dashboard/by_location', 'status_code': 200, 'process_time': '0.0382s', 'ip_address': '127.0.0.1', 'timestamp': '2025-11-23T12:10:18.108760'}
Traceback:
NoneType: None

==============================***=====================
2025-11-23 12:10:18 - hannariskpro - ERROR - Error en Endpoint: GET /api/dashboard/by_location (RESPONSE) - Status: 200: NoneType - None


==============================***=====================
Timestamp: 2025-11-23 12:10:18
Contexto: Endpoint: GET /api/dashboard/actions_critical (RESPONSE) - Status: 200
Tipo de Error: NoneType
Mensaje: None
Información Adicional:
  endpoint: GET /api/dashboard/actions_critical
  method: RESPONSE
  status_code: 200
  request_data: {'method': 'GET', 'path': '/api/dashboard/actions_critical', 'status_code': 200, 'process_time': '0.0360s', 'ip_address': '127.0.0.1', 'timestamp': '2025-11-23T12:10:18.110990'}
Traceback:
NoneType: None

==============================***=====================
2025-11-23 12:10:18 - hannariskpro - ERROR - Error en Endpoint: GET /api/dashboard/actions_critical (RESPONSE) - Status: 200: NoneType - None


==============================***=====================
Timestamp: 2025-11-23 12:10:18
Contexto: Endpoint: GET /api/dashboard/kpis (RESPONSE) - Status: 200
Tipo de Error: NoneType
Mensaje: None
Información Adicional:
  endpoint: GET /api/dashboard/kpis
  method: RESPONSE
  status_code: 200
  request_data: {'method': 'GET', 'path': '/api/dashboard/kpis', 'status_code': 200, 'process_time': '0.0510s', 'ip_address': '127.0.0.1', 'timestamp': '2025-11-23T12:10:18.117057'}
Traceback:
NoneType: None

==============================***=====================
2025-11-23 12:10:18 - hannariskpro - ERROR - Error en Endpoint: GET /api/dashboard/kpis (RESPONSE) - Status: 200: NoneType - None


==============================***=====================
Timestamp: 2025-11-23 12:10:18
Contexto: Endpoint: GET /api/dashboard/activity (REQUEST) - Status: 200
Tipo de Error: NoneType
Mensaje: None
Información Adicional:
  endpoint: GET /api/dashboard/activity
  method: REQUEST
  status_code: 200
  request_data: {'method': 'GET', 'path': '/api/dashboard/activity', 'user_agent': 'Mozilla/5.0 (Linux; Android 6.0; Nexus 5 Build/MRA58N) AppleWebKit/537.36 (KHTML, like Gecko) Chrome/142.0.0.0 Mobile Safari/537.36', 'ip_address': '127.0.0.1', 'timestamp': '2025-11-23T12:10:18.120701'}
Traceback:
NoneType: None

==============================***=====================
2025-11-23 12:10:18 - hannariskpro - ERROR - Error en Endpoint: GET /api/dashboard/activity (REQUEST) - Status: 200: NoneType - None


==============================***=====================
Timestamp: 2025-11-23 12:10:18
Contexto: Endpoint: GET /api/me (REQUEST) - Status: 200
Tipo de Error: NoneType
Mensaje: None
Información Adicional:
  endpoint: GET /api/me
  method: REQUEST
  status_code: 200
  request_data: {'method': 'GET', 'path': '/api/me', 'user_agent': 'Mozilla/5.0 (Linux; Android 6.0; Nexus 5 Build/MRA58N) AppleWebKit/537.36 (KHTML, like Gecko) Chrome/142.0.0.0 Mobile Safari/537.36', 'ip_address': '127.0.0.1', 'timestamp': '2025-11-23T12:10:18.128158'}
Traceback:
NoneType: None

==============================***=====================
2025-11-23 12:10:18 - hannariskpro - ERROR - Error en Endpoint: GET /api/me (REQUEST) - Status: 200: NoneType - None


==============================***=====================
Timestamp: 2025-11-23 12:10:18
Contexto: Endpoint: GET /api/dashboard/risk_matrix (REQUEST) - Status: 200
Tipo de Error: NoneType
Mensaje: None
Información Adicional:
  endpoint: GET /api/dashboard/risk_matrix
  method: REQUEST
  status_code: 200
  request_data: {'method': 'GET', 'path': '/api/dashboard/risk_matrix', 'user_agent': 'Mozilla/5.0 (Linux; Android 6.0; Nexus 5 Build/MRA58N) AppleWebKit/537.36 (KHTML, like Gecko) Chrome/142.0.0.0 Mobile Safari/537.36', 'ip_address': '127.0.0.1', 'timestamp': '2025-11-23T12:10:18.130765'}
Traceback:
NoneType: None

==============================***=====================
2025-11-23 12:10:18 - hannariskpro - ERROR - Error en Endpoint: GET /api/dashboard/risk_matrix (REQUEST) - Status: 200: NoneType - None


==============================***=====================
Timestamp: 2025-11-23 12:10:18
Contexto: Endpoint: GET /api/dashboard/by_level (REQUEST) - Status: 200
Tipo de Error: NoneType
Mensaje: None
Información Adicional:
  endpoint: GET /api/dashboard/by_level
  method: REQUEST
  status_code: 200
  request_data: {'method': 'GET', 'path': '/api/dashboard/by_level', 'user_agent': 'Mozilla/5.0 (Linux; Android 6.0; Nexus 5 Build/MRA58N) AppleWebKit/537.36 (KHTML, like Gecko) Chrome/142.0.0.0 Mobile Safari/537.36', 'ip_address': '127.0.0.1', 'timestamp': '2025-11-23T12:10:18.133103'}
Traceback:
NoneType: None

==============================***=====================
2025-11-23 12:10:18 - hannariskpro - ERROR - Error en Endpoint: GET /api/dashboard/by_level (REQUEST) - Status: 200: NoneType - None


==============================***=====================
Timestamp: 2025-11-23 12:10:18
Contexto: Endpoint: GET /api/dashboard/by_location (REQUEST) - Status: 200
Tipo de Error: NoneType
Mensaje: None
Información Adicional:
  endpoint: GET /api/dashboard/by_location
  method: REQUEST
  status_code: 200
  request_data: {'method': 'GET', 'path': '/api/dashboard/by_location', 'user_agent': 'Mozilla/5.0 (Linux; Android 6.0; Nexus 5 Build/MRA58N) AppleWebKit/537.36 (KHTML, like Gecko) Chrome/142.0.0.0 Mobile Safari/537.36', 'ip_address': '127.0.0.1', 'timestamp': '2025-11-23T12:10:18.135655'}
Traceback:
NoneType: None

==============================***=====================
2025-11-23 12:10:18 - hannariskpro - ERROR - Error en Endpoint: GET /api/dashboard/by_location (REQUEST) - Status: 200: NoneType - None


==============================***=====================
Timestamp: 2025-11-23 12:10:18
Contexto: Endpoint: GET /api/dashboard/trends (RESPONSE) - Status: 200
Tipo de Error: NoneType
Mensaje: None
Información Adicional:
  endpoint: GET /api/dashboard/trends
  method: RESPONSE
  status_code: 200
  request_data: {'method': 'GET', 'path': '/api/dashboard/trends', 'status_code': 200, 'process_time': '0.0356s', 'ip_address': '127.0.0.1', 'timestamp': '2025-11-23T12:10:18.139663'}
Traceback:
NoneType: None

==============================***=====================
2025-11-23 12:10:18 - hannariskpro - ERROR - Error en Endpoint: GET /api/dashboard/trends (RESPONSE) - Status: 200: NoneType - None


==============================***=====================
Timestamp: 2025-11-23 12:10:18
Contexto: Endpoint: GET /api/dashboard/activity (RESPONSE) - Status: 200
Tipo de Error: NoneType
Mensaje: None
Información Adicional:
  endpoint: GET /api/dashboard/activity
  method: RESPONSE
  status_code: 200
  request_data: {'method': 'GET', 'path': '/api/dashboard/activity', 'status_code': 200, 'process_time': '0.0281s', 'ip_address': '127.0.0.1', 'timestamp': '2025-11-23T12:10:18.148796'}
Traceback:
NoneType: None

==============================***=====================
2025-11-23 12:10:18 - hannariskpro - ERROR - Error en Endpoint: GET /api/dashboard/activity (RESPONSE) - Status: 200: NoneType - None


==============================***=====================
Timestamp: 2025-11-23 12:10:18
Contexto: Endpoint: GET /api/me (RESPONSE) - Status: 200
Tipo de Error: NoneType
Mensaje: None
Información Adicional:
  endpoint: GET /api/me
  method: RESPONSE
  status_code: 200
  request_data: {'method': 'GET', 'path': '/api/me', 'status_code': 200, 'process_time': '0.0254s', 'ip_address': '127.0.0.1', 'timestamp': '2025-11-23T12:10:18.153569'}
Traceback:
NoneType: None

==============================***=====================
2025-11-23 12:10:18 - hannariskpro - ERROR - Error en Endpoint: GET /api/me (RESPONSE) - Status: 200: NoneType - None


==============================***=====================
Timestamp: 2025-11-23 12:10:18
Contexto: Endpoint: GET /api/dashboard/actions_critical (REQUEST) - Status: 200
Tipo de Error: NoneType
Mensaje: None
Información Adicional:
  endpoint: GET /api/dashboard/actions_critical
  method: REQUEST
  status_code: 200
  request_data: {'method': 'GET', 'path': '/api/dashboard/actions_critical', 'user_agent': 'Mozilla/5.0 (Linux; Android 6.0; Nexus 5 Build/MRA58N) AppleWebKit/537.36 (KHTML, like Gecko) Chrome/142.0.0.0 Mobile Safari/537.36', 'ip_address': '127.0.0.1', 'timestamp': '2025-11-23T12:10:18.157711'}
Traceback:
NoneType: None

==============================***=====================
2025-11-23 12:10:18 - hannariskpro - ERROR - Error en Endpoint: GET /api/dashboard/actions_critical (REQUEST) - Status: 200: NoneType - None


==============================***=====================
Timestamp: 2025-11-23 12:10:18
Contexto: Endpoint: GET /api/dashboard/by_level (RESPONSE) - Status: 200
Tipo de Error: NoneType
Mensaje: None
Información Adicional:
  endpoint: GET /api/dashboard/by_level
  method: RESPONSE
  status_code: 200
  request_data: {'method': 'GET', 'path': '/api/dashboard/by_level', 'status_code': 200, 'process_time': '0.0256s', 'ip_address': '127.0.0.1', 'timestamp': '2025-11-23T12:10:18.158730'}
Traceback:
NoneType: None

==============================***=====================
2025-11-23 12:10:18 - hannariskpro - ERROR - Error en Endpoint: GET /api/dashboard/by_level (RESPONSE) - Status: 200: NoneType - None


==============================***=====================
Timestamp: 2025-11-23 12:10:18
Contexto: Endpoint: GET /api/dashboard/by_location (RESPONSE) - Status: 200
Tipo de Error: NoneType
Mensaje: None
Información Adicional:
  endpoint: GET /api/dashboard/by_location
  method: RESPONSE
  status_code: 200
  request_data: {'method': 'GET', 'path': '/api/dashboard/by_location', 'status_code': 200, 'process_time': '0.0275s', 'ip_address': '127.0.0.1', 'timestamp': '2025-11-23T12:10:18.163175'}
Traceback:
NoneType: None

==============================***=====================
2025-11-23 12:10:18 - hannariskpro - ERROR - Error en Endpoint: GET /api/dashboard/by_location (RESPONSE) - Status: 200: NoneType - None


==============================***=====================
Timestamp: 2025-11-23 12:10:18
Contexto: Endpoint: GET /api/dashboard/risk_matrix (RESPONSE) - Status: 200
Tipo de Error: NoneType
Mensaje: None
Información Adicional:
  endpoint: GET /api/dashboard/risk_matrix
  method: RESPONSE
  status_code: 200
  request_data: {'method': 'GET', 'path': '/api/dashboard/risk_matrix', 'status_code': 200, 'process_time': '0.0338s', 'ip_address': '127.0.0.1', 'timestamp': '2025-11-23T12:10:18.164590'}
Traceback:
NoneType: None

==============================***=====================
2025-11-23 12:10:18 - hannariskpro - ERROR - Error en Endpoint: GET /api/dashboard/risk_matrix (RESPONSE) - Status: 200: NoneType - None


==============================***=====================
Timestamp: 2025-11-23 12:10:18
Contexto: Endpoint: GET /api/dashboard/kpis (REQUEST) - Status: 200
Tipo de Error: NoneType
Mensaje: None
Información Adicional:
  endpoint: GET /api/dashboard/kpis
  method: REQUEST
  status_code: 200
  request_data: {'method': 'GET', 'path': '/api/dashboard/kpis', 'user_agent': 'Mozilla/5.0 (Linux; Android 6.0; Nexus 5 Build/MRA58N) AppleWebKit/537.36 (KHTML, like Gecko) Chrome/142.0.0.0 Mobile Safari/537.36', 'ip_address': '127.0.0.1', 'timestamp': '2025-11-23T12:10:18.170206'}
Traceback:
NoneType: None

==============================***=====================
2025-11-23 12:10:18 - hannariskpro - ERROR - Error en Endpoint: GET /api/dashboard/kpis (REQUEST) - Status: 200: NoneType - None


==============================***=====================
Timestamp: 2025-11-23 12:10:18
Contexto: Endpoint: GET /api/dashboard/trends (REQUEST) - Status: 200
Tipo de Error: NoneType
Mensaje: None
Información Adicional:
  endpoint: GET /api/dashboard/trends
  method: REQUEST
  status_code: 200
  request_data: {'method': 'GET', 'path': '/api/dashboard/trends', 'user_agent': 'Mozilla/5.0 (Linux; Android 6.0; Nexus 5 Build/MRA58N) AppleWebKit/537.36 (KHTML, like Gecko) Chrome/142.0.0.0 Mobile Safari/537.36', 'ip_address': '127.0.0.1', 'timestamp': '2025-11-23T12:10:18.176966'}
Traceback:
NoneType: None

==============================***=====================
2025-11-23 12:10:18 - hannariskpro - ERROR - Error en Endpoint: GET /api/dashboard/trends (REQUEST) - Status: 200: NoneType - None


==============================***=====================
Timestamp: 2025-11-23 12:10:18
Contexto: Endpoint: GET /api/dashboard/activity (REQUEST) - Status: 200
Tipo de Error: NoneType
Mensaje: None
Información Adicional:
  endpoint: GET /api/dashboard/activity
  method: REQUEST
  status_code: 200
  request_data: {'method': 'GET', 'path': '/api/dashboard/activity', 'user_agent': 'Mozilla/5.0 (Linux; Android 6.0; Nexus 5 Build/MRA58N) AppleWebKit/537.36 (KHTML, like Gecko) Chrome/142.0.0.0 Mobile Safari/537.36', 'ip_address': '127.0.0.1', 'timestamp': '2025-11-23T12:10:18.181260'}
Traceback:
NoneType: None

==============================***=====================
2025-11-23 12:10:18 - hannariskpro - ERROR - Error en Endpoint: GET /api/dashboard/activity (REQUEST) - Status: 200: NoneType - None


==============================***=====================
Timestamp: 2025-11-23 12:10:18
Contexto: Endpoint: GET /api/dashboard/actions_critical (RESPONSE) - Status: 200
Tipo de Error: NoneType
Mensaje: None
Información Adicional:
  endpoint: GET /api/dashboard/actions_critical
  method: RESPONSE
  status_code: 200
  request_data: {'method': 'GET', 'path': '/api/dashboard/actions_critical', 'status_code': 200, 'process_time': '0.0272s', 'ip_address': '127.0.0.1', 'timestamp': '2025-11-23T12:10:18.184899'}
Traceback:
NoneType: None

==============================***=====================
2025-11-23 12:10:18 - hannariskpro - ERROR - Error en Endpoint: GET /api/dashboard/actions_critical (RESPONSE) - Status: 200: NoneType - None


==============================***=====================
Timestamp: 2025-11-23 12:10:18
Contexto: Endpoint: GET /api/dashboard/kpis (RESPONSE) - Status: 200
Tipo de Error: NoneType
Mensaje: None
Información Adicional:
  endpoint: GET /api/dashboard/kpis
  method: RESPONSE
  status_code: 200
  request_data: {'method': 'GET', 'path': '/api/dashboard/kpis', 'status_code': 200, 'process_time': '0.0285s', 'ip_address': '127.0.0.1', 'timestamp': '2025-11-23T12:10:18.198667'}
Traceback:
NoneType: None

==============================***=====================
2025-11-23 12:10:18 - hannariskpro - ERROR - Error en Endpoint: GET /api/dashboard/kpis (RESPONSE) - Status: 200: NoneType - None


==============================***=====================
Timestamp: 2025-11-23 12:10:18
Contexto: Endpoint: GET /api/dashboard/activity (RESPONSE) - Status: 200
Tipo de Error: NoneType
Mensaje: None
Información Adicional:
  endpoint: GET /api/dashboard/activity
  method: RESPONSE
  status_code: 200
  request_data: {'method': 'GET', 'path': '/api/dashboard/activity', 'status_code': 200, 'process_time': '0.0218s', 'ip_address': '127.0.0.1', 'timestamp': '2025-11-23T12:10:18.203096'}
Traceback:
NoneType: None

==============================***=====================
2025-11-23 12:10:18 - hannariskpro - ERROR - Error en Endpoint: GET /api/dashboard/activity (RESPONSE) - Status: 200: NoneType - None


==============================***=====================
Timestamp: 2025-11-23 12:10:18
Contexto: Endpoint: GET /api/dashboard/trends (RESPONSE) - Status: 200
Tipo de Error: NoneType
Mensaje: None
Información Adicional:
  endpoint: GET /api/dashboard/trends
  method: RESPONSE
  status_code: 200
  request_data: {'method': 'GET', 'path': '/api/dashboard/trends', 'status_code': 200, 'process_time': '0.0327s', 'ip_address': '127.0.0.1', 'timestamp': '2025-11-23T12:10:18.209624'}
Traceback:
NoneType: None

==============================***=====================
2025-11-23 12:10:18 - hannariskpro - ERROR - Error en Endpoint: GET /api/dashboard/trends (RESPONSE) - Status: 200: NoneType - None


==============================***=====================
Timestamp: 2025-11-23 12:53:08
Contexto: Endpoint: GET /api/me (REQUEST) - Status: 200
Tipo de Error: NoneType
Mensaje: None
Información Adicional:
  endpoint: GET /api/me
  method: REQUEST
  status_code: 200
  request_data: {'method': 'GET', 'path': '/api/me', 'user_agent': 'Mozilla/5.0 (Windows NT 10.0; Win64; x64) AppleWebKit/537.36 (KHTML, like Gecko) Chrome/142.0.0.0 Safari/537.36', 'ip_address': '127.0.0.1', 'timestamp': '2025-11-23T12:53:08.034786'}
Traceback:
NoneType: None

==============================***=====================
2025-11-23 12:53:08 - hannariskpro - ERROR - Error en Endpoint: GET /api/me (REQUEST) - Status: 200: NoneType - None


==============================***=====================
Timestamp: 2025-11-23 12:53:08
Contexto: Endpoint: GET /api/dashboard/risk_matrix (REQUEST) - Status: 200
Tipo de Error: NoneType
Mensaje: None
Información Adicional:
  endpoint: GET /api/dashboard/risk_matrix
  method: REQUEST
  status_code: 200
  request_data: {'method': 'GET', 'path': '/api/dashboard/risk_matrix', 'user_agent': 'Mozilla/5.0 (Windows NT 10.0; Win64; x64) AppleWebKit/537.36 (KHTML, like Gecko) Chrome/142.0.0.0 Safari/537.36', 'ip_address': '127.0.0.1', 'timestamp': '2025-11-23T12:53:08.038817'}
Traceback:
NoneType: None

==============================***=====================
2025-11-23 12:53:08 - hannariskpro - ERROR - Error en Endpoint: GET /api/dashboard/risk_matrix (REQUEST) - Status: 200: NoneType - None


==============================***=====================
Timestamp: 2025-11-23 12:53:08
Contexto: Endpoint: GET /api/dashboard/actions_critical (REQUEST) - Status: 200
Tipo de Error: NoneType
Mensaje: None
Información Adicional:
  endpoint: GET /api/dashboard/actions_critical
  method: REQUEST
  status_code: 200
  request_data: {'method': 'GET', 'path': '/api/dashboard/actions_critical', 'user_agent': 'Mozilla/5.0 (Windows NT 10.0; Win64; x64) AppleWebKit/537.36 (KHTML, like Gecko) Chrome/142.0.0.0 Safari/537.36', 'ip_address': '127.0.0.1', 'timestamp': '2025-11-23T12:53:08.099274'}
Traceback:
NoneType: None

==============================***=====================
2025-11-23 12:53:08 - hannariskpro - ERROR - Error en Endpoint: GET /api/dashboard/actions_critical (REQUEST) - Status: 200: NoneType - None


==============================***=====================
Timestamp: 2025-11-23 12:53:08
Contexto: Endpoint: GET /api/dashboard/kpis (REQUEST) - Status: 200
Tipo de Error: NoneType
Mensaje: None
Información Adicional:
  endpoint: GET /api/dashboard/kpis
  method: REQUEST
  status_code: 200
  request_data: {'method': 'GET', 'path': '/api/dashboard/kpis', 'user_agent': 'Mozilla/5.0 (Windows NT 10.0; Win64; x64) AppleWebKit/537.36 (KHTML, like Gecko) Chrome/142.0.0.0 Safari/537.36', 'ip_address': '127.0.0.1', 'timestamp': '2025-11-23T12:53:08.318851'}
Traceback:
NoneType: None

==============================***=====================
2025-11-23 12:53:08 - hannariskpro - ERROR - Error en Endpoint: GET /api/dashboard/kpis (REQUEST) - Status: 200: NoneType - None


==============================***=====================
Timestamp: 2025-11-23 12:53:08
Contexto: Endpoint: GET /api/dashboard/by_level (REQUEST) - Status: 200
Tipo de Error: NoneType
Mensaje: None
Información Adicional:
  endpoint: GET /api/dashboard/by_level
  method: REQUEST
  status_code: 200
  request_data: {'method': 'GET', 'path': '/api/dashboard/by_level', 'user_agent': 'Mozilla/5.0 (Windows NT 10.0; Win64; x64) AppleWebKit/537.36 (KHTML, like Gecko) Chrome/142.0.0.0 Safari/537.36', 'ip_address': '127.0.0.1', 'timestamp': '2025-11-23T12:53:08.430374'}
Traceback:
NoneType: None

==============================***=====================
2025-11-23 12:53:08 - hannariskpro - ERROR - Error en Endpoint: GET /api/dashboard/by_level (REQUEST) - Status: 200: NoneType - None


==============================***=====================
Timestamp: 2025-11-23 12:53:08
Contexto: Endpoint: http://localhost:8092/api/me (GET) - Status: 401
Tipo de Error: AuthenticationError
Mensaje: ('Token inválido o expirado', 'INVALID_TOKEN')
Información Adicional:
  endpoint: http://localhost:8092/api/me
  method: GET
  status_code: 401
  request_data: {'request_id': '320d8eba-ccc0-4dbc-8d0c-dc40f4cac859', 'error_code': 'INVALID_TOKEN', 'detail': 'Token inválido o expirado'}
Traceback:
Traceback (most recent call last):
  File "d:\DEVFULLAPP\appPHAV3\backend\main.py", line 203, in get_current_user
    payload = auth_utils.decode_token(token)
              ^^^^^^^^^^^^^^^^^^^^^^^^^^^^^^
  File "d:\DEVFULLAPP\appPHAV3\backend\auth.py", line 50, in decode_token
    payload = jwt.decode(token, SECRET_KEY, algorithms=[ALGORITHM])
              ^^^^^^^^^^^^^^^^^^^^^^^^^^^^^^^^^^^^^^^^^^^^^^^^^^^^^
  File "D:\DEVFULLAPP\appPHAV3\.venv\Lib\site-packages\jwt\api_jwt.py", line 210, in decode
    decoded = self.decode_complete(
              ^^^^^^^^^^^^^^^^^^^^^
  File "D:\DEVFULLAPP\appPHAV3\.venv\Lib\site-packages\jwt\api_jwt.py", line 162, in decode_complete
    self._validate_claims(
  File "D:\DEVFULLAPP\appPHAV3\.venv\Lib\site-packages\jwt\api_jwt.py", line 248, in _validate_claims
    self._validate_exp(payload, now, leeway)
  File "D:\DEVFULLAPP\appPHAV3\.venv\Lib\site-packages\jwt\api_jwt.py", line 306, in _validate_exp
    raise ExpiredSignatureError("Signature has expired")
jwt.exceptions.ExpiredSignatureError: Signature has expired

During handling of the above exception, another exception occurred:

Traceback (most recent call last):
  File "D:\DEVFULLAPP\appPHAV3\.venv\Lib\site-packages\starlette\middleware\exceptions.py", line 68, in __call__
    await self.app(scope, receive, sender)
  File "D:\DEVFULLAPP\appPHAV3\.venv\Lib\site-packages\fastapi\middleware\asyncexitstack.py", line 20, in __call__
    raise e
  File "D:\DEVFULLAPP\appPHAV3\.venv\Lib\site-packages\fastapi\middleware\asyncexitstack.py", line 17, in __call__
    await self.app(scope, receive, send)
  File "D:\DEVFULLAPP\appPHAV3\.venv\Lib\site-packages\starlette\routing.py", line 718, in __call__
    await route.handle(scope, receive, send)
  File "D:\DEVFULLAPP\appPHAV3\.venv\Lib\site-packages\starlette\routing.py", line 276, in handle
    await self.app(scope, receive, send)
  File "D:\DEVFULLAPP\appPHAV3\.venv\Lib\site-packages\starlette\routing.py", line 66, in app
    response = await func(request)
               ^^^^^^^^^^^^^^^^^^^
  File "D:\DEVFULLAPP\appPHAV3\.venv\Lib\site-packages\fastapi\routing.py", line 263, in app
    solved_result = await solve_dependencies(
                    ^^^^^^^^^^^^^^^^^^^^^^^^^
  File "D:\DEVFULLAPP\appPHAV3\.venv\Lib\site-packages\fastapi\dependencies\utils.py", line 586, in solve_dependencies
    solved = await run_in_threadpool(call, **sub_values)
             ^^^^^^^^^^^^^^^^^^^^^^^^^^^^^^^^^^^^^^^^^^^
  File "D:\DEVFULLAPP\appPHAV3\.venv\Lib\site-packages\starlette\concurrency.py", line 41, in run_in_threadpool
    return await anyio.to_thread.run_sync(func, *args)
           ^^^^^^^^^^^^^^^^^^^^^^^^^^^^^^^^^^^^^^^^^^^
  File "D:\DEVFULLAPP\appPHAV3\.venv\Lib\site-packages\anyio\to_thread.py", line 56, in run_sync
    return await get_async_backend().run_sync_in_worker_thread(
           ^^^^^^^^^^^^^^^^^^^^^^^^^^^^^^^^^^^^^^^^^^^^^^^^^^^^
  File "D:\DEVFULLAPP\appPHAV3\.venv\Lib\site-packages\anyio\_backends\_asyncio.py", line 2485, in run_sync_in_worker_thread
    return await future
           ^^^^^^^^^^^^
  File "D:\DEVFULLAPP\appPHAV3\.venv\Lib\site-packages\anyio\_backends\_asyncio.py", line 976, in run
    result = context.run(func, *args)
             ^^^^^^^^^^^^^^^^^^^^^^^^
  File "d:\DEVFULLAPP\appPHAV3\backend\main.py", line 205, in get_current_user
    raise exceptions.AuthenticationError('Token inválido o expirado', 'INVALID_TOKEN')
backend.exceptions.AuthenticationError: ('Token inválido o expirado', 'INVALID_TOKEN')

==============================***=====================
2025-11-23 12:53:08 - hannariskpro - ERROR - Error en Endpoint: http://localhost:8092/api/me (GET) - Status: 401: AuthenticationError - ('Token inválido o expirado', 'INVALID_TOKEN')


==============================***=====================
Timestamp: 2025-11-23 12:53:09
Contexto: Endpoint: GET /api/me (RESPONSE) - Status: 401
Tipo de Error: NoneType
Mensaje: None
Información Adicional:
  endpoint: GET /api/me
  method: RESPONSE
  status_code: 401
  request_data: {'method': 'GET', 'path': '/api/me', 'status_code': 401, 'process_time': '1.1977s', 'ip_address': '127.0.0.1', 'timestamp': '2025-11-23T12:53:09.232526'}
Traceback:
NoneType: None

==============================***=====================
2025-11-23 12:53:09 - hannariskpro - ERROR - Error en Endpoint: GET /api/me (RESPONSE) - Status: 401: NoneType - None


==============================***=====================
Timestamp: 2025-11-23 12:53:09
Contexto: Endpoint: http://localhost:8092/api/dashboard/risk_matrix (GET) - Status: 401
Tipo de Error: BaseAPIException
Mensaje: 
Información Adicional:
  endpoint: http://localhost:8092/api/dashboard/risk_matrix
  method: GET
  status_code: 401
  request_data: {'request_id': '31ce8e75-2b4e-4111-bf40-706ebecf5e55', 'error_code': 'FASTAPI_401', 'detail': 'Se requiere autenticación'}
Traceback:
Traceback (most recent call last):
  File "D:\DEVFULLAPP\appPHAV3\.venv\Lib\site-packages\starlette\middleware\exceptions.py", line 68, in __call__
    await self.app(scope, receive, sender)
  File "D:\DEVFULLAPP\appPHAV3\.venv\Lib\site-packages\fastapi\middleware\asyncexitstack.py", line 20, in __call__
    raise e
  File "D:\DEVFULLAPP\appPHAV3\.venv\Lib\site-packages\fastapi\middleware\asyncexitstack.py", line 17, in __call__
    await self.app(scope, receive, send)
  File "D:\DEVFULLAPP\appPHAV3\.venv\Lib\site-packages\starlette\routing.py", line 718, in __call__
    await route.handle(scope, receive, send)
  File "D:\DEVFULLAPP\appPHAV3\.venv\Lib\site-packages\starlette\routing.py", line 276, in handle
    await self.app(scope, receive, send)
  File "D:\DEVFULLAPP\appPHAV3\.venv\Lib\site-packages\starlette\routing.py", line 66, in app
    response = await func(request)
               ^^^^^^^^^^^^^^^^^^^
  File "D:\DEVFULLAPP\appPHAV3\.venv\Lib\site-packages\fastapi\routing.py", line 273, in app
    raw_response = await run_endpoint_function(
                   ^^^^^^^^^^^^^^^^^^^^^^^^^^^^
  File "D:\DEVFULLAPP\appPHAV3\.venv\Lib\site-packages\fastapi\routing.py", line 192, in run_endpoint_function
    return await run_in_threadpool(dependant.call, **values)
           ^^^^^^^^^^^^^^^^^^^^^^^^^^^^^^^^^^^^^^^^^^^^^^^^^
  File "D:\DEVFULLAPP\appPHAV3\.venv\Lib\site-packages\starlette\concurrency.py", line 41, in run_in_threadpool
    return await anyio.to_thread.run_sync(func, *args)
           ^^^^^^^^^^^^^^^^^^^^^^^^^^^^^^^^^^^^^^^^^^^
  File "D:\DEVFULLAPP\appPHAV3\.venv\Lib\site-packages\anyio\to_thread.py", line 56, in run_sync
    return await get_async_backend().run_sync_in_worker_thread(
           ^^^^^^^^^^^^^^^^^^^^^^^^^^^^^^^^^^^^^^^^^^^^^^^^^^^^
  File "D:\DEVFULLAPP\appPHAV3\.venv\Lib\site-packages\anyio\_backends\_asyncio.py", line 2485, in run_sync_in_worker_thread
    return await future
           ^^^^^^^^^^^^
  File "D:\DEVFULLAPP\appPHAV3\.venv\Lib\site-packages\anyio\_backends\_asyncio.py", line 976, in run
    result = context.run(func, *args)
             ^^^^^^^^^^^^^^^^^^^^^^^^
  File "d:\DEVFULLAPP\appPHAV3\backend\main.py", line 1797, in dashboard_risk_matrix
    raise HTTPException(status_code=401, detail='Se requiere autenticación')
fastapi.exceptions.HTTPException

==============================***=====================
2025-11-23 12:53:09 - hannariskpro - ERROR - Error en Endpoint: http://localhost:8092/api/dashboard/risk_matrix (GET) - Status: 401: BaseAPIException - 


==============================***=====================
Timestamp: 2025-11-23 12:53:09
Contexto: Endpoint: http://localhost:8092/api/dashboard/actions_critical (GET) - Status: 401
Tipo de Error: BaseAPIException
Mensaje: 
Información Adicional:
  endpoint: http://localhost:8092/api/dashboard/actions_critical
  method: GET
  status_code: 401
  request_data: {'request_id': '92eb08da-1dda-426f-bb30-fc2d65612745', 'error_code': 'FASTAPI_401', 'detail': 'Se requiere autenticación'}
Traceback:
Traceback (most recent call last):
  File "D:\DEVFULLAPP\appPHAV3\.venv\Lib\site-packages\starlette\middleware\exceptions.py", line 68, in __call__
    await self.app(scope, receive, sender)
  File "D:\DEVFULLAPP\appPHAV3\.venv\Lib\site-packages\fastapi\middleware\asyncexitstack.py", line 20, in __call__
    raise e
  File "D:\DEVFULLAPP\appPHAV3\.venv\Lib\site-packages\fastapi\middleware\asyncexitstack.py", line 17, in __call__
    await self.app(scope, receive, send)
  File "D:\DEVFULLAPP\appPHAV3\.venv\Lib\site-packages\starlette\routing.py", line 718, in __call__
    await route.handle(scope, receive, send)
  File "D:\DEVFULLAPP\appPHAV3\.venv\Lib\site-packages\starlette\routing.py", line 276, in handle
    await self.app(scope, receive, send)
  File "D:\DEVFULLAPP\appPHAV3\.venv\Lib\site-packages\starlette\routing.py", line 66, in app
    response = await func(request)
               ^^^^^^^^^^^^^^^^^^^
  File "D:\DEVFULLAPP\appPHAV3\.venv\Lib\site-packages\fastapi\routing.py", line 273, in app
    raw_response = await run_endpoint_function(
                   ^^^^^^^^^^^^^^^^^^^^^^^^^^^^
  File "D:\DEVFULLAPP\appPHAV3\.venv\Lib\site-packages\fastapi\routing.py", line 192, in run_endpoint_function
    return await run_in_threadpool(dependant.call, **values)
           ^^^^^^^^^^^^^^^^^^^^^^^^^^^^^^^^^^^^^^^^^^^^^^^^^
  File "D:\DEVFULLAPP\appPHAV3\.venv\Lib\site-packages\starlette\concurrency.py", line 41, in run_in_threadpool
    return await anyio.to_thread.run_sync(func, *args)
           ^^^^^^^^^^^^^^^^^^^^^^^^^^^^^^^^^^^^^^^^^^^
  File "D:\DEVFULLAPP\appPHAV3\.venv\Lib\site-packages\anyio\to_thread.py", line 56, in run_sync
    return await get_async_backend().run_sync_in_worker_thread(
           ^^^^^^^^^^^^^^^^^^^^^^^^^^^^^^^^^^^^^^^^^^^^^^^^^^^^
  File "D:\DEVFULLAPP\appPHAV3\.venv\Lib\site-packages\anyio\_backends\_asyncio.py", line 2485, in run_sync_in_worker_thread
    return await future
           ^^^^^^^^^^^^
  File "D:\DEVFULLAPP\appPHAV3\.venv\Lib\site-packages\anyio\_backends\_asyncio.py", line 976, in run
    result = context.run(func, *args)
             ^^^^^^^^^^^^^^^^^^^^^^^^
  File "d:\DEVFULLAPP\appPHAV3\backend\main.py", line 1890, in dashboard_actions_critical
    raise HTTPException(status_code=401, detail='Se requiere autenticación')
fastapi.exceptions.HTTPException

==============================***=====================
2025-11-23 12:53:11 - hannariskpro - ERROR - Error en Endpoint: http://localhost:8092/api/dashboard/actions_critical (GET) - Status: 401: BaseAPIException - 


==============================***=====================
Timestamp: 2025-11-23 12:53:11
Contexto: Endpoint: http://localhost:8092/api/dashboard/kpis (GET) - Status: 401
Tipo de Error: BaseAPIException
Mensaje: 
Información Adicional:
  endpoint: http://localhost:8092/api/dashboard/kpis
  method: GET
  status_code: 401
  request_data: {'request_id': 'fee1043b-08b0-4598-bab6-55fd43aae215', 'error_code': 'FASTAPI_401', 'detail': 'Se requiere autenticación'}
Traceback:
Traceback (most recent call last):
  File "D:\DEVFULLAPP\appPHAV3\.venv\Lib\site-packages\starlette\middleware\exceptions.py", line 68, in __call__
    await self.app(scope, receive, sender)
  File "D:\DEVFULLAPP\appPHAV3\.venv\Lib\site-packages\fastapi\middleware\asyncexitstack.py", line 20, in __call__
    raise e
  File "D:\DEVFULLAPP\appPHAV3\.venv\Lib\site-packages\fastapi\middleware\asyncexitstack.py", line 17, in __call__
    await self.app(scope, receive, send)
  File "D:\DEVFULLAPP\appPHAV3\.venv\Lib\site-packages\starlette\routing.py", line 718, in __call__
    await route.handle(scope, receive, send)
  File "D:\DEVFULLAPP\appPHAV3\.venv\Lib\site-packages\starlette\routing.py", line 276, in handle
    await self.app(scope, receive, send)
  File "D:\DEVFULLAPP\appPHAV3\.venv\Lib\site-packages\starlette\routing.py", line 66, in app
    response = await func(request)
               ^^^^^^^^^^^^^^^^^^^
  File "D:\DEVFULLAPP\appPHAV3\.venv\Lib\site-packages\fastapi\routing.py", line 273, in app
    raw_response = await run_endpoint_function(
                   ^^^^^^^^^^^^^^^^^^^^^^^^^^^^
  File "D:\DEVFULLAPP\appPHAV3\.venv\Lib\site-packages\fastapi\routing.py", line 192, in run_endpoint_function
    return await run_in_threadpool(dependant.call, **values)
           ^^^^^^^^^^^^^^^^^^^^^^^^^^^^^^^^^^^^^^^^^^^^^^^^^
  File "D:\DEVFULLAPP\appPHAV3\.venv\Lib\site-packages\starlette\concurrency.py", line 41, in run_in_threadpool
    return await anyio.to_thread.run_sync(func, *args)
           ^^^^^^^^^^^^^^^^^^^^^^^^^^^^^^^^^^^^^^^^^^^
  File "D:\DEVFULLAPP\appPHAV3\.venv\Lib\site-packages\anyio\to_thread.py", line 56, in run_sync
    return await get_async_backend().run_sync_in_worker_thread(
           ^^^^^^^^^^^^^^^^^^^^^^^^^^^^^^^^^^^^^^^^^^^^^^^^^^^^
  File "D:\DEVFULLAPP\appPHAV3\.venv\Lib\site-packages\anyio\_backends\_asyncio.py", line 2485, in run_sync_in_worker_thread
    return await future
           ^^^^^^^^^^^^
  File "D:\DEVFULLAPP\appPHAV3\.venv\Lib\site-packages\anyio\_backends\_asyncio.py", line 976, in run
    result = context.run(func, *args)
             ^^^^^^^^^^^^^^^^^^^^^^^^
  File "d:\DEVFULLAPP\appPHAV3\backend\main.py", line 1756, in dashboard_kpis
    raise HTTPException(status_code=401, detail='Se requiere autenticación')
fastapi.exceptions.HTTPException

==============================***=====================
2025-11-23 12:53:11 - hannariskpro - ERROR - Error en Endpoint: http://localhost:8092/api/dashboard/kpis (GET) - Status: 401: BaseAPIException - 


==============================***=====================
Timestamp: 2025-11-23 12:53:11
Contexto: Endpoint: http://localhost:8092/api/dashboard/by_level (GET) - Status: 401
Tipo de Error: BaseAPIException
Mensaje: 
Información Adicional:
  endpoint: http://localhost:8092/api/dashboard/by_level
  method: GET
  status_code: 401
  request_data: {'request_id': 'cf816b2b-e335-4971-9834-403f7e1dc599', 'error_code': 'FASTAPI_401', 'detail': 'Se requiere autenticación'}
Traceback:
Traceback (most recent call last):
  File "D:\DEVFULLAPP\appPHAV3\.venv\Lib\site-packages\starlette\middleware\exceptions.py", line 68, in __call__
    await self.app(scope, receive, sender)
  File "D:\DEVFULLAPP\appPHAV3\.venv\Lib\site-packages\fastapi\middleware\asyncexitstack.py", line 20, in __call__
    raise e
  File "D:\DEVFULLAPP\appPHAV3\.venv\Lib\site-packages\fastapi\middleware\asyncexitstack.py", line 17, in __call__
    await self.app(scope, receive, send)
  File "D:\DEVFULLAPP\appPHAV3\.venv\Lib\site-packages\starlette\routing.py", line 718, in __call__
    await route.handle(scope, receive, send)
  File "D:\DEVFULLAPP\appPHAV3\.venv\Lib\site-packages\starlette\routing.py", line 276, in handle
    await self.app(scope, receive, send)
  File "D:\DEVFULLAPP\appPHAV3\.venv\Lib\site-packages\starlette\routing.py", line 66, in app
    response = await func(request)
               ^^^^^^^^^^^^^^^^^^^
  File "D:\DEVFULLAPP\appPHAV3\.venv\Lib\site-packages\fastapi\routing.py", line 273, in app
    raw_response = await run_endpoint_function(
                   ^^^^^^^^^^^^^^^^^^^^^^^^^^^^
  File "D:\DEVFULLAPP\appPHAV3\.venv\Lib\site-packages\fastapi\routing.py", line 192, in run_endpoint_function
    return await run_in_threadpool(dependant.call, **values)
           ^^^^^^^^^^^^^^^^^^^^^^^^^^^^^^^^^^^^^^^^^^^^^^^^^
  File "D:\DEVFULLAPP\appPHAV3\.venv\Lib\site-packages\starlette\concurrency.py", line 41, in run_in_threadpool
    return await anyio.to_thread.run_sync(func, *args)
           ^^^^^^^^^^^^^^^^^^^^^^^^^^^^^^^^^^^^^^^^^^^
  File "D:\DEVFULLAPP\appPHAV3\.venv\Lib\site-packages\anyio\to_thread.py", line 56, in run_sync
    return await get_async_backend().run_sync_in_worker_thread(
           ^^^^^^^^^^^^^^^^^^^^^^^^^^^^^^^^^^^^^^^^^^^^^^^^^^^^
  File "D:\DEVFULLAPP\appPHAV3\.venv\Lib\site-packages\anyio\_backends\_asyncio.py", line 2485, in run_sync_in_worker_thread
    return await future
           ^^^^^^^^^^^^
  File "D:\DEVFULLAPP\appPHAV3\.venv\Lib\site-packages\anyio\_backends\_asyncio.py", line 976, in run
    result = context.run(func, *args)
             ^^^^^^^^^^^^^^^^^^^^^^^^
  File "d:\DEVFULLAPP\appPHAV3\backend\main.py", line 1849, in dashboard_by_level
    raise HTTPException(status_code=401, detail='Se requiere autenticación')
fastapi.exceptions.HTTPException

==============================***=====================
2025-11-23 12:53:11 - hannariskpro - ERROR - Error en Endpoint: http://localhost:8092/api/dashboard/by_level (GET) - Status: 401: BaseAPIException - 


==============================***=====================
Timestamp: 2025-11-23 12:53:11
Contexto: Endpoint: GET /api/dashboard/risk_matrix (RESPONSE) - Status: 401
Tipo de Error: NoneType
Mensaje: None
Información Adicional:
  endpoint: GET /api/dashboard/risk_matrix
  method: RESPONSE
  status_code: 401
  request_data: {'method': 'GET', 'path': '/api/dashboard/risk_matrix', 'status_code': 401, 'process_time': '3.8601s', 'ip_address': '127.0.0.1', 'timestamp': '2025-11-23T12:53:11.898894'}
Traceback:
NoneType: None

==============================***=====================
2025-11-23 12:53:12 - hannariskpro - ERROR - Error en Endpoint: GET /api/dashboard/risk_matrix (RESPONSE) - Status: 401: NoneType - None


==============================***=====================
Timestamp: 2025-11-23 12:53:12
Contexto: Endpoint: GET /api/dashboard/actions_critical (RESPONSE) - Status: 401
Tipo de Error: NoneType
Mensaje: None
Información Adicional:
  endpoint: GET /api/dashboard/actions_critical
  method: RESPONSE
  status_code: 401
  request_data: {'method': 'GET', 'path': '/api/dashboard/actions_critical', 'status_code': 401, 'process_time': '4.0099s', 'ip_address': '127.0.0.1', 'timestamp': '2025-11-23T12:53:12.109125'}
Traceback:
NoneType: None

==============================***=====================
2025-11-23 12:53:12 - hannariskpro - ERROR - Error en Endpoint: GET /api/dashboard/actions_critical (RESPONSE) - Status: 401: NoneType - None


==============================***=====================
Timestamp: 2025-11-23 12:53:12
Contexto: Endpoint: GET /api/dashboard/kpis (RESPONSE) - Status: 401
Tipo de Error: NoneType
Mensaje: None
Información Adicional:
  endpoint: GET /api/dashboard/kpis
  method: RESPONSE
  status_code: 401
  request_data: {'method': 'GET', 'path': '/api/dashboard/kpis', 'status_code': 401, 'process_time': '3.8989s', 'ip_address': '127.0.0.1', 'timestamp': '2025-11-23T12:53:12.217743'}
Traceback:
NoneType: None

==============================***=====================
2025-11-23 12:53:12 - hannariskpro - ERROR - Error en Endpoint: GET /api/dashboard/kpis (RESPONSE) - Status: 401: NoneType - None


==============================***=====================
Timestamp: 2025-11-23 12:53:12
Contexto: Endpoint: GET /api/dashboard/by_level (RESPONSE) - Status: 401
Tipo de Error: NoneType
Mensaje: None
Información Adicional:
  endpoint: GET /api/dashboard/by_level
  method: RESPONSE
  status_code: 401
  request_data: {'method': 'GET', 'path': '/api/dashboard/by_level', 'status_code': 401, 'process_time': '3.8304s', 'ip_address': '127.0.0.1', 'timestamp': '2025-11-23T12:53:12.260817'}
Traceback:
NoneType: None

==============================***=====================
2025-11-23 12:53:12 - hannariskpro - ERROR - Error en Endpoint: GET /api/dashboard/by_level (RESPONSE) - Status: 401: NoneType - None


==============================***=====================
Timestamp: 2025-11-23 12:53:13
Contexto: Endpoint: GET /api/dashboard/actions_critical (REQUEST) - Status: 200
Tipo de Error: NoneType
Mensaje: None
Información Adicional:
  endpoint: GET /api/dashboard/actions_critical
  method: REQUEST
  status_code: 200
  request_data: {'method': 'GET', 'path': '/api/dashboard/actions_critical', 'user_agent': 'Mozilla/5.0 (Windows NT 10.0; Win64; x64) AppleWebKit/537.36 (KHTML, like Gecko) Chrome/142.0.0.0 Safari/537.36', 'ip_address': '127.0.0.1', 'timestamp': '2025-11-23T12:53:13.747597'}
Traceback:
NoneType: None

==============================***=====================
2025-11-23 12:53:13 - hannariskpro - ERROR - Error en Endpoint: GET /api/dashboard/actions_critical (REQUEST) - Status: 200: NoneType - None


==============================***=====================
Timestamp: 2025-11-23 12:53:13
Contexto: Endpoint: GET /api/dashboard/risk_matrix (REQUEST) - Status: 200
Tipo de Error: NoneType
Mensaje: None
Información Adicional:
  endpoint: GET /api/dashboard/risk_matrix
  method: REQUEST
  status_code: 200
  request_data: {'method': 'GET', 'path': '/api/dashboard/risk_matrix', 'user_agent': 'Mozilla/5.0 (Windows NT 10.0; Win64; x64) AppleWebKit/537.36 (KHTML, like Gecko) Chrome/142.0.0.0 Safari/537.36', 'ip_address': '127.0.0.1', 'timestamp': '2025-11-23T12:53:13.751966'}
Traceback:
NoneType: None

==============================***=====================
2025-11-23 12:53:13 - hannariskpro - ERROR - Error en Endpoint: GET /api/dashboard/risk_matrix (REQUEST) - Status: 200: NoneType - None


==============================***=====================
Timestamp: 2025-11-23 12:53:13
Contexto: Endpoint: GET /api/dashboard/trends (REQUEST) - Status: 200
Tipo de Error: NoneType
Mensaje: None
Información Adicional:
  endpoint: GET /api/dashboard/trends
  method: REQUEST
  status_code: 200
  request_data: {'method': 'GET', 'path': '/api/dashboard/trends', 'user_agent': 'Mozilla/5.0 (Windows NT 10.0; Win64; x64) AppleWebKit/537.36 (KHTML, like Gecko) Chrome/142.0.0.0 Safari/537.36', 'ip_address': '127.0.0.1', 'timestamp': '2025-11-23T12:53:13.771232'}
Traceback:
NoneType: None

==============================***=====================
2025-11-23 12:53:13 - hannariskpro - ERROR - Error en Endpoint: GET /api/dashboard/trends (REQUEST) - Status: 200: NoneType - None


==============================***=====================
Timestamp: 2025-11-23 12:53:13
Contexto: Endpoint: GET /api/dashboard/by_level (REQUEST) - Status: 200
Tipo de Error: NoneType
Mensaje: None
Información Adicional:
  endpoint: GET /api/dashboard/by_level
  method: REQUEST
  status_code: 200
  request_data: {'method': 'GET', 'path': '/api/dashboard/by_level', 'user_agent': 'Mozilla/5.0 (Windows NT 10.0; Win64; x64) AppleWebKit/537.36 (KHTML, like Gecko) Chrome/142.0.0.0 Safari/537.36', 'ip_address': '127.0.0.1', 'timestamp': '2025-11-23T12:53:13.801787'}
Traceback:
NoneType: None

==============================***=====================
2025-11-23 12:53:13 - hannariskpro - ERROR - Error en Endpoint: GET /api/dashboard/by_level (REQUEST) - Status: 200: NoneType - None


==============================***=====================
Timestamp: 2025-11-23 12:53:13
Contexto: Endpoint: GET /api/dashboard/by_location (REQUEST) - Status: 200
Tipo de Error: NoneType
Mensaje: None
Información Adicional:
  endpoint: GET /api/dashboard/by_location
  method: REQUEST
  status_code: 200
  request_data: {'method': 'GET', 'path': '/api/dashboard/by_location', 'user_agent': 'Mozilla/5.0 (Windows NT 10.0; Win64; x64) AppleWebKit/537.36 (KHTML, like Gecko) Chrome/142.0.0.0 Safari/537.36', 'ip_address': '127.0.0.1', 'timestamp': '2025-11-23T12:53:13.917017'}
Traceback:
NoneType: None

==============================***=====================
2025-11-23 12:53:13 - hannariskpro - ERROR - Error en Endpoint: GET /api/dashboard/by_location (REQUEST) - Status: 200: NoneType - None


==============================***=====================
Timestamp: 2025-11-23 12:53:13
Contexto: Endpoint: GET /api/dashboard/kpis (REQUEST) - Status: 200
Tipo de Error: NoneType
Mensaje: None
Información Adicional:
  endpoint: GET /api/dashboard/kpis
  method: REQUEST
  status_code: 200
  request_data: {'method': 'GET', 'path': '/api/dashboard/kpis', 'user_agent': 'Mozilla/5.0 (Windows NT 10.0; Win64; x64) AppleWebKit/537.36 (KHTML, like Gecko) Chrome/142.0.0.0 Safari/537.36', 'ip_address': '127.0.0.1', 'timestamp': '2025-11-23T12:53:13.978051'}
Traceback:
NoneType: None

==============================***=====================
2025-11-23 12:53:14 - hannariskpro - ERROR - Error en Endpoint: GET /api/dashboard/kpis (REQUEST) - Status: 200: NoneType - None


==============================***=====================
Timestamp: 2025-11-23 12:53:14
Contexto: Endpoint: http://localhost:8092/api/dashboard/actions_critical (GET) - Status: 401
Tipo de Error: BaseAPIException
Mensaje: 
Información Adicional:
  endpoint: http://localhost:8092/api/dashboard/actions_critical
  method: GET
  status_code: 401
  request_data: {'request_id': 'b7aec66b-baee-49a2-a367-97833c008785', 'error_code': 'FASTAPI_401', 'detail': 'Se requiere autenticación'}
Traceback:
Traceback (most recent call last):
  File "D:\DEVFULLAPP\appPHAV3\.venv\Lib\site-packages\starlette\middleware\exceptions.py", line 68, in __call__
    await self.app(scope, receive, sender)
  File "D:\DEVFULLAPP\appPHAV3\.venv\Lib\site-packages\fastapi\middleware\asyncexitstack.py", line 20, in __call__
    raise e
  File "D:\DEVFULLAPP\appPHAV3\.venv\Lib\site-packages\fastapi\middleware\asyncexitstack.py", line 17, in __call__
    await self.app(scope, receive, send)
  File "D:\DEVFULLAPP\appPHAV3\.venv\Lib\site-packages\starlette\routing.py", line 718, in __call__
    await route.handle(scope, receive, send)
  File "D:\DEVFULLAPP\appPHAV3\.venv\Lib\site-packages\starlette\routing.py", line 276, in handle
    await self.app(scope, receive, send)
  File "D:\DEVFULLAPP\appPHAV3\.venv\Lib\site-packages\starlette\routing.py", line 66, in app
    response = await func(request)
               ^^^^^^^^^^^^^^^^^^^
  File "D:\DEVFULLAPP\appPHAV3\.venv\Lib\site-packages\fastapi\routing.py", line 273, in app
    raw_response = await run_endpoint_function(
                   ^^^^^^^^^^^^^^^^^^^^^^^^^^^^
  File "D:\DEVFULLAPP\appPHAV3\.venv\Lib\site-packages\fastapi\routing.py", line 192, in run_endpoint_function
    return await run_in_threadpool(dependant.call, **values)
           ^^^^^^^^^^^^^^^^^^^^^^^^^^^^^^^^^^^^^^^^^^^^^^^^^
  File "D:\DEVFULLAPP\appPHAV3\.venv\Lib\site-packages\starlette\concurrency.py", line 41, in run_in_threadpool
    return await anyio.to_thread.run_sync(func, *args)
           ^^^^^^^^^^^^^^^^^^^^^^^^^^^^^^^^^^^^^^^^^^^
  File "D:\DEVFULLAPP\appPHAV3\.venv\Lib\site-packages\anyio\to_thread.py", line 56, in run_sync
    return await get_async_backend().run_sync_in_worker_thread(
           ^^^^^^^^^^^^^^^^^^^^^^^^^^^^^^^^^^^^^^^^^^^^^^^^^^^^
  File "D:\DEVFULLAPP\appPHAV3\.venv\Lib\site-packages\anyio\_backends\_asyncio.py", line 2485, in run_sync_in_worker_thread
    return await future
           ^^^^^^^^^^^^
  File "D:\DEVFULLAPP\appPHAV3\.venv\Lib\site-packages\anyio\_backends\_asyncio.py", line 976, in run
    result = context.run(func, *args)
             ^^^^^^^^^^^^^^^^^^^^^^^^
  File "d:\DEVFULLAPP\appPHAV3\backend\main.py", line 1890, in dashboard_actions_critical
    raise HTTPException(status_code=401, detail='Se requiere autenticación')
fastapi.exceptions.HTTPException

==============================***=====================
2025-11-23 12:53:14 - hannariskpro - ERROR - Error en Endpoint: http://localhost:8092/api/dashboard/actions_critical (GET) - Status: 401: BaseAPIException - 


==============================***=====================
Timestamp: 2025-11-23 12:53:14
Contexto: Endpoint: http://localhost:8092/api/dashboard/risk_matrix (GET) - Status: 401
Tipo de Error: BaseAPIException
Mensaje: 
Información Adicional:
  endpoint: http://localhost:8092/api/dashboard/risk_matrix
  method: GET
  status_code: 401
  request_data: {'request_id': '9298ce53-2f16-41f3-ac19-7a672679f729', 'error_code': 'FASTAPI_401', 'detail': 'Se requiere autenticación'}
Traceback:
Traceback (most recent call last):
  File "D:\DEVFULLAPP\appPHAV3\.venv\Lib\site-packages\starlette\middleware\exceptions.py", line 68, in __call__
    await self.app(scope, receive, sender)
  File "D:\DEVFULLAPP\appPHAV3\.venv\Lib\site-packages\fastapi\middleware\asyncexitstack.py", line 20, in __call__
    raise e
  File "D:\DEVFULLAPP\appPHAV3\.venv\Lib\site-packages\fastapi\middleware\asyncexitstack.py", line 17, in __call__
    await self.app(scope, receive, send)
  File "D:\DEVFULLAPP\appPHAV3\.venv\Lib\site-packages\starlette\routing.py", line 718, in __call__
    await route.handle(scope, receive, send)
  File "D:\DEVFULLAPP\appPHAV3\.venv\Lib\site-packages\starlette\routing.py", line 276, in handle
    await self.app(scope, receive, send)
  File "D:\DEVFULLAPP\appPHAV3\.venv\Lib\site-packages\starlette\routing.py", line 66, in app
    response = await func(request)
               ^^^^^^^^^^^^^^^^^^^
  File "D:\DEVFULLAPP\appPHAV3\.venv\Lib\site-packages\fastapi\routing.py", line 273, in app
    raw_response = await run_endpoint_function(
                   ^^^^^^^^^^^^^^^^^^^^^^^^^^^^
  File "D:\DEVFULLAPP\appPHAV3\.venv\Lib\site-packages\fastapi\routing.py", line 192, in run_endpoint_function
    return await run_in_threadpool(dependant.call, **values)
           ^^^^^^^^^^^^^^^^^^^^^^^^^^^^^^^^^^^^^^^^^^^^^^^^^
  File "D:\DEVFULLAPP\appPHAV3\.venv\Lib\site-packages\starlette\concurrency.py", line 41, in run_in_threadpool
    return await anyio.to_thread.run_sync(func, *args)
           ^^^^^^^^^^^^^^^^^^^^^^^^^^^^^^^^^^^^^^^^^^^
  File "D:\DEVFULLAPP\appPHAV3\.venv\Lib\site-packages\anyio\to_thread.py", line 56, in run_sync
    return await get_async_backend().run_sync_in_worker_thread(
           ^^^^^^^^^^^^^^^^^^^^^^^^^^^^^^^^^^^^^^^^^^^^^^^^^^^^
  File "D:\DEVFULLAPP\appPHAV3\.venv\Lib\site-packages\anyio\_backends\_asyncio.py", line 2485, in run_sync_in_worker_thread
    return await future
           ^^^^^^^^^^^^
  File "D:\DEVFULLAPP\appPHAV3\.venv\Lib\site-packages\anyio\_backends\_asyncio.py", line 976, in run
    result = context.run(func, *args)
             ^^^^^^^^^^^^^^^^^^^^^^^^
  File "d:\DEVFULLAPP\appPHAV3\backend\main.py", line 1797, in dashboard_risk_matrix
    raise HTTPException(status_code=401, detail='Se requiere autenticación')
fastapi.exceptions.HTTPException

==============================***=====================
2025-11-23 12:53:14 - hannariskpro - ERROR - Error en Endpoint: http://localhost:8092/api/dashboard/risk_matrix (GET) - Status: 401: BaseAPIException - 


==============================***=====================
Timestamp: 2025-11-23 12:53:14
Contexto: Endpoint: http://localhost:8092/api/dashboard/trends?months=12 (GET) - Status: 401
Tipo de Error: BaseAPIException
Mensaje: 
Información Adicional:
  endpoint: http://localhost:8092/api/dashboard/trends?months=12
  method: GET
  status_code: 401
  request_data: {'request_id': 'fb5b3761-6353-4dbe-b2a4-1176055ba76a', 'error_code': 'FASTAPI_401', 'detail': 'Se requiere autenticación'}
Traceback:
Traceback (most recent call last):
  File "D:\DEVFULLAPP\appPHAV3\.venv\Lib\site-packages\starlette\middleware\exceptions.py", line 68, in __call__
    await self.app(scope, receive, sender)
  File "D:\DEVFULLAPP\appPHAV3\.venv\Lib\site-packages\fastapi\middleware\asyncexitstack.py", line 20, in __call__
    raise e
  File "D:\DEVFULLAPP\appPHAV3\.venv\Lib\site-packages\fastapi\middleware\asyncexitstack.py", line 17, in __call__
    await self.app(scope, receive, send)
  File "D:\DEVFULLAPP\appPHAV3\.venv\Lib\site-packages\starlette\routing.py", line 718, in __call__
    await route.handle(scope, receive, send)
  File "D:\DEVFULLAPP\appPHAV3\.venv\Lib\site-packages\starlette\routing.py", line 276, in handle
    await self.app(scope, receive, send)
  File "D:\DEVFULLAPP\appPHAV3\.venv\Lib\site-packages\starlette\routing.py", line 66, in app
    response = await func(request)
               ^^^^^^^^^^^^^^^^^^^
  File "D:\DEVFULLAPP\appPHAV3\.venv\Lib\site-packages\fastapi\routing.py", line 273, in app
    raw_response = await run_endpoint_function(
                   ^^^^^^^^^^^^^^^^^^^^^^^^^^^^
  File "D:\DEVFULLAPP\appPHAV3\.venv\Lib\site-packages\fastapi\routing.py", line 192, in run_endpoint_function
    return await run_in_threadpool(dependant.call, **values)
           ^^^^^^^^^^^^^^^^^^^^^^^^^^^^^^^^^^^^^^^^^^^^^^^^^
  File "D:\DEVFULLAPP\appPHAV3\.venv\Lib\site-packages\starlette\concurrency.py", line 41, in run_in_threadpool
    return await anyio.to_thread.run_sync(func, *args)
           ^^^^^^^^^^^^^^^^^^^^^^^^^^^^^^^^^^^^^^^^^^^
  File "D:\DEVFULLAPP\appPHAV3\.venv\Lib\site-packages\anyio\to_thread.py", line 56, in run_sync
    return await get_async_backend().run_sync_in_worker_thread(
           ^^^^^^^^^^^^^^^^^^^^^^^^^^^^^^^^^^^^^^^^^^^^^^^^^^^^
  File "D:\DEVFULLAPP\appPHAV3\.venv\Lib\site-packages\anyio\_backends\_asyncio.py", line 2485, in run_sync_in_worker_thread
    return await future
           ^^^^^^^^^^^^
  File "D:\DEVFULLAPP\appPHAV3\.venv\Lib\site-packages\anyio\_backends\_asyncio.py", line 976, in run
    result = context.run(func, *args)
             ^^^^^^^^^^^^^^^^^^^^^^^^
  File "d:\DEVFULLAPP\appPHAV3\backend\main.py", line 1924, in dashboard_trends
    raise HTTPException(status_code=401, detail='Se requiere autenticación')
fastapi.exceptions.HTTPException

==============================***=====================
2025-11-23 12:53:14 - hannariskpro - ERROR - Error en Endpoint: http://localhost:8092/api/dashboard/trends?months=12 (GET) - Status: 401: BaseAPIException - 


==============================***=====================
Timestamp: 2025-11-23 12:53:14
Contexto: Endpoint: GET /api/dashboard/actions_critical (RESPONSE) - Status: 401
Tipo de Error: NoneType
Mensaje: None
Información Adicional:
  endpoint: GET /api/dashboard/actions_critical
  method: RESPONSE
  status_code: 401
  request_data: {'method': 'GET', 'path': '/api/dashboard/actions_critical', 'status_code': 401, 'process_time': '0.4470s', 'ip_address': '127.0.0.1', 'timestamp': '2025-11-23T12:53:14.194592'}
Traceback:
NoneType: None

==============================***=====================
2025-11-23 12:53:14 - hannariskpro - ERROR - Error en Endpoint: GET /api/dashboard/actions_critical (RESPONSE) - Status: 401: NoneType - None


==============================***=====================
Timestamp: 2025-11-23 12:53:14
Contexto: Endpoint: http://localhost:8092/api/dashboard/by_level (GET) - Status: 401
Tipo de Error: BaseAPIException
Mensaje: 
Información Adicional:
  endpoint: http://localhost:8092/api/dashboard/by_level
  method: GET
  status_code: 401
  request_data: {'request_id': 'b8a6b118-f3ea-4c5d-8b00-af35aa74ee63', 'error_code': 'FASTAPI_401', 'detail': 'Se requiere autenticación'}
Traceback:
Traceback (most recent call last):
  File "D:\DEVFULLAPP\appPHAV3\.venv\Lib\site-packages\starlette\middleware\exceptions.py", line 68, in __call__
    await self.app(scope, receive, sender)
  File "D:\DEVFULLAPP\appPHAV3\.venv\Lib\site-packages\fastapi\middleware\asyncexitstack.py", line 20, in __call__
    raise e
  File "D:\DEVFULLAPP\appPHAV3\.venv\Lib\site-packages\fastapi\middleware\asyncexitstack.py", line 17, in __call__
    await self.app(scope, receive, send)
  File "D:\DEVFULLAPP\appPHAV3\.venv\Lib\site-packages\starlette\routing.py", line 718, in __call__
    await route.handle(scope, receive, send)
  File "D:\DEVFULLAPP\appPHAV3\.venv\Lib\site-packages\starlette\routing.py", line 276, in handle
    await self.app(scope, receive, send)
  File "D:\DEVFULLAPP\appPHAV3\.venv\Lib\site-packages\starlette\routing.py", line 66, in app
    response = await func(request)
               ^^^^^^^^^^^^^^^^^^^
  File "D:\DEVFULLAPP\appPHAV3\.venv\Lib\site-packages\fastapi\routing.py", line 273, in app
    raw_response = await run_endpoint_function(
                   ^^^^^^^^^^^^^^^^^^^^^^^^^^^^
  File "D:\DEVFULLAPP\appPHAV3\.venv\Lib\site-packages\fastapi\routing.py", line 192, in run_endpoint_function
    return await run_in_threadpool(dependant.call, **values)
           ^^^^^^^^^^^^^^^^^^^^^^^^^^^^^^^^^^^^^^^^^^^^^^^^^
  File "D:\DEVFULLAPP\appPHAV3\.venv\Lib\site-packages\starlette\concurrency.py", line 41, in run_in_threadpool
    return await anyio.to_thread.run_sync(func, *args)
           ^^^^^^^^^^^^^^^^^^^^^^^^^^^^^^^^^^^^^^^^^^^
  File "D:\DEVFULLAPP\appPHAV3\.venv\Lib\site-packages\anyio\to_thread.py", line 56, in run_sync
    return await get_async_backend().run_sync_in_worker_thread(
           ^^^^^^^^^^^^^^^^^^^^^^^^^^^^^^^^^^^^^^^^^^^^^^^^^^^^
  File "D:\DEVFULLAPP\appPHAV3\.venv\Lib\site-packages\anyio\_backends\_asyncio.py", line 2485, in run_sync_in_worker_thread
    return await future
           ^^^^^^^^^^^^
  File "D:\DEVFULLAPP\appPHAV3\.venv\Lib\site-packages\anyio\_backends\_asyncio.py", line 976, in run
    result = context.run(func, *args)
             ^^^^^^^^^^^^^^^^^^^^^^^^
  File "d:\DEVFULLAPP\appPHAV3\backend\main.py", line 1849, in dashboard_by_level
    raise HTTPException(status_code=401, detail='Se requiere autenticación')
fastapi.exceptions.HTTPException

==============================***=====================
2025-11-23 12:53:14 - hannariskpro - ERROR - Error en Endpoint: http://localhost:8092/api/dashboard/by_level (GET) - Status: 401: BaseAPIException - 


==============================***=====================
Timestamp: 2025-11-23 12:53:14
Contexto: Endpoint: http://localhost:8092/api/dashboard/by_location (GET) - Status: 401
Tipo de Error: BaseAPIException
Mensaje: 
Información Adicional:
  endpoint: http://localhost:8092/api/dashboard/by_location
  method: GET
  status_code: 401
  request_data: {'request_id': 'ae7b35bf-7fc4-43ef-a438-35290c5764ae', 'error_code': 'FASTAPI_401', 'detail': 'Se requiere autenticación'}
Traceback:
Traceback (most recent call last):
  File "D:\DEVFULLAPP\appPHAV3\.venv\Lib\site-packages\starlette\middleware\exceptions.py", line 68, in __call__
    await self.app(scope, receive, sender)
  File "D:\DEVFULLAPP\appPHAV3\.venv\Lib\site-packages\fastapi\middleware\asyncexitstack.py", line 20, in __call__
    raise e
  File "D:\DEVFULLAPP\appPHAV3\.venv\Lib\site-packages\fastapi\middleware\asyncexitstack.py", line 17, in __call__
    await self.app(scope, receive, send)
  File "D:\DEVFULLAPP\appPHAV3\.venv\Lib\site-packages\starlette\routing.py", line 718, in __call__
    await route.handle(scope, receive, send)
  File "D:\DEVFULLAPP\appPHAV3\.venv\Lib\site-packages\starlette\routing.py", line 276, in handle
    await self.app(scope, receive, send)
  File "D:\DEVFULLAPP\appPHAV3\.venv\Lib\site-packages\starlette\routing.py", line 66, in app
    response = await func(request)
               ^^^^^^^^^^^^^^^^^^^
  File "D:\DEVFULLAPP\appPHAV3\.venv\Lib\site-packages\fastapi\routing.py", line 273, in app
    raw_response = await run_endpoint_function(
                   ^^^^^^^^^^^^^^^^^^^^^^^^^^^^
  File "D:\DEVFULLAPP\appPHAV3\.venv\Lib\site-packages\fastapi\routing.py", line 192, in run_endpoint_function
    return await run_in_threadpool(dependant.call, **values)
           ^^^^^^^^^^^^^^^^^^^^^^^^^^^^^^^^^^^^^^^^^^^^^^^^^
  File "D:\DEVFULLAPP\appPHAV3\.venv\Lib\site-packages\starlette\concurrency.py", line 41, in run_in_threadpool
    return await anyio.to_thread.run_sync(func, *args)
           ^^^^^^^^^^^^^^^^^^^^^^^^^^^^^^^^^^^^^^^^^^^
  File "D:\DEVFULLAPP\appPHAV3\.venv\Lib\site-packages\anyio\to_thread.py", line 56, in run_sync
    return await get_async_backend().run_sync_in_worker_thread(
           ^^^^^^^^^^^^^^^^^^^^^^^^^^^^^^^^^^^^^^^^^^^^^^^^^^^^
  File "D:\DEVFULLAPP\appPHAV3\.venv\Lib\site-packages\anyio\_backends\_asyncio.py", line 2485, in run_sync_in_worker_thread
    return await future
           ^^^^^^^^^^^^
  File "D:\DEVFULLAPP\appPHAV3\.venv\Lib\site-packages\anyio\_backends\_asyncio.py", line 976, in run
    result = context.run(func, *args)
             ^^^^^^^^^^^^^^^^^^^^^^^^
  File "d:\DEVFULLAPP\appPHAV3\backend\main.py", line 1871, in dashboard_by_location
    raise HTTPException(status_code=401, detail='Se requiere autenticación')
fastapi.exceptions.HTTPException

==============================***=====================
2025-11-23 12:53:14 - hannariskpro - ERROR - Error en Endpoint: http://localhost:8092/api/dashboard/by_location (GET) - Status: 401: BaseAPIException - 


==============================***=====================
Timestamp: 2025-11-23 12:53:14
Contexto: Endpoint: http://localhost:8092/api/dashboard/kpis (GET) - Status: 401
Tipo de Error: BaseAPIException
Mensaje: 
Información Adicional:
  endpoint: http://localhost:8092/api/dashboard/kpis
  method: GET
  status_code: 401
  request_data: {'request_id': '69830bbb-446d-4e9c-82ff-ee452103d1f9', 'error_code': 'FASTAPI_401', 'detail': 'Se requiere autenticación'}
Traceback:
Traceback (most recent call last):
  File "D:\DEVFULLAPP\appPHAV3\.venv\Lib\site-packages\starlette\middleware\exceptions.py", line 68, in __call__
    await self.app(scope, receive, sender)
  File "D:\DEVFULLAPP\appPHAV3\.venv\Lib\site-packages\fastapi\middleware\asyncexitstack.py", line 20, in __call__
    raise e
  File "D:\DEVFULLAPP\appPHAV3\.venv\Lib\site-packages\fastapi\middleware\asyncexitstack.py", line 17, in __call__
    await self.app(scope, receive, send)
  File "D:\DEVFULLAPP\appPHAV3\.venv\Lib\site-packages\starlette\routing.py", line 718, in __call__
    await route.handle(scope, receive, send)
  File "D:\DEVFULLAPP\appPHAV3\.venv\Lib\site-packages\starlette\routing.py", line 276, in handle
    await self.app(scope, receive, send)
  File "D:\DEVFULLAPP\appPHAV3\.venv\Lib\site-packages\starlette\routing.py", line 66, in app
    response = await func(request)
               ^^^^^^^^^^^^^^^^^^^
  File "D:\DEVFULLAPP\appPHAV3\.venv\Lib\site-packages\fastapi\routing.py", line 273, in app
    raw_response = await run_endpoint_function(
                   ^^^^^^^^^^^^^^^^^^^^^^^^^^^^
  File "D:\DEVFULLAPP\appPHAV3\.venv\Lib\site-packages\fastapi\routing.py", line 192, in run_endpoint_function
    return await run_in_threadpool(dependant.call, **values)
           ^^^^^^^^^^^^^^^^^^^^^^^^^^^^^^^^^^^^^^^^^^^^^^^^^
  File "D:\DEVFULLAPP\appPHAV3\.venv\Lib\site-packages\starlette\concurrency.py", line 41, in run_in_threadpool
    return await anyio.to_thread.run_sync(func, *args)
           ^^^^^^^^^^^^^^^^^^^^^^^^^^^^^^^^^^^^^^^^^^^
  File "D:\DEVFULLAPP\appPHAV3\.venv\Lib\site-packages\anyio\to_thread.py", line 56, in run_sync
    return await get_async_backend().run_sync_in_worker_thread(
           ^^^^^^^^^^^^^^^^^^^^^^^^^^^^^^^^^^^^^^^^^^^^^^^^^^^^
  File "D:\DEVFULLAPP\appPHAV3\.venv\Lib\site-packages\anyio\_backends\_asyncio.py", line 2485, in run_sync_in_worker_thread
    return await future
           ^^^^^^^^^^^^
  File "D:\DEVFULLAPP\appPHAV3\.venv\Lib\site-packages\anyio\_backends\_asyncio.py", line 976, in run
    result = context.run(func, *args)
             ^^^^^^^^^^^^^^^^^^^^^^^^
  File "d:\DEVFULLAPP\appPHAV3\backend\main.py", line 1756, in dashboard_kpis
    raise HTTPException(status_code=401, detail='Se requiere autenticación')
fastapi.exceptions.HTTPException

==============================***=====================
2025-11-23 12:53:14 - hannariskpro - ERROR - Error en Endpoint: http://localhost:8092/api/dashboard/kpis (GET) - Status: 401: BaseAPIException - 


==============================***=====================
Timestamp: 2025-11-23 12:53:14
Contexto: Endpoint: GET /api/dashboard/risk_matrix (RESPONSE) - Status: 401
Tipo de Error: NoneType
Mensaje: None
Información Adicional:
  endpoint: GET /api/dashboard/risk_matrix
  method: RESPONSE
  status_code: 401
  request_data: {'method': 'GET', 'path': '/api/dashboard/risk_matrix', 'status_code': 401, 'process_time': '0.5759s', 'ip_address': '127.0.0.1', 'timestamp': '2025-11-23T12:53:14.327911'}
Traceback:
NoneType: None

==============================***=====================
2025-11-23 12:53:14 - hannariskpro - ERROR - Error en Endpoint: GET /api/dashboard/risk_matrix (RESPONSE) - Status: 401: NoneType - None


==============================***=====================
Timestamp: 2025-11-23 12:53:14
Contexto: Endpoint: GET /api/dashboard/trends (RESPONSE) - Status: 401
Tipo de Error: NoneType
Mensaje: None
Información Adicional:
  endpoint: GET /api/dashboard/trends
  method: RESPONSE
  status_code: 401
  request_data: {'method': 'GET', 'path': '/api/dashboard/trends', 'status_code': 401, 'process_time': '0.5976s', 'ip_address': '127.0.0.1', 'timestamp': '2025-11-23T12:53:14.368854'}
Traceback:
NoneType: None

==============================***=====================
2025-11-23 12:53:14 - hannariskpro - ERROR - Error en Endpoint: GET /api/dashboard/trends (RESPONSE) - Status: 401: NoneType - None


==============================***=====================
Timestamp: 2025-11-23 12:53:14
Contexto: Endpoint: GET /api/dashboard/by_level (RESPONSE) - Status: 401
Tipo de Error: NoneType
Mensaje: None
Información Adicional:
  endpoint: GET /api/dashboard/by_level
  method: RESPONSE
  status_code: 401
  request_data: {'method': 'GET', 'path': '/api/dashboard/by_level', 'status_code': 401, 'process_time': '0.5953s', 'ip_address': '127.0.0.1', 'timestamp': '2025-11-23T12:53:14.397062'}
Traceback:
NoneType: None

==============================***=====================
2025-11-23 12:53:14 - hannariskpro - ERROR - Error en Endpoint: GET /api/dashboard/by_level (RESPONSE) - Status: 401: NoneType - None


==============================***=====================
Timestamp: 2025-11-23 12:53:14
Contexto: Endpoint: GET /api/dashboard/by_location (RESPONSE) - Status: 401
Tipo de Error: NoneType
Mensaje: None
Información Adicional:
  endpoint: GET /api/dashboard/by_location
  method: RESPONSE
  status_code: 401
  request_data: {'method': 'GET', 'path': '/api/dashboard/by_location', 'status_code': 401, 'process_time': '0.5673s', 'ip_address': '127.0.0.1', 'timestamp': '2025-11-23T12:53:14.484360'}
Traceback:
NoneType: None

==============================***=====================
2025-11-23 12:53:14 - hannariskpro - ERROR - Error en Endpoint: GET /api/dashboard/by_location (RESPONSE) - Status: 401: NoneType - None


==============================***=====================
Timestamp: 2025-11-23 12:53:14
Contexto: Endpoint: GET /api/dashboard/kpis (RESPONSE) - Status: 401
Tipo de Error: NoneType
Mensaje: None
Información Adicional:
  endpoint: GET /api/dashboard/kpis
  method: RESPONSE
  status_code: 401
  request_data: {'method': 'GET', 'path': '/api/dashboard/kpis', 'status_code': 401, 'process_time': '0.5285s', 'ip_address': '127.0.0.1', 'timestamp': '2025-11-23T12:53:14.506537'}
Traceback:
NoneType: None

==============================***=====================
2025-11-23 12:53:14 - hannariskpro - ERROR - Error en Endpoint: GET /api/dashboard/kpis (RESPONSE) - Status: 401: NoneType - None


==============================***=====================
Timestamp: 2025-11-23 12:53:16
Contexto: Endpoint: GET /api/dashboard/trends (REQUEST) - Status: 200
Tipo de Error: NoneType
Mensaje: None
Información Adicional:
  endpoint: GET /api/dashboard/trends
  method: REQUEST
  status_code: 200
  request_data: {'method': 'GET', 'path': '/api/dashboard/trends', 'user_agent': 'Mozilla/5.0 (Windows NT 10.0; Win64; x64) AppleWebKit/537.36 (KHTML, like Gecko) Chrome/142.0.0.0 Safari/537.36', 'ip_address': '127.0.0.1', 'timestamp': '2025-11-23T12:53:16.119873'}
Traceback:
NoneType: None

==============================***=====================
2025-11-23 12:53:16 - hannariskpro - ERROR - Error en Endpoint: GET /api/dashboard/trends (REQUEST) - Status: 200: NoneType - None


==============================***=====================
Timestamp: 2025-11-23 12:53:16
Contexto: Endpoint: http://localhost:8092/api/dashboard/trends?months=12 (GET) - Status: 401
Tipo de Error: BaseAPIException
Mensaje: 
Información Adicional:
  endpoint: http://localhost:8092/api/dashboard/trends?months=12
  method: GET
  status_code: 401
  request_data: {'request_id': 'b2bc6cb8-4d50-4421-8a6d-c4319d4ccf1d', 'error_code': 'FASTAPI_401', 'detail': 'Se requiere autenticación'}
Traceback:
Traceback (most recent call last):
  File "D:\DEVFULLAPP\appPHAV3\.venv\Lib\site-packages\starlette\middleware\exceptions.py", line 68, in __call__
    await self.app(scope, receive, sender)
  File "D:\DEVFULLAPP\appPHAV3\.venv\Lib\site-packages\fastapi\middleware\asyncexitstack.py", line 20, in __call__
    raise e
  File "D:\DEVFULLAPP\appPHAV3\.venv\Lib\site-packages\fastapi\middleware\asyncexitstack.py", line 17, in __call__
    await self.app(scope, receive, send)
  File "D:\DEVFULLAPP\appPHAV3\.venv\Lib\site-packages\starlette\routing.py", line 718, in __call__
    await route.handle(scope, receive, send)
  File "D:\DEVFULLAPP\appPHAV3\.venv\Lib\site-packages\starlette\routing.py", line 276, in handle
    await self.app(scope, receive, send)
  File "D:\DEVFULLAPP\appPHAV3\.venv\Lib\site-packages\starlette\routing.py", line 66, in app
    response = await func(request)
               ^^^^^^^^^^^^^^^^^^^
  File "D:\DEVFULLAPP\appPHAV3\.venv\Lib\site-packages\fastapi\routing.py", line 273, in app
    raw_response = await run_endpoint_function(
                   ^^^^^^^^^^^^^^^^^^^^^^^^^^^^
  File "D:\DEVFULLAPP\appPHAV3\.venv\Lib\site-packages\fastapi\routing.py", line 192, in run_endpoint_function
    return await run_in_threadpool(dependant.call, **values)
           ^^^^^^^^^^^^^^^^^^^^^^^^^^^^^^^^^^^^^^^^^^^^^^^^^
  File "D:\DEVFULLAPP\appPHAV3\.venv\Lib\site-packages\starlette\concurrency.py", line 41, in run_in_threadpool
    return await anyio.to_thread.run_sync(func, *args)
           ^^^^^^^^^^^^^^^^^^^^^^^^^^^^^^^^^^^^^^^^^^^
  File "D:\DEVFULLAPP\appPHAV3\.venv\Lib\site-packages\anyio\to_thread.py", line 56, in run_sync
    return await get_async_backend().run_sync_in_worker_thread(
           ^^^^^^^^^^^^^^^^^^^^^^^^^^^^^^^^^^^^^^^^^^^^^^^^^^^^
  File "D:\DEVFULLAPP\appPHAV3\.venv\Lib\site-packages\anyio\_backends\_asyncio.py", line 2485, in run_sync_in_worker_thread
    return await future
           ^^^^^^^^^^^^
  File "D:\DEVFULLAPP\appPHAV3\.venv\Lib\site-packages\anyio\_backends\_asyncio.py", line 976, in run
    result = context.run(func, *args)
             ^^^^^^^^^^^^^^^^^^^^^^^^
  File "d:\DEVFULLAPP\appPHAV3\backend\main.py", line 1924, in dashboard_trends
    raise HTTPException(status_code=401, detail='Se requiere autenticación')
fastapi.exceptions.HTTPException

==============================***=====================
2025-11-23 12:53:16 - hannariskpro - ERROR - Error en Endpoint: http://localhost:8092/api/dashboard/trends?months=12 (GET) - Status: 401: BaseAPIException - 


==============================***=====================
Timestamp: 2025-11-23 12:53:16
Contexto: Endpoint: GET /api/dashboard/trends (RESPONSE) - Status: 401
Tipo de Error: NoneType
Mensaje: None
Información Adicional:
  endpoint: GET /api/dashboard/trends
  method: RESPONSE
  status_code: 401
  request_data: {'method': 'GET', 'path': '/api/dashboard/trends', 'status_code': 401, 'process_time': '0.0287s', 'ip_address': '127.0.0.1', 'timestamp': '2025-11-23T12:53:16.148589'}
Traceback:
NoneType: None

==============================***=====================
2025-11-23 12:53:16 - hannariskpro - ERROR - Error en Endpoint: GET /api/dashboard/trends (RESPONSE) - Status: 401: NoneType - None


==============================***=====================
Timestamp: 2025-11-23 12:53:40
Contexto: Endpoint: GET /api/me (REQUEST) - Status: 200
Tipo de Error: NoneType
Mensaje: None
Información Adicional:
  endpoint: GET /api/me
  method: REQUEST
  status_code: 200
  request_data: {'method': 'GET', 'path': '/api/me', 'user_agent': 'Mozilla/5.0 (Windows NT 10.0; Win64; x64) AppleWebKit/537.36 (KHTML, like Gecko) Chrome/142.0.0.0 Safari/537.36', 'ip_address': '127.0.0.1', 'timestamp': '2025-11-23T12:53:40.438911'}
Traceback:
NoneType: None

==============================***=====================
2025-11-23 12:53:40 - hannariskpro - ERROR - Error en Endpoint: GET /api/me (REQUEST) - Status: 200: NoneType - None


==============================***=====================
Timestamp: 2025-11-23 12:53:40
Contexto: Endpoint: http://localhost:8092/api/me (GET) - Status: 401
Tipo de Error: AuthenticationError
Mensaje: ('Token inválido o expirado', 'INVALID_TOKEN')
Información Adicional:
  endpoint: http://localhost:8092/api/me
  method: GET
  status_code: 401
  request_data: {'request_id': '26cdafff-bfaf-4e37-91e0-cdbe20af2d52', 'error_code': 'INVALID_TOKEN', 'detail': 'Token inválido o expirado'}
Traceback:
Traceback (most recent call last):
  File "d:\DEVFULLAPP\appPHAV3\backend\main.py", line 203, in get_current_user
    payload = auth_utils.decode_token(token)
              ^^^^^^^^^^^^^^^^^^^^^^^^^^^^^^
  File "d:\DEVFULLAPP\appPHAV3\backend\auth.py", line 50, in decode_token
    payload = jwt.decode(token, SECRET_KEY, algorithms=[ALGORITHM])
              ^^^^^^^^^^^^^^^^^^^^^^^^^^^^^^^^^^^^^^^^^^^^^^^^^^^^^
  File "D:\DEVFULLAPP\appPHAV3\.venv\Lib\site-packages\jwt\api_jwt.py", line 210, in decode
    decoded = self.decode_complete(
              ^^^^^^^^^^^^^^^^^^^^^
  File "D:\DEVFULLAPP\appPHAV3\.venv\Lib\site-packages\jwt\api_jwt.py", line 162, in decode_complete
    self._validate_claims(
  File "D:\DEVFULLAPP\appPHAV3\.venv\Lib\site-packages\jwt\api_jwt.py", line 248, in _validate_claims
    self._validate_exp(payload, now, leeway)
  File "D:\DEVFULLAPP\appPHAV3\.venv\Lib\site-packages\jwt\api_jwt.py", line 306, in _validate_exp
    raise ExpiredSignatureError("Signature has expired")
jwt.exceptions.ExpiredSignatureError: Signature has expired

During handling of the above exception, another exception occurred:

Traceback (most recent call last):
  File "D:\DEVFULLAPP\appPHAV3\.venv\Lib\site-packages\starlette\middleware\exceptions.py", line 68, in __call__
    await self.app(scope, receive, sender)
  File "D:\DEVFULLAPP\appPHAV3\.venv\Lib\site-packages\fastapi\middleware\asyncexitstack.py", line 20, in __call__
    raise e
  File "D:\DEVFULLAPP\appPHAV3\.venv\Lib\site-packages\fastapi\middleware\asyncexitstack.py", line 17, in __call__
    await self.app(scope, receive, send)
  File "D:\DEVFULLAPP\appPHAV3\.venv\Lib\site-packages\starlette\routing.py", line 718, in __call__
    await route.handle(scope, receive, send)
  File "D:\DEVFULLAPP\appPHAV3\.venv\Lib\site-packages\starlette\routing.py", line 276, in handle
    await self.app(scope, receive, send)
  File "D:\DEVFULLAPP\appPHAV3\.venv\Lib\site-packages\starlette\routing.py", line 66, in app
    response = await func(request)
               ^^^^^^^^^^^^^^^^^^^
  File "D:\DEVFULLAPP\appPHAV3\.venv\Lib\site-packages\fastapi\routing.py", line 263, in app
    solved_result = await solve_dependencies(
                    ^^^^^^^^^^^^^^^^^^^^^^^^^
  File "D:\DEVFULLAPP\appPHAV3\.venv\Lib\site-packages\fastapi\dependencies\utils.py", line 586, in solve_dependencies
    solved = await run_in_threadpool(call, **sub_values)
             ^^^^^^^^^^^^^^^^^^^^^^^^^^^^^^^^^^^^^^^^^^^
  File "D:\DEVFULLAPP\appPHAV3\.venv\Lib\site-packages\starlette\concurrency.py", line 41, in run_in_threadpool
    return await anyio.to_thread.run_sync(func, *args)
           ^^^^^^^^^^^^^^^^^^^^^^^^^^^^^^^^^^^^^^^^^^^
  File "D:\DEVFULLAPP\appPHAV3\.venv\Lib\site-packages\anyio\to_thread.py", line 56, in run_sync
    return await get_async_backend().run_sync_in_worker_thread(
           ^^^^^^^^^^^^^^^^^^^^^^^^^^^^^^^^^^^^^^^^^^^^^^^^^^^^
  File "D:\DEVFULLAPP\appPHAV3\.venv\Lib\site-packages\anyio\_backends\_asyncio.py", line 2485, in run_sync_in_worker_thread
    return await future
           ^^^^^^^^^^^^
  File "D:\DEVFULLAPP\appPHAV3\.venv\Lib\site-packages\anyio\_backends\_asyncio.py", line 976, in run
    result = context.run(func, *args)
             ^^^^^^^^^^^^^^^^^^^^^^^^
  File "d:\DEVFULLAPP\appPHAV3\backend\main.py", line 205, in get_current_user
    raise exceptions.AuthenticationError('Token inválido o expirado', 'INVALID_TOKEN')
backend.exceptions.AuthenticationError: ('Token inválido o expirado', 'INVALID_TOKEN')

==============================***=====================
2025-11-23 12:53:40 - hannariskpro - ERROR - Error en Endpoint: http://localhost:8092/api/me (GET) - Status: 401: AuthenticationError - ('Token inválido o expirado', 'INVALID_TOKEN')


==============================***=====================
Timestamp: 2025-11-23 12:53:40
Contexto: Endpoint: GET /api/me (RESPONSE) - Status: 401
Tipo de Error: NoneType
Mensaje: None
Información Adicional:
  endpoint: GET /api/me
  method: RESPONSE
  status_code: 401
  request_data: {'method': 'GET', 'path': '/api/me', 'status_code': 401, 'process_time': '0.0403s', 'ip_address': '127.0.0.1', 'timestamp': '2025-11-23T12:53:40.479200'}
Traceback:
NoneType: None

==============================***=====================
2025-11-23 12:53:40 - hannariskpro - ERROR - Error en Endpoint: GET /api/me (RESPONSE) - Status: 401: NoneType - None


==============================***=====================
Timestamp: 2025-11-23 12:53:40
Contexto: Endpoint: GET /api/dashboard/kpis (REQUEST) - Status: 200
Tipo de Error: NoneType
Mensaje: None
Información Adicional:
  endpoint: GET /api/dashboard/kpis
  method: REQUEST
  status_code: 200
  request_data: {'method': 'GET', 'path': '/api/dashboard/kpis', 'user_agent': 'Mozilla/5.0 (Windows NT 10.0; Win64; x64) AppleWebKit/537.36 (KHTML, like Gecko) Chrome/142.0.0.0 Safari/537.36', 'ip_address': '127.0.0.1', 'timestamp': '2025-11-23T12:53:40.496878'}
Traceback:
NoneType: None

==============================***=====================
2025-11-23 12:53:40 - hannariskpro - ERROR - Error en Endpoint: GET /api/dashboard/kpis (REQUEST) - Status: 200: NoneType - None


==============================***=====================
Timestamp: 2025-11-23 12:53:40
Contexto: Endpoint: http://localhost:8092/api/dashboard/kpis (GET) - Status: 401
Tipo de Error: BaseAPIException
Mensaje: 
Información Adicional:
  endpoint: http://localhost:8092/api/dashboard/kpis
  method: GET
  status_code: 401
  request_data: {'request_id': 'b8fd7ea1-3418-4ece-bbc4-d5cd185cc5f5', 'error_code': 'FASTAPI_401', 'detail': 'Se requiere autenticación'}
Traceback:
Traceback (most recent call last):
  File "D:\DEVFULLAPP\appPHAV3\.venv\Lib\site-packages\starlette\middleware\exceptions.py", line 68, in __call__
    await self.app(scope, receive, sender)
  File "D:\DEVFULLAPP\appPHAV3\.venv\Lib\site-packages\fastapi\middleware\asyncexitstack.py", line 20, in __call__
    raise e
  File "D:\DEVFULLAPP\appPHAV3\.venv\Lib\site-packages\fastapi\middleware\asyncexitstack.py", line 17, in __call__
    await self.app(scope, receive, send)
  File "D:\DEVFULLAPP\appPHAV3\.venv\Lib\site-packages\starlette\routing.py", line 718, in __call__
    await route.handle(scope, receive, send)
  File "D:\DEVFULLAPP\appPHAV3\.venv\Lib\site-packages\starlette\routing.py", line 276, in handle
    await self.app(scope, receive, send)
  File "D:\DEVFULLAPP\appPHAV3\.venv\Lib\site-packages\starlette\routing.py", line 66, in app
    response = await func(request)
               ^^^^^^^^^^^^^^^^^^^
  File "D:\DEVFULLAPP\appPHAV3\.venv\Lib\site-packages\fastapi\routing.py", line 273, in app
    raw_response = await run_endpoint_function(
                   ^^^^^^^^^^^^^^^^^^^^^^^^^^^^
  File "D:\DEVFULLAPP\appPHAV3\.venv\Lib\site-packages\fastapi\routing.py", line 192, in run_endpoint_function
    return await run_in_threadpool(dependant.call, **values)
           ^^^^^^^^^^^^^^^^^^^^^^^^^^^^^^^^^^^^^^^^^^^^^^^^^
  File "D:\DEVFULLAPP\appPHAV3\.venv\Lib\site-packages\starlette\concurrency.py", line 41, in run_in_threadpool
    return await anyio.to_thread.run_sync(func, *args)
           ^^^^^^^^^^^^^^^^^^^^^^^^^^^^^^^^^^^^^^^^^^^
  File "D:\DEVFULLAPP\appPHAV3\.venv\Lib\site-packages\anyio\to_thread.py", line 56, in run_sync
    return await get_async_backend().run_sync_in_worker_thread(
           ^^^^^^^^^^^^^^^^^^^^^^^^^^^^^^^^^^^^^^^^^^^^^^^^^^^^
  File "D:\DEVFULLAPP\appPHAV3\.venv\Lib\site-packages\anyio\_backends\_asyncio.py", line 2485, in run_sync_in_worker_thread
    return await future
           ^^^^^^^^^^^^
  File "D:\DEVFULLAPP\appPHAV3\.venv\Lib\site-packages\anyio\_backends\_asyncio.py", line 976, in run
    result = context.run(func, *args)
             ^^^^^^^^^^^^^^^^^^^^^^^^
  File "d:\DEVFULLAPP\appPHAV3\backend\main.py", line 1756, in dashboard_kpis
    raise HTTPException(status_code=401, detail='Se requiere autenticación')
fastapi.exceptions.HTTPException

==============================***=====================
2025-11-23 12:53:40 - hannariskpro - ERROR - Error en Endpoint: http://localhost:8092/api/dashboard/kpis (GET) - Status: 401: BaseAPIException - 


==============================***=====================
Timestamp: 2025-11-23 12:53:40
Contexto: Endpoint: GET /api/dashboard/kpis (RESPONSE) - Status: 401
Tipo de Error: NoneType
Mensaje: None
Información Adicional:
  endpoint: GET /api/dashboard/kpis
  method: RESPONSE
  status_code: 401
  request_data: {'method': 'GET', 'path': '/api/dashboard/kpis', 'status_code': 401, 'process_time': '0.0262s', 'ip_address': '127.0.0.1', 'timestamp': '2025-11-23T12:53:40.523084'}
Traceback:
NoneType: None

==============================***=====================
2025-11-23 12:53:40 - hannariskpro - ERROR - Error en Endpoint: GET /api/dashboard/kpis (RESPONSE) - Status: 401: NoneType - None


==============================***=====================
Timestamp: 2025-11-23 12:53:40
Contexto: Endpoint: GET /api/dashboard/risk_matrix (REQUEST) - Status: 200
Tipo de Error: NoneType
Mensaje: None
Información Adicional:
  endpoint: GET /api/dashboard/risk_matrix
  method: REQUEST
  status_code: 200
  request_data: {'method': 'GET', 'path': '/api/dashboard/risk_matrix', 'user_agent': 'Mozilla/5.0 (Windows NT 10.0; Win64; x64) AppleWebKit/537.36 (KHTML, like Gecko) Chrome/142.0.0.0 Safari/537.36', 'ip_address': '127.0.0.1', 'timestamp': '2025-11-23T12:53:40.537608'}
Traceback:
NoneType: None

==============================***=====================
2025-11-23 12:53:40 - hannariskpro - ERROR - Error en Endpoint: GET /api/dashboard/risk_matrix (REQUEST) - Status: 200: NoneType - None


==============================***=====================
Timestamp: 2025-11-23 12:53:40
Contexto: Endpoint: http://localhost:8092/api/dashboard/risk_matrix (GET) - Status: 401
Tipo de Error: BaseAPIException
Mensaje: 
Información Adicional:
  endpoint: http://localhost:8092/api/dashboard/risk_matrix
  method: GET
  status_code: 401
  request_data: {'request_id': 'dfa32e95-290e-430d-815e-e029e79111f9', 'error_code': 'FASTAPI_401', 'detail': 'Se requiere autenticación'}
Traceback:
Traceback (most recent call last):
  File "D:\DEVFULLAPP\appPHAV3\.venv\Lib\site-packages\starlette\middleware\exceptions.py", line 68, in __call__
    await self.app(scope, receive, sender)
  File "D:\DEVFULLAPP\appPHAV3\.venv\Lib\site-packages\fastapi\middleware\asyncexitstack.py", line 20, in __call__
    raise e
  File "D:\DEVFULLAPP\appPHAV3\.venv\Lib\site-packages\fastapi\middleware\asyncexitstack.py", line 17, in __call__
    await self.app(scope, receive, send)
  File "D:\DEVFULLAPP\appPHAV3\.venv\Lib\site-packages\starlette\routing.py", line 718, in __call__
    await route.handle(scope, receive, send)
  File "D:\DEVFULLAPP\appPHAV3\.venv\Lib\site-packages\starlette\routing.py", line 276, in handle
    await self.app(scope, receive, send)
  File "D:\DEVFULLAPP\appPHAV3\.venv\Lib\site-packages\starlette\routing.py", line 66, in app
    response = await func(request)
               ^^^^^^^^^^^^^^^^^^^
  File "D:\DEVFULLAPP\appPHAV3\.venv\Lib\site-packages\fastapi\routing.py", line 273, in app
    raw_response = await run_endpoint_function(
                   ^^^^^^^^^^^^^^^^^^^^^^^^^^^^
  File "D:\DEVFULLAPP\appPHAV3\.venv\Lib\site-packages\fastapi\routing.py", line 192, in run_endpoint_function
    return await run_in_threadpool(dependant.call, **values)
           ^^^^^^^^^^^^^^^^^^^^^^^^^^^^^^^^^^^^^^^^^^^^^^^^^
  File "D:\DEVFULLAPP\appPHAV3\.venv\Lib\site-packages\starlette\concurrency.py", line 41, in run_in_threadpool
    return await anyio.to_thread.run_sync(func, *args)
           ^^^^^^^^^^^^^^^^^^^^^^^^^^^^^^^^^^^^^^^^^^^
  File "D:\DEVFULLAPP\appPHAV3\.venv\Lib\site-packages\anyio\to_thread.py", line 56, in run_sync
    return await get_async_backend().run_sync_in_worker_thread(
           ^^^^^^^^^^^^^^^^^^^^^^^^^^^^^^^^^^^^^^^^^^^^^^^^^^^^
  File "D:\DEVFULLAPP\appPHAV3\.venv\Lib\site-packages\anyio\_backends\_asyncio.py", line 2485, in run_sync_in_worker_thread
    return await future
           ^^^^^^^^^^^^
  File "D:\DEVFULLAPP\appPHAV3\.venv\Lib\site-packages\anyio\_backends\_asyncio.py", line 976, in run
    result = context.run(func, *args)
             ^^^^^^^^^^^^^^^^^^^^^^^^
  File "d:\DEVFULLAPP\appPHAV3\backend\main.py", line 1797, in dashboard_risk_matrix
    raise HTTPException(status_code=401, detail='Se requiere autenticación')
fastapi.exceptions.HTTPException

==============================***=====================
2025-11-23 12:53:40 - hannariskpro - ERROR - Error en Endpoint: http://localhost:8092/api/dashboard/risk_matrix (GET) - Status: 401: BaseAPIException - 


==============================***=====================
Timestamp: 2025-11-23 12:53:40
Contexto: Endpoint: GET /api/dashboard/risk_matrix (RESPONSE) - Status: 401
Tipo de Error: NoneType
Mensaje: None
Información Adicional:
  endpoint: GET /api/dashboard/risk_matrix
  method: RESPONSE
  status_code: 401
  request_data: {'method': 'GET', 'path': '/api/dashboard/risk_matrix', 'status_code': 401, 'process_time': '0.0161s', 'ip_address': '127.0.0.1', 'timestamp': '2025-11-23T12:53:40.553708'}
Traceback:
NoneType: None

==============================***=====================
2025-11-23 12:53:40 - hannariskpro - ERROR - Error en Endpoint: GET /api/dashboard/risk_matrix (RESPONSE) - Status: 401: NoneType - None


==============================***=====================
Timestamp: 2025-11-23 12:53:40
Contexto: Endpoint: GET /api/dashboard/by_level (REQUEST) - Status: 200
Tipo de Error: NoneType
Mensaje: None
Información Adicional:
  endpoint: GET /api/dashboard/by_level
  method: REQUEST
  status_code: 200
  request_data: {'method': 'GET', 'path': '/api/dashboard/by_level', 'user_agent': 'Mozilla/5.0 (Windows NT 10.0; Win64; x64) AppleWebKit/537.36 (KHTML, like Gecko) Chrome/142.0.0.0 Safari/537.36', 'ip_address': '127.0.0.1', 'timestamp': '2025-11-23T12:53:40.570293'}
Traceback:
NoneType: None

==============================***=====================
2025-11-23 12:53:40 - hannariskpro - ERROR - Error en Endpoint: GET /api/dashboard/by_level (REQUEST) - Status: 200: NoneType - None


==============================***=====================
Timestamp: 2025-11-23 12:53:40
Contexto: Endpoint: http://localhost:8092/api/dashboard/by_level (GET) - Status: 401
Tipo de Error: BaseAPIException
Mensaje: 
Información Adicional:
  endpoint: http://localhost:8092/api/dashboard/by_level
  method: GET
  status_code: 401
  request_data: {'request_id': '17bc8cc9-6b9f-4b77-9359-78a202361ee1', 'error_code': 'FASTAPI_401', 'detail': 'Se requiere autenticación'}
Traceback:
Traceback (most recent call last):
  File "D:\DEVFULLAPP\appPHAV3\.venv\Lib\site-packages\starlette\middleware\exceptions.py", line 68, in __call__
    await self.app(scope, receive, sender)
  File "D:\DEVFULLAPP\appPHAV3\.venv\Lib\site-packages\fastapi\middleware\asyncexitstack.py", line 20, in __call__
    raise e
  File "D:\DEVFULLAPP\appPHAV3\.venv\Lib\site-packages\fastapi\middleware\asyncexitstack.py", line 17, in __call__
    await self.app(scope, receive, send)
  File "D:\DEVFULLAPP\appPHAV3\.venv\Lib\site-packages\starlette\routing.py", line 718, in __call__
    await route.handle(scope, receive, send)
  File "D:\DEVFULLAPP\appPHAV3\.venv\Lib\site-packages\starlette\routing.py", line 276, in handle
    await self.app(scope, receive, send)
  File "D:\DEVFULLAPP\appPHAV3\.venv\Lib\site-packages\starlette\routing.py", line 66, in app
    response = await func(request)
               ^^^^^^^^^^^^^^^^^^^
  File "D:\DEVFULLAPP\appPHAV3\.venv\Lib\site-packages\fastapi\routing.py", line 273, in app
    raw_response = await run_endpoint_function(
                   ^^^^^^^^^^^^^^^^^^^^^^^^^^^^
  File "D:\DEVFULLAPP\appPHAV3\.venv\Lib\site-packages\fastapi\routing.py", line 192, in run_endpoint_function
    return await run_in_threadpool(dependant.call, **values)
           ^^^^^^^^^^^^^^^^^^^^^^^^^^^^^^^^^^^^^^^^^^^^^^^^^
  File "D:\DEVFULLAPP\appPHAV3\.venv\Lib\site-packages\starlette\concurrency.py", line 41, in run_in_threadpool
    return await anyio.to_thread.run_sync(func, *args)
           ^^^^^^^^^^^^^^^^^^^^^^^^^^^^^^^^^^^^^^^^^^^
  File "D:\DEVFULLAPP\appPHAV3\.venv\Lib\site-packages\anyio\to_thread.py", line 56, in run_sync
    return await get_async_backend().run_sync_in_worker_thread(
           ^^^^^^^^^^^^^^^^^^^^^^^^^^^^^^^^^^^^^^^^^^^^^^^^^^^^
  File "D:\DEVFULLAPP\appPHAV3\.venv\Lib\site-packages\anyio\_backends\_asyncio.py", line 2485, in run_sync_in_worker_thread
    return await future
           ^^^^^^^^^^^^
  File "D:\DEVFULLAPP\appPHAV3\.venv\Lib\site-packages\anyio\_backends\_asyncio.py", line 976, in run
    result = context.run(func, *args)
             ^^^^^^^^^^^^^^^^^^^^^^^^
  File "d:\DEVFULLAPP\appPHAV3\backend\main.py", line 1849, in dashboard_by_level
    raise HTTPException(status_code=401, detail='Se requiere autenticación')
fastapi.exceptions.HTTPException

==============================***=====================
2025-11-23 12:53:40 - hannariskpro - ERROR - Error en Endpoint: http://localhost:8092/api/dashboard/by_level (GET) - Status: 401: BaseAPIException - 


==============================***=====================
Timestamp: 2025-11-23 12:53:40
Contexto: Endpoint: GET /api/dashboard/by_level (RESPONSE) - Status: 401
Tipo de Error: NoneType
Mensaje: None
Información Adicional:
  endpoint: GET /api/dashboard/by_level
  method: RESPONSE
  status_code: 401
  request_data: {'method': 'GET', 'path': '/api/dashboard/by_level', 'status_code': 401, 'process_time': '0.0164s', 'ip_address': '127.0.0.1', 'timestamp': '2025-11-23T12:53:40.586740'}
Traceback:
NoneType: None

==============================***=====================
2025-11-23 12:53:40 - hannariskpro - ERROR - Error en Endpoint: GET /api/dashboard/by_level (RESPONSE) - Status: 401: NoneType - None


==============================***=====================
Timestamp: 2025-11-23 12:53:40
Contexto: Endpoint: GET /api/dashboard/by_location (REQUEST) - Status: 200
Tipo de Error: NoneType
Mensaje: None
Información Adicional:
  endpoint: GET /api/dashboard/by_location
  method: REQUEST
  status_code: 200
  request_data: {'method': 'GET', 'path': '/api/dashboard/by_location', 'user_agent': 'Mozilla/5.0 (Windows NT 10.0; Win64; x64) AppleWebKit/537.36 (KHTML, like Gecko) Chrome/142.0.0.0 Safari/537.36', 'ip_address': '127.0.0.1', 'timestamp': '2025-11-23T12:53:40.599025'}
Traceback:
NoneType: None

==============================***=====================
2025-11-23 12:53:40 - hannariskpro - ERROR - Error en Endpoint: GET /api/dashboard/by_location (REQUEST) - Status: 200: NoneType - None


==============================***=====================
Timestamp: 2025-11-23 12:53:40
Contexto: Endpoint: http://localhost:8092/api/dashboard/by_location (GET) - Status: 401
Tipo de Error: BaseAPIException
Mensaje: 
Información Adicional:
  endpoint: http://localhost:8092/api/dashboard/by_location
  method: GET
  status_code: 401
  request_data: {'request_id': '2afb4c2f-44c8-48b6-8b0b-52cf1b63589e', 'error_code': 'FASTAPI_401', 'detail': 'Se requiere autenticación'}
Traceback:
Traceback (most recent call last):
  File "D:\DEVFULLAPP\appPHAV3\.venv\Lib\site-packages\starlette\middleware\exceptions.py", line 68, in __call__
    await self.app(scope, receive, sender)
  File "D:\DEVFULLAPP\appPHAV3\.venv\Lib\site-packages\fastapi\middleware\asyncexitstack.py", line 20, in __call__
    raise e
  File "D:\DEVFULLAPP\appPHAV3\.venv\Lib\site-packages\fastapi\middleware\asyncexitstack.py", line 17, in __call__
    await self.app(scope, receive, send)
  File "D:\DEVFULLAPP\appPHAV3\.venv\Lib\site-packages\starlette\routing.py", line 718, in __call__
    await route.handle(scope, receive, send)
  File "D:\DEVFULLAPP\appPHAV3\.venv\Lib\site-packages\starlette\routing.py", line 276, in handle
    await self.app(scope, receive, send)
  File "D:\DEVFULLAPP\appPHAV3\.venv\Lib\site-packages\starlette\routing.py", line 66, in app
    response = await func(request)
               ^^^^^^^^^^^^^^^^^^^
  File "D:\DEVFULLAPP\appPHAV3\.venv\Lib\site-packages\fastapi\routing.py", line 273, in app
    raw_response = await run_endpoint_function(
                   ^^^^^^^^^^^^^^^^^^^^^^^^^^^^
  File "D:\DEVFULLAPP\appPHAV3\.venv\Lib\site-packages\fastapi\routing.py", line 192, in run_endpoint_function
    return await run_in_threadpool(dependant.call, **values)
           ^^^^^^^^^^^^^^^^^^^^^^^^^^^^^^^^^^^^^^^^^^^^^^^^^
  File "D:\DEVFULLAPP\appPHAV3\.venv\Lib\site-packages\starlette\concurrency.py", line 41, in run_in_threadpool
    return await anyio.to_thread.run_sync(func, *args)
           ^^^^^^^^^^^^^^^^^^^^^^^^^^^^^^^^^^^^^^^^^^^
  File "D:\DEVFULLAPP\appPHAV3\.venv\Lib\site-packages\anyio\to_thread.py", line 56, in run_sync
    return await get_async_backend().run_sync_in_worker_thread(
           ^^^^^^^^^^^^^^^^^^^^^^^^^^^^^^^^^^^^^^^^^^^^^^^^^^^^
  File "D:\DEVFULLAPP\appPHAV3\.venv\Lib\site-packages\anyio\_backends\_asyncio.py", line 2485, in run_sync_in_worker_thread
    return await future
           ^^^^^^^^^^^^
  File "D:\DEVFULLAPP\appPHAV3\.venv\Lib\site-packages\anyio\_backends\_asyncio.py", line 976, in run
    result = context.run(func, *args)
             ^^^^^^^^^^^^^^^^^^^^^^^^
  File "d:\DEVFULLAPP\appPHAV3\backend\main.py", line 1871, in dashboard_by_location
    raise HTTPException(status_code=401, detail='Se requiere autenticación')
fastapi.exceptions.HTTPException

==============================***=====================
2025-11-23 12:53:40 - hannariskpro - ERROR - Error en Endpoint: http://localhost:8092/api/dashboard/by_location (GET) - Status: 401: BaseAPIException - 


==============================***=====================
Timestamp: 2025-11-23 12:53:40
Contexto: Endpoint: GET /api/dashboard/by_location (RESPONSE) - Status: 401
Tipo de Error: NoneType
Mensaje: None
Información Adicional:
  endpoint: GET /api/dashboard/by_location
  method: RESPONSE
  status_code: 401
  request_data: {'method': 'GET', 'path': '/api/dashboard/by_location', 'status_code': 401, 'process_time': '0.0444s', 'ip_address': '127.0.0.1', 'timestamp': '2025-11-23T12:53:40.643380'}
Traceback:
NoneType: None

==============================***=====================
2025-11-23 12:53:40 - hannariskpro - ERROR - Error en Endpoint: GET /api/dashboard/by_location (RESPONSE) - Status: 401: NoneType - None


==============================***=====================
Timestamp: 2025-11-23 12:53:40
Contexto: Endpoint: GET /api/dashboard/actions_critical (REQUEST) - Status: 200
Tipo de Error: NoneType
Mensaje: None
Información Adicional:
  endpoint: GET /api/dashboard/actions_critical
  method: REQUEST
  status_code: 200
  request_data: {'method': 'GET', 'path': '/api/dashboard/actions_critical', 'user_agent': 'Mozilla/5.0 (Windows NT 10.0; Win64; x64) AppleWebKit/537.36 (KHTML, like Gecko) Chrome/142.0.0.0 Safari/537.36', 'ip_address': '127.0.0.1', 'timestamp': '2025-11-23T12:53:40.721958'}
Traceback:
NoneType: None

==============================***=====================
2025-11-23 12:53:40 - hannariskpro - ERROR - Error en Endpoint: GET /api/dashboard/actions_critical (REQUEST) - Status: 200: NoneType - None


==============================***=====================
Timestamp: 2025-11-23 12:53:40
Contexto: Endpoint: GET /api/me (REQUEST) - Status: 200
Tipo de Error: NoneType
Mensaje: None
Información Adicional:
  endpoint: GET /api/me
  method: REQUEST
  status_code: 200
  request_data: {'method': 'GET', 'path': '/api/me', 'user_agent': 'Mozilla/5.0 (Windows NT 10.0; Win64; x64) AppleWebKit/537.36 (KHTML, like Gecko) Chrome/142.0.0.0 Safari/537.36', 'ip_address': '127.0.0.1', 'timestamp': '2025-11-23T12:53:40.766303'}
Traceback:
NoneType: None

==============================***=====================
2025-11-23 12:53:40 - hannariskpro - ERROR - Error en Endpoint: GET /api/me (REQUEST) - Status: 200: NoneType - None


==============================***=====================
Timestamp: 2025-11-23 12:53:40
Contexto: Endpoint: GET /api/dashboard/risk_matrix (REQUEST) - Status: 200
Tipo de Error: NoneType
Mensaje: None
Información Adicional:
  endpoint: GET /api/dashboard/risk_matrix
  method: REQUEST
  status_code: 200
  request_data: {'method': 'GET', 'path': '/api/dashboard/risk_matrix', 'user_agent': 'Mozilla/5.0 (Windows NT 10.0; Win64; x64) AppleWebKit/537.36 (KHTML, like Gecko) Chrome/142.0.0.0 Safari/537.36', 'ip_address': '127.0.0.1', 'timestamp': '2025-11-23T12:53:40.788970'}
Traceback:
NoneType: None

==============================***=====================
2025-11-23 12:53:40 - hannariskpro - ERROR - Error en Endpoint: GET /api/dashboard/risk_matrix (REQUEST) - Status: 200: NoneType - None


==============================***=====================
Timestamp: 2025-11-23 12:53:40
Contexto: Endpoint: GET /api/dashboard/activity (REQUEST) - Status: 200
Tipo de Error: NoneType
Mensaje: None
Información Adicional:
  endpoint: GET /api/dashboard/activity
  method: REQUEST
  status_code: 200
  request_data: {'method': 'GET', 'path': '/api/dashboard/activity', 'user_agent': 'Mozilla/5.0 (Windows NT 10.0; Win64; x64) AppleWebKit/537.36 (KHTML, like Gecko) Chrome/142.0.0.0 Safari/537.36', 'ip_address': '127.0.0.1', 'timestamp': '2025-11-23T12:53:40.796774'}
Traceback:
NoneType: None

==============================***=====================
2025-11-23 12:53:40 - hannariskpro - ERROR - Error en Endpoint: GET /api/dashboard/activity (REQUEST) - Status: 200: NoneType - None


==============================***=====================
Timestamp: 2025-11-23 12:53:40
Contexto: Endpoint: GET /api/dashboard/kpis (REQUEST) - Status: 200
Tipo de Error: NoneType
Mensaje: None
Información Adicional:
  endpoint: GET /api/dashboard/kpis
  method: REQUEST
  status_code: 200
  request_data: {'method': 'GET', 'path': '/api/dashboard/kpis', 'user_agent': 'Mozilla/5.0 (Windows NT 10.0; Win64; x64) AppleWebKit/537.36 (KHTML, like Gecko) Chrome/142.0.0.0 Safari/537.36', 'ip_address': '127.0.0.1', 'timestamp': '2025-11-23T12:53:40.806844'}
Traceback:
NoneType: None

==============================***=====================
2025-11-23 12:53:40 - hannariskpro - ERROR - Error en Endpoint: GET /api/dashboard/kpis (REQUEST) - Status: 200: NoneType - None


==============================***=====================
Timestamp: 2025-11-23 12:53:40
Contexto: Endpoint: GET /api/dashboard/trends (REQUEST) - Status: 200
Tipo de Error: NoneType
Mensaje: None
Información Adicional:
  endpoint: GET /api/dashboard/trends
  method: REQUEST
  status_code: 200
  request_data: {'method': 'GET', 'path': '/api/dashboard/trends', 'user_agent': 'Mozilla/5.0 (Windows NT 10.0; Win64; x64) AppleWebKit/537.36 (KHTML, like Gecko) Chrome/142.0.0.0 Safari/537.36', 'ip_address': '127.0.0.1', 'timestamp': '2025-11-23T12:53:40.820943'}
Traceback:
NoneType: None

==============================***=====================
2025-11-23 12:53:40 - hannariskpro - ERROR - Error en Endpoint: GET /api/dashboard/trends (REQUEST) - Status: 200: NoneType - None


==============================***=====================
Timestamp: 2025-11-23 12:53:40
Contexto: Endpoint: http://localhost:8092/api/dashboard/actions_critical (GET) - Status: 401
Tipo de Error: BaseAPIException
Mensaje: 
Información Adicional:
  endpoint: http://localhost:8092/api/dashboard/actions_critical
  method: GET
  status_code: 401
  request_data: {'request_id': '1d6d61b3-0c56-4173-b095-d05e44e8d634', 'error_code': 'FASTAPI_401', 'detail': 'Se requiere autenticación'}
Traceback:
Traceback (most recent call last):
  File "D:\DEVFULLAPP\appPHAV3\.venv\Lib\site-packages\starlette\middleware\exceptions.py", line 68, in __call__
    await self.app(scope, receive, sender)
  File "D:\DEVFULLAPP\appPHAV3\.venv\Lib\site-packages\fastapi\middleware\asyncexitstack.py", line 20, in __call__
    raise e
  File "D:\DEVFULLAPP\appPHAV3\.venv\Lib\site-packages\fastapi\middleware\asyncexitstack.py", line 17, in __call__
    await self.app(scope, receive, send)
  File "D:\DEVFULLAPP\appPHAV3\.venv\Lib\site-packages\starlette\routing.py", line 718, in __call__
    await route.handle(scope, receive, send)
  File "D:\DEVFULLAPP\appPHAV3\.venv\Lib\site-packages\starlette\routing.py", line 276, in handle
    await self.app(scope, receive, send)
  File "D:\DEVFULLAPP\appPHAV3\.venv\Lib\site-packages\starlette\routing.py", line 66, in app
    response = await func(request)
               ^^^^^^^^^^^^^^^^^^^
  File "D:\DEVFULLAPP\appPHAV3\.venv\Lib\site-packages\fastapi\routing.py", line 273, in app
    raw_response = await run_endpoint_function(
                   ^^^^^^^^^^^^^^^^^^^^^^^^^^^^
  File "D:\DEVFULLAPP\appPHAV3\.venv\Lib\site-packages\fastapi\routing.py", line 192, in run_endpoint_function
    return await run_in_threadpool(dependant.call, **values)
           ^^^^^^^^^^^^^^^^^^^^^^^^^^^^^^^^^^^^^^^^^^^^^^^^^
  File "D:\DEVFULLAPP\appPHAV3\.venv\Lib\site-packages\starlette\concurrency.py", line 41, in run_in_threadpool
    return await anyio.to_thread.run_sync(func, *args)
           ^^^^^^^^^^^^^^^^^^^^^^^^^^^^^^^^^^^^^^^^^^^
  File "D:\DEVFULLAPP\appPHAV3\.venv\Lib\site-packages\anyio\to_thread.py", line 56, in run_sync
    return await get_async_backend().run_sync_in_worker_thread(
           ^^^^^^^^^^^^^^^^^^^^^^^^^^^^^^^^^^^^^^^^^^^^^^^^^^^^
  File "D:\DEVFULLAPP\appPHAV3\.venv\Lib\site-packages\anyio\_backends\_asyncio.py", line 2485, in run_sync_in_worker_thread
    return await future
           ^^^^^^^^^^^^
  File "D:\DEVFULLAPP\appPHAV3\.venv\Lib\site-packages\anyio\_backends\_asyncio.py", line 976, in run
    result = context.run(func, *args)
             ^^^^^^^^^^^^^^^^^^^^^^^^
  File "d:\DEVFULLAPP\appPHAV3\backend\main.py", line 1890, in dashboard_actions_critical
    raise HTTPException(status_code=401, detail='Se requiere autenticación')
fastapi.exceptions.HTTPException

==============================***=====================
2025-11-23 12:53:40 - hannariskpro - ERROR - Error en Endpoint: http://localhost:8092/api/dashboard/actions_critical (GET) - Status: 401: BaseAPIException - 


==============================***=====================
Timestamp: 2025-11-23 12:53:40
Contexto: Endpoint: http://localhost:8092/api/me (GET) - Status: 401
Tipo de Error: AuthenticationError
Mensaje: ('Token inválido o expirado', 'INVALID_TOKEN')
Información Adicional:
  endpoint: http://localhost:8092/api/me
  method: GET
  status_code: 401
  request_data: {'request_id': 'ae9adcc4-e8ef-4bea-b3ef-de2ee77871d0', 'error_code': 'INVALID_TOKEN', 'detail': 'Token inválido o expirado'}
Traceback:
Traceback (most recent call last):
  File "d:\DEVFULLAPP\appPHAV3\backend\main.py", line 203, in get_current_user
    payload = auth_utils.decode_token(token)
              ^^^^^^^^^^^^^^^^^^^^^^^^^^^^^^
  File "d:\DEVFULLAPP\appPHAV3\backend\auth.py", line 50, in decode_token
    payload = jwt.decode(token, SECRET_KEY, algorithms=[ALGORITHM])
              ^^^^^^^^^^^^^^^^^^^^^^^^^^^^^^^^^^^^^^^^^^^^^^^^^^^^^
  File "D:\DEVFULLAPP\appPHAV3\.venv\Lib\site-packages\jwt\api_jwt.py", line 210, in decode
    decoded = self.decode_complete(
              ^^^^^^^^^^^^^^^^^^^^^
  File "D:\DEVFULLAPP\appPHAV3\.venv\Lib\site-packages\jwt\api_jwt.py", line 162, in decode_complete
    self._validate_claims(
  File "D:\DEVFULLAPP\appPHAV3\.venv\Lib\site-packages\jwt\api_jwt.py", line 248, in _validate_claims
    self._validate_exp(payload, now, leeway)
  File "D:\DEVFULLAPP\appPHAV3\.venv\Lib\site-packages\jwt\api_jwt.py", line 306, in _validate_exp
    raise ExpiredSignatureError("Signature has expired")
jwt.exceptions.ExpiredSignatureError: Signature has expired

During handling of the above exception, another exception occurred:

Traceback (most recent call last):
  File "D:\DEVFULLAPP\appPHAV3\.venv\Lib\site-packages\starlette\middleware\exceptions.py", line 68, in __call__
    await self.app(scope, receive, sender)
  File "D:\DEVFULLAPP\appPHAV3\.venv\Lib\site-packages\fastapi\middleware\asyncexitstack.py", line 20, in __call__
    raise e
  File "D:\DEVFULLAPP\appPHAV3\.venv\Lib\site-packages\fastapi\middleware\asyncexitstack.py", line 17, in __call__
    await self.app(scope, receive, send)
  File "D:\DEVFULLAPP\appPHAV3\.venv\Lib\site-packages\starlette\routing.py", line 718, in __call__
    await route.handle(scope, receive, send)
  File "D:\DEVFULLAPP\appPHAV3\.venv\Lib\site-packages\starlette\routing.py", line 276, in handle
    await self.app(scope, receive, send)
  File "D:\DEVFULLAPP\appPHAV3\.venv\Lib\site-packages\starlette\routing.py", line 66, in app
    response = await func(request)
               ^^^^^^^^^^^^^^^^^^^
  File "D:\DEVFULLAPP\appPHAV3\.venv\Lib\site-packages\fastapi\routing.py", line 263, in app
    solved_result = await solve_dependencies(
                    ^^^^^^^^^^^^^^^^^^^^^^^^^
  File "D:\DEVFULLAPP\appPHAV3\.venv\Lib\site-packages\fastapi\dependencies\utils.py", line 586, in solve_dependencies
    solved = await run_in_threadpool(call, **sub_values)
             ^^^^^^^^^^^^^^^^^^^^^^^^^^^^^^^^^^^^^^^^^^^
  File "D:\DEVFULLAPP\appPHAV3\.venv\Lib\site-packages\starlette\concurrency.py", line 41, in run_in_threadpool
    return await anyio.to_thread.run_sync(func, *args)
           ^^^^^^^^^^^^^^^^^^^^^^^^^^^^^^^^^^^^^^^^^^^
  File "D:\DEVFULLAPP\appPHAV3\.venv\Lib\site-packages\anyio\to_thread.py", line 56, in run_sync
    return await get_async_backend().run_sync_in_worker_thread(
           ^^^^^^^^^^^^^^^^^^^^^^^^^^^^^^^^^^^^^^^^^^^^^^^^^^^^
  File "D:\DEVFULLAPP\appPHAV3\.venv\Lib\site-packages\anyio\_backends\_asyncio.py", line 2485, in run_sync_in_worker_thread
    return await future
           ^^^^^^^^^^^^
  File "D:\DEVFULLAPP\appPHAV3\.venv\Lib\site-packages\anyio\_backends\_asyncio.py", line 976, in run
    result = context.run(func, *args)
             ^^^^^^^^^^^^^^^^^^^^^^^^
  File "d:\DEVFULLAPP\appPHAV3\backend\main.py", line 205, in get_current_user
    raise exceptions.AuthenticationError('Token inválido o expirado', 'INVALID_TOKEN')
backend.exceptions.AuthenticationError: ('Token inválido o expirado', 'INVALID_TOKEN')

==============================***=====================
2025-11-23 12:53:40 - hannariskpro - ERROR - Error en Endpoint: http://localhost:8092/api/me (GET) - Status: 401: AuthenticationError - ('Token inválido o expirado', 'INVALID_TOKEN')


==============================***=====================
Timestamp: 2025-11-23 12:53:40
Contexto: Endpoint: GET /api/dashboard/actions_critical (RESPONSE) - Status: 401
Tipo de Error: NoneType
Mensaje: None
Información Adicional:
  endpoint: GET /api/dashboard/actions_critical
  method: RESPONSE
  status_code: 401
  request_data: {'method': 'GET', 'path': '/api/dashboard/actions_critical', 'status_code': 401, 'process_time': '0.1542s', 'ip_address': '127.0.0.1', 'timestamp': '2025-11-23T12:53:40.876149'}
Traceback:
NoneType: None

==============================***=====================
2025-11-23 12:53:40 - hannariskpro - ERROR - Error en Endpoint: GET /api/dashboard/actions_critical (RESPONSE) - Status: 401: NoneType - None


==============================***=====================
Timestamp: 2025-11-23 12:53:40
Contexto: Endpoint: http://localhost:8092/api/dashboard/trends?months=12 (GET) - Status: 401
Tipo de Error: BaseAPIException
Mensaje: 
Información Adicional:
  endpoint: http://localhost:8092/api/dashboard/trends?months=12
  method: GET
  status_code: 401
  request_data: {'request_id': '0a957c3e-cce4-4efc-ad38-623a2b956f91', 'error_code': 'FASTAPI_401', 'detail': 'Se requiere autenticación'}
Traceback:
Traceback (most recent call last):
  File "D:\DEVFULLAPP\appPHAV3\.venv\Lib\site-packages\starlette\middleware\exceptions.py", line 68, in __call__
    await self.app(scope, receive, sender)
  File "D:\DEVFULLAPP\appPHAV3\.venv\Lib\site-packages\fastapi\middleware\asyncexitstack.py", line 20, in __call__
    raise e
  File "D:\DEVFULLAPP\appPHAV3\.venv\Lib\site-packages\fastapi\middleware\asyncexitstack.py", line 17, in __call__
    await self.app(scope, receive, send)
  File "D:\DEVFULLAPP\appPHAV3\.venv\Lib\site-packages\starlette\routing.py", line 718, in __call__
    await route.handle(scope, receive, send)
  File "D:\DEVFULLAPP\appPHAV3\.venv\Lib\site-packages\starlette\routing.py", line 276, in handle
    await self.app(scope, receive, send)
  File "D:\DEVFULLAPP\appPHAV3\.venv\Lib\site-packages\starlette\routing.py", line 66, in app
    response = await func(request)
               ^^^^^^^^^^^^^^^^^^^
  File "D:\DEVFULLAPP\appPHAV3\.venv\Lib\site-packages\fastapi\routing.py", line 273, in app
    raw_response = await run_endpoint_function(
                   ^^^^^^^^^^^^^^^^^^^^^^^^^^^^
  File "D:\DEVFULLAPP\appPHAV3\.venv\Lib\site-packages\fastapi\routing.py", line 192, in run_endpoint_function
    return await run_in_threadpool(dependant.call, **values)
           ^^^^^^^^^^^^^^^^^^^^^^^^^^^^^^^^^^^^^^^^^^^^^^^^^
  File "D:\DEVFULLAPP\appPHAV3\.venv\Lib\site-packages\starlette\concurrency.py", line 41, in run_in_threadpool
    return await anyio.to_thread.run_sync(func, *args)
           ^^^^^^^^^^^^^^^^^^^^^^^^^^^^^^^^^^^^^^^^^^^
  File "D:\DEVFULLAPP\appPHAV3\.venv\Lib\site-packages\anyio\to_thread.py", line 56, in run_sync
    return await get_async_backend().run_sync_in_worker_thread(
           ^^^^^^^^^^^^^^^^^^^^^^^^^^^^^^^^^^^^^^^^^^^^^^^^^^^^
  File "D:\DEVFULLAPP\appPHAV3\.venv\Lib\site-packages\anyio\_backends\_asyncio.py", line 2485, in run_sync_in_worker_thread
    return await future
           ^^^^^^^^^^^^
  File "D:\DEVFULLAPP\appPHAV3\.venv\Lib\site-packages\anyio\_backends\_asyncio.py", line 976, in run
    result = context.run(func, *args)
             ^^^^^^^^^^^^^^^^^^^^^^^^
  File "d:\DEVFULLAPP\appPHAV3\backend\main.py", line 1924, in dashboard_trends
    raise HTTPException(status_code=401, detail='Se requiere autenticación')
fastapi.exceptions.HTTPException

==============================***=====================
2025-11-23 12:53:40 - hannariskpro - ERROR - Error en Endpoint: http://localhost:8092/api/dashboard/trends?months=12 (GET) - Status: 401: BaseAPIException - 


==============================***=====================
Timestamp: 2025-11-23 12:53:40
Contexto: Endpoint: http://localhost:8092/api/dashboard/activity?limit=50 (GET) - Status: 401
Tipo de Error: BaseAPIException
Mensaje: 
Información Adicional:
  endpoint: http://localhost:8092/api/dashboard/activity?limit=50
  method: GET
  status_code: 401
  request_data: {'request_id': 'e7de9c58-4abb-4d0b-a794-a6a347355771', 'error_code': 'FASTAPI_401', 'detail': 'Se requiere autenticación'}
Traceback:
Traceback (most recent call last):
  File "D:\DEVFULLAPP\appPHAV3\.venv\Lib\site-packages\starlette\middleware\exceptions.py", line 68, in __call__
    await self.app(scope, receive, sender)
  File "D:\DEVFULLAPP\appPHAV3\.venv\Lib\site-packages\fastapi\middleware\asyncexitstack.py", line 20, in __call__
    raise e
  File "D:\DEVFULLAPP\appPHAV3\.venv\Lib\site-packages\fastapi\middleware\asyncexitstack.py", line 17, in __call__
    await self.app(scope, receive, send)
  File "D:\DEVFULLAPP\appPHAV3\.venv\Lib\site-packages\starlette\routing.py", line 718, in __call__
    await route.handle(scope, receive, send)
  File "D:\DEVFULLAPP\appPHAV3\.venv\Lib\site-packages\starlette\routing.py", line 276, in handle
    await self.app(scope, receive, send)
  File "D:\DEVFULLAPP\appPHAV3\.venv\Lib\site-packages\starlette\routing.py", line 66, in app
    response = await func(request)
               ^^^^^^^^^^^^^^^^^^^
  File "D:\DEVFULLAPP\appPHAV3\.venv\Lib\site-packages\fastapi\routing.py", line 273, in app
    raw_response = await run_endpoint_function(
                   ^^^^^^^^^^^^^^^^^^^^^^^^^^^^
  File "D:\DEVFULLAPP\appPHAV3\.venv\Lib\site-packages\fastapi\routing.py", line 192, in run_endpoint_function
    return await run_in_threadpool(dependant.call, **values)
           ^^^^^^^^^^^^^^^^^^^^^^^^^^^^^^^^^^^^^^^^^^^^^^^^^
  File "D:\DEVFULLAPP\appPHAV3\.venv\Lib\site-packages\starlette\concurrency.py", line 41, in run_in_threadpool
    return await anyio.to_thread.run_sync(func, *args)
           ^^^^^^^^^^^^^^^^^^^^^^^^^^^^^^^^^^^^^^^^^^^
  File "D:\DEVFULLAPP\appPHAV3\.venv\Lib\site-packages\anyio\to_thread.py", line 56, in run_sync
    return await get_async_backend().run_sync_in_worker_thread(
           ^^^^^^^^^^^^^^^^^^^^^^^^^^^^^^^^^^^^^^^^^^^^^^^^^^^^
  File "D:\DEVFULLAPP\appPHAV3\.venv\Lib\site-packages\anyio\_backends\_asyncio.py", line 2485, in run_sync_in_worker_thread
    return await future
           ^^^^^^^^^^^^
  File "D:\DEVFULLAPP\appPHAV3\.venv\Lib\site-packages\anyio\_backends\_asyncio.py", line 976, in run
    result = context.run(func, *args)
             ^^^^^^^^^^^^^^^^^^^^^^^^
  File "d:\DEVFULLAPP\appPHAV3\backend\main.py", line 1957, in dashboard_activity
    raise HTTPException(status_code=401, detail='Se requiere autenticación')
fastapi.exceptions.HTTPException

==============================***=====================
2025-11-23 12:53:40 - hannariskpro - ERROR - Error en Endpoint: http://localhost:8092/api/dashboard/activity?limit=50 (GET) - Status: 401: BaseAPIException - 


==============================***=====================
Timestamp: 2025-11-23 12:53:40
Contexto: Endpoint: http://localhost:8092/api/dashboard/kpis (GET) - Status: 401
Tipo de Error: BaseAPIException
Mensaje: 
Información Adicional:
  endpoint: http://localhost:8092/api/dashboard/kpis
  method: GET
  status_code: 401
  request_data: {'request_id': '8f8629b6-cd0c-48d9-9a51-93478dc594e0', 'error_code': 'FASTAPI_401', 'detail': 'Se requiere autenticación'}
Traceback:
Traceback (most recent call last):
  File "D:\DEVFULLAPP\appPHAV3\.venv\Lib\site-packages\starlette\middleware\exceptions.py", line 68, in __call__
    await self.app(scope, receive, sender)
  File "D:\DEVFULLAPP\appPHAV3\.venv\Lib\site-packages\fastapi\middleware\asyncexitstack.py", line 20, in __call__
    raise e
  File "D:\DEVFULLAPP\appPHAV3\.venv\Lib\site-packages\fastapi\middleware\asyncexitstack.py", line 17, in __call__
    await self.app(scope, receive, send)
  File "D:\DEVFULLAPP\appPHAV3\.venv\Lib\site-packages\starlette\routing.py", line 718, in __call__
    await route.handle(scope, receive, send)
  File "D:\DEVFULLAPP\appPHAV3\.venv\Lib\site-packages\starlette\routing.py", line 276, in handle
    await self.app(scope, receive, send)
  File "D:\DEVFULLAPP\appPHAV3\.venv\Lib\site-packages\starlette\routing.py", line 66, in app
    response = await func(request)
               ^^^^^^^^^^^^^^^^^^^
  File "D:\DEVFULLAPP\appPHAV3\.venv\Lib\site-packages\fastapi\routing.py", line 273, in app
    raw_response = await run_endpoint_function(
                   ^^^^^^^^^^^^^^^^^^^^^^^^^^^^
  File "D:\DEVFULLAPP\appPHAV3\.venv\Lib\site-packages\fastapi\routing.py", line 192, in run_endpoint_function
    return await run_in_threadpool(dependant.call, **values)
           ^^^^^^^^^^^^^^^^^^^^^^^^^^^^^^^^^^^^^^^^^^^^^^^^^
  File "D:\DEVFULLAPP\appPHAV3\.venv\Lib\site-packages\starlette\concurrency.py", line 41, in run_in_threadpool
    return await anyio.to_thread.run_sync(func, *args)
           ^^^^^^^^^^^^^^^^^^^^^^^^^^^^^^^^^^^^^^^^^^^
  File "D:\DEVFULLAPP\appPHAV3\.venv\Lib\site-packages\anyio\to_thread.py", line 56, in run_sync
    return await get_async_backend().run_sync_in_worker_thread(
           ^^^^^^^^^^^^^^^^^^^^^^^^^^^^^^^^^^^^^^^^^^^^^^^^^^^^
  File "D:\DEVFULLAPP\appPHAV3\.venv\Lib\site-packages\anyio\_backends\_asyncio.py", line 2485, in run_sync_in_worker_thread
    return await future
           ^^^^^^^^^^^^
  File "D:\DEVFULLAPP\appPHAV3\.venv\Lib\site-packages\anyio\_backends\_asyncio.py", line 976, in run
    result = context.run(func, *args)
             ^^^^^^^^^^^^^^^^^^^^^^^^
  File "d:\DEVFULLAPP\appPHAV3\backend\main.py", line 1756, in dashboard_kpis
    raise HTTPException(status_code=401, detail='Se requiere autenticación')
fastapi.exceptions.HTTPException

==============================***=====================
2025-11-23 12:53:40 - hannariskpro - ERROR - Error en Endpoint: http://localhost:8092/api/dashboard/kpis (GET) - Status: 401: BaseAPIException - 


==============================***=====================
Timestamp: 2025-11-23 12:53:40
Contexto: Endpoint: http://localhost:8092/api/dashboard/risk_matrix (GET) - Status: 401
Tipo de Error: BaseAPIException
Mensaje: 
Información Adicional:
  endpoint: http://localhost:8092/api/dashboard/risk_matrix
  method: GET
  status_code: 401
  request_data: {'request_id': 'c397648e-0941-49a3-81da-1b0d3a880169', 'error_code': 'FASTAPI_401', 'detail': 'Se requiere autenticación'}
Traceback:
Traceback (most recent call last):
  File "D:\DEVFULLAPP\appPHAV3\.venv\Lib\site-packages\starlette\middleware\exceptions.py", line 68, in __call__
    await self.app(scope, receive, sender)
  File "D:\DEVFULLAPP\appPHAV3\.venv\Lib\site-packages\fastapi\middleware\asyncexitstack.py", line 20, in __call__
    raise e
  File "D:\DEVFULLAPP\appPHAV3\.venv\Lib\site-packages\fastapi\middleware\asyncexitstack.py", line 17, in __call__
    await self.app(scope, receive, send)
  File "D:\DEVFULLAPP\appPHAV3\.venv\Lib\site-packages\starlette\routing.py", line 718, in __call__
    await route.handle(scope, receive, send)
  File "D:\DEVFULLAPP\appPHAV3\.venv\Lib\site-packages\starlette\routing.py", line 276, in handle
    await self.app(scope, receive, send)
  File "D:\DEVFULLAPP\appPHAV3\.venv\Lib\site-packages\starlette\routing.py", line 66, in app
    response = await func(request)
               ^^^^^^^^^^^^^^^^^^^
  File "D:\DEVFULLAPP\appPHAV3\.venv\Lib\site-packages\fastapi\routing.py", line 273, in app
    raw_response = await run_endpoint_function(
                   ^^^^^^^^^^^^^^^^^^^^^^^^^^^^
  File "D:\DEVFULLAPP\appPHAV3\.venv\Lib\site-packages\fastapi\routing.py", line 192, in run_endpoint_function
    return await run_in_threadpool(dependant.call, **values)
           ^^^^^^^^^^^^^^^^^^^^^^^^^^^^^^^^^^^^^^^^^^^^^^^^^
  File "D:\DEVFULLAPP\appPHAV3\.venv\Lib\site-packages\starlette\concurrency.py", line 41, in run_in_threadpool
    return await anyio.to_thread.run_sync(func, *args)
           ^^^^^^^^^^^^^^^^^^^^^^^^^^^^^^^^^^^^^^^^^^^
  File "D:\DEVFULLAPP\appPHAV3\.venv\Lib\site-packages\anyio\to_thread.py", line 56, in run_sync
    return await get_async_backend().run_sync_in_worker_thread(
           ^^^^^^^^^^^^^^^^^^^^^^^^^^^^^^^^^^^^^^^^^^^^^^^^^^^^
  File "D:\DEVFULLAPP\appPHAV3\.venv\Lib\site-packages\anyio\_backends\_asyncio.py", line 2485, in run_sync_in_worker_thread
    return await future
           ^^^^^^^^^^^^
  File "D:\DEVFULLAPP\appPHAV3\.venv\Lib\site-packages\anyio\_backends\_asyncio.py", line 976, in run
    result = context.run(func, *args)
             ^^^^^^^^^^^^^^^^^^^^^^^^
  File "d:\DEVFULLAPP\appPHAV3\backend\main.py", line 1797, in dashboard_risk_matrix
    raise HTTPException(status_code=401, detail='Se requiere autenticación')
fastapi.exceptions.HTTPException

==============================***=====================
2025-11-23 12:53:40 - hannariskpro - ERROR - Error en Endpoint: http://localhost:8092/api/dashboard/risk_matrix (GET) - Status: 401: BaseAPIException - 


==============================***=====================
Timestamp: 2025-11-23 12:53:40
Contexto: Endpoint: GET /api/me (RESPONSE) - Status: 401
Tipo de Error: NoneType
Mensaje: None
Información Adicional:
  endpoint: GET /api/me
  method: RESPONSE
  status_code: 401
  request_data: {'method': 'GET', 'path': '/api/me', 'status_code': 401, 'process_time': '0.1585s', 'ip_address': '127.0.0.1', 'timestamp': '2025-11-23T12:53:40.924777'}
Traceback:
NoneType: None

==============================***=====================
2025-11-23 12:53:40 - hannariskpro - ERROR - Error en Endpoint: GET /api/me (RESPONSE) - Status: 401: NoneType - None


==============================***=====================
Timestamp: 2025-11-23 12:53:40
Contexto: Endpoint: GET /api/dashboard/trends (RESPONSE) - Status: 401
Tipo de Error: NoneType
Mensaje: None
Información Adicional:
  endpoint: GET /api/dashboard/trends
  method: RESPONSE
  status_code: 401
  request_data: {'method': 'GET', 'path': '/api/dashboard/trends', 'status_code': 401, 'process_time': '0.1115s', 'ip_address': '127.0.0.1', 'timestamp': '2025-11-23T12:53:40.932403'}
Traceback:
NoneType: None

==============================***=====================
2025-11-23 12:53:40 - hannariskpro - ERROR - Error en Endpoint: GET /api/dashboard/trends (RESPONSE) - Status: 401: NoneType - None


==============================***=====================
Timestamp: 2025-11-23 12:53:40
Contexto: Endpoint: GET /api/dashboard/activity (RESPONSE) - Status: 401
Tipo de Error: NoneType
Mensaje: None
Información Adicional:
  endpoint: GET /api/dashboard/activity
  method: RESPONSE
  status_code: 401
  request_data: {'method': 'GET', 'path': '/api/dashboard/activity', 'status_code': 401, 'process_time': '0.1356s', 'ip_address': '127.0.0.1', 'timestamp': '2025-11-23T12:53:40.932403'}
Traceback:
NoneType: None

==============================***=====================
2025-11-23 12:53:40 - hannariskpro - ERROR - Error en Endpoint: GET /api/dashboard/activity (RESPONSE) - Status: 401: NoneType - None


==============================***=====================
Timestamp: 2025-11-23 12:53:40
Contexto: Endpoint: GET /api/dashboard/kpis (RESPONSE) - Status: 401
Tipo de Error: NoneType
Mensaje: None
Información Adicional:
  endpoint: GET /api/dashboard/kpis
  method: RESPONSE
  status_code: 401
  request_data: {'method': 'GET', 'path': '/api/dashboard/kpis', 'status_code': 401, 'process_time': '0.1379s', 'ip_address': '127.0.0.1', 'timestamp': '2025-11-23T12:53:40.944761'}
Traceback:
NoneType: None

==============================***=====================
2025-11-23 12:53:40 - hannariskpro - ERROR - Error en Endpoint: GET /api/dashboard/kpis (RESPONSE) - Status: 401: NoneType - None


==============================***=====================
Timestamp: 2025-11-23 12:53:40
Contexto: Endpoint: GET /api/dashboard/risk_matrix (RESPONSE) - Status: 401
Tipo de Error: NoneType
Mensaje: None
Información Adicional:
  endpoint: GET /api/dashboard/risk_matrix
  method: RESPONSE
  status_code: 401
  request_data: {'method': 'GET', 'path': '/api/dashboard/risk_matrix', 'status_code': 401, 'process_time': '0.1600s', 'ip_address': '127.0.0.1', 'timestamp': '2025-11-23T12:53:40.948993'}
Traceback:
NoneType: None

==============================***=====================
2025-11-23 12:53:40 - hannariskpro - ERROR - Error en Endpoint: GET /api/dashboard/risk_matrix (RESPONSE) - Status: 401: NoneType - None


==============================***=====================
Timestamp: 2025-11-23 12:53:40
Contexto: Endpoint: GET /api/dashboard/by_location (REQUEST) - Status: 200
Tipo de Error: NoneType
Mensaje: None
Información Adicional:
  endpoint: GET /api/dashboard/by_location
  method: REQUEST
  status_code: 200
  request_data: {'method': 'GET', 'path': '/api/dashboard/by_location', 'user_agent': 'Mozilla/5.0 (Windows NT 10.0; Win64; x64) AppleWebKit/537.36 (KHTML, like Gecko) Chrome/142.0.0.0 Safari/537.36', 'ip_address': '127.0.0.1', 'timestamp': '2025-11-23T12:53:40.979659'}
Traceback:
NoneType: None

==============================***=====================
2025-11-23 12:53:40 - hannariskpro - ERROR - Error en Endpoint: GET /api/dashboard/by_location (REQUEST) - Status: 200: NoneType - None


==============================***=====================
Timestamp: 2025-11-23 12:53:40
Contexto: Endpoint: GET /api/dashboard/by_level (REQUEST) - Status: 200
Tipo de Error: NoneType
Mensaje: None
Información Adicional:
  endpoint: GET /api/dashboard/by_level
  method: REQUEST
  status_code: 200
  request_data: {'method': 'GET', 'path': '/api/dashboard/by_level', 'user_agent': 'Mozilla/5.0 (Windows NT 10.0; Win64; x64) AppleWebKit/537.36 (KHTML, like Gecko) Chrome/142.0.0.0 Safari/537.36', 'ip_address': '127.0.0.1', 'timestamp': '2025-11-23T12:53:40.981674'}
Traceback:
NoneType: None

==============================***=====================
2025-11-23 12:53:40 - hannariskpro - ERROR - Error en Endpoint: GET /api/dashboard/by_level (REQUEST) - Status: 200: NoneType - None


==============================***=====================
Timestamp: 2025-11-23 12:53:41
Contexto: Endpoint: GET /api/dashboard/actions_critical (REQUEST) - Status: 200
Tipo de Error: NoneType
Mensaje: None
Información Adicional:
  endpoint: GET /api/dashboard/actions_critical
  method: REQUEST
  status_code: 200
  request_data: {'method': 'GET', 'path': '/api/dashboard/actions_critical', 'user_agent': 'Mozilla/5.0 (Windows NT 10.0; Win64; x64) AppleWebKit/537.36 (KHTML, like Gecko) Chrome/142.0.0.0 Safari/537.36', 'ip_address': '127.0.0.1', 'timestamp': '2025-11-23T12:53:41.002263'}
Traceback:
NoneType: None

==============================***=====================
2025-11-23 12:53:41 - hannariskpro - ERROR - Error en Endpoint: GET /api/dashboard/actions_critical (REQUEST) - Status: 200: NoneType - None


==============================***=====================
Timestamp: 2025-11-23 12:53:41
Contexto: Endpoint: GET /api/dashboard/trends (REQUEST) - Status: 200
Tipo de Error: NoneType
Mensaje: None
Información Adicional:
  endpoint: GET /api/dashboard/trends
  method: REQUEST
  status_code: 200
  request_data: {'method': 'GET', 'path': '/api/dashboard/trends', 'user_agent': 'Mozilla/5.0 (Windows NT 10.0; Win64; x64) AppleWebKit/537.36 (KHTML, like Gecko) Chrome/142.0.0.0 Safari/537.36', 'ip_address': '127.0.0.1', 'timestamp': '2025-11-23T12:53:41.008306'}
Traceback:
NoneType: None

==============================***=====================
2025-11-23 12:53:41 - hannariskpro - ERROR - Error en Endpoint: GET /api/dashboard/trends (REQUEST) - Status: 200: NoneType - None


==============================***=====================
Timestamp: 2025-11-23 12:53:41
Contexto: Endpoint: GET /api/dashboard/activity (REQUEST) - Status: 200
Tipo de Error: NoneType
Mensaje: None
Información Adicional:
  endpoint: GET /api/dashboard/activity
  method: REQUEST
  status_code: 200
  request_data: {'method': 'GET', 'path': '/api/dashboard/activity', 'user_agent': 'Mozilla/5.0 (Windows NT 10.0; Win64; x64) AppleWebKit/537.36 (KHTML, like Gecko) Chrome/142.0.0.0 Safari/537.36', 'ip_address': '127.0.0.1', 'timestamp': '2025-11-23T12:53:41.014351'}
Traceback:
NoneType: None

==============================***=====================
2025-11-23 12:53:41 - hannariskpro - ERROR - Error en Endpoint: GET /api/dashboard/activity (REQUEST) - Status: 200: NoneType - None


==============================***=====================
Timestamp: 2025-11-23 12:53:41
Contexto: Endpoint: http://localhost:8092/api/dashboard/by_location (GET) - Status: 401
Tipo de Error: BaseAPIException
Mensaje: 
Información Adicional:
  endpoint: http://localhost:8092/api/dashboard/by_location
  method: GET
  status_code: 401
  request_data: {'request_id': 'c164069a-e1de-4cb0-b911-63be26e922eb', 'error_code': 'FASTAPI_401', 'detail': 'Se requiere autenticación'}
Traceback:
Traceback (most recent call last):
  File "D:\DEVFULLAPP\appPHAV3\.venv\Lib\site-packages\starlette\middleware\exceptions.py", line 68, in __call__
    await self.app(scope, receive, sender)
  File "D:\DEVFULLAPP\appPHAV3\.venv\Lib\site-packages\fastapi\middleware\asyncexitstack.py", line 20, in __call__
    raise e
  File "D:\DEVFULLAPP\appPHAV3\.venv\Lib\site-packages\fastapi\middleware\asyncexitstack.py", line 17, in __call__
    await self.app(scope, receive, send)
  File "D:\DEVFULLAPP\appPHAV3\.venv\Lib\site-packages\starlette\routing.py", line 718, in __call__
    await route.handle(scope, receive, send)
  File "D:\DEVFULLAPP\appPHAV3\.venv\Lib\site-packages\starlette\routing.py", line 276, in handle
    await self.app(scope, receive, send)
  File "D:\DEVFULLAPP\appPHAV3\.venv\Lib\site-packages\starlette\routing.py", line 66, in app
    response = await func(request)
               ^^^^^^^^^^^^^^^^^^^
  File "D:\DEVFULLAPP\appPHAV3\.venv\Lib\site-packages\fastapi\routing.py", line 273, in app
    raw_response = await run_endpoint_function(
                   ^^^^^^^^^^^^^^^^^^^^^^^^^^^^
  File "D:\DEVFULLAPP\appPHAV3\.venv\Lib\site-packages\fastapi\routing.py", line 192, in run_endpoint_function
    return await run_in_threadpool(dependant.call, **values)
           ^^^^^^^^^^^^^^^^^^^^^^^^^^^^^^^^^^^^^^^^^^^^^^^^^
  File "D:\DEVFULLAPP\appPHAV3\.venv\Lib\site-packages\starlette\concurrency.py", line 41, in run_in_threadpool
    return await anyio.to_thread.run_sync(func, *args)
           ^^^^^^^^^^^^^^^^^^^^^^^^^^^^^^^^^^^^^^^^^^^
  File "D:\DEVFULLAPP\appPHAV3\.venv\Lib\site-packages\anyio\to_thread.py", line 56, in run_sync
    return await get_async_backend().run_sync_in_worker_thread(
           ^^^^^^^^^^^^^^^^^^^^^^^^^^^^^^^^^^^^^^^^^^^^^^^^^^^^
  File "D:\DEVFULLAPP\appPHAV3\.venv\Lib\site-packages\anyio\_backends\_asyncio.py", line 2485, in run_sync_in_worker_thread
    return await future
           ^^^^^^^^^^^^
  File "D:\DEVFULLAPP\appPHAV3\.venv\Lib\site-packages\anyio\_backends\_asyncio.py", line 976, in run
    result = context.run(func, *args)
             ^^^^^^^^^^^^^^^^^^^^^^^^
  File "d:\DEVFULLAPP\appPHAV3\backend\main.py", line 1871, in dashboard_by_location
    raise HTTPException(status_code=401, detail='Se requiere autenticación')
fastapi.exceptions.HTTPException

==============================***=====================
2025-11-23 12:53:41 - hannariskpro - ERROR - Error en Endpoint: http://localhost:8092/api/dashboard/by_location (GET) - Status: 401: BaseAPIException - 


==============================***=====================
Timestamp: 2025-11-23 12:53:41
Contexto: Endpoint: http://localhost:8092/api/dashboard/by_level (GET) - Status: 401
Tipo de Error: BaseAPIException
Mensaje: 
Información Adicional:
  endpoint: http://localhost:8092/api/dashboard/by_level
  method: GET
  status_code: 401
  request_data: {'request_id': 'fa302b37-7489-4425-afa1-78f3c571bb5f', 'error_code': 'FASTAPI_401', 'detail': 'Se requiere autenticación'}
Traceback:
Traceback (most recent call last):
  File "D:\DEVFULLAPP\appPHAV3\.venv\Lib\site-packages\starlette\middleware\exceptions.py", line 68, in __call__
    await self.app(scope, receive, sender)
  File "D:\DEVFULLAPP\appPHAV3\.venv\Lib\site-packages\fastapi\middleware\asyncexitstack.py", line 20, in __call__
    raise e
  File "D:\DEVFULLAPP\appPHAV3\.venv\Lib\site-packages\fastapi\middleware\asyncexitstack.py", line 17, in __call__
    await self.app(scope, receive, send)
  File "D:\DEVFULLAPP\appPHAV3\.venv\Lib\site-packages\starlette\routing.py", line 718, in __call__
    await route.handle(scope, receive, send)
  File "D:\DEVFULLAPP\appPHAV3\.venv\Lib\site-packages\starlette\routing.py", line 276, in handle
    await self.app(scope, receive, send)
  File "D:\DEVFULLAPP\appPHAV3\.venv\Lib\site-packages\starlette\routing.py", line 66, in app
    response = await func(request)
               ^^^^^^^^^^^^^^^^^^^
  File "D:\DEVFULLAPP\appPHAV3\.venv\Lib\site-packages\fastapi\routing.py", line 273, in app
    raw_response = await run_endpoint_function(
                   ^^^^^^^^^^^^^^^^^^^^^^^^^^^^
  File "D:\DEVFULLAPP\appPHAV3\.venv\Lib\site-packages\fastapi\routing.py", line 192, in run_endpoint_function
    return await run_in_threadpool(dependant.call, **values)
           ^^^^^^^^^^^^^^^^^^^^^^^^^^^^^^^^^^^^^^^^^^^^^^^^^
  File "D:\DEVFULLAPP\appPHAV3\.venv\Lib\site-packages\starlette\concurrency.py", line 41, in run_in_threadpool
    return await anyio.to_thread.run_sync(func, *args)
           ^^^^^^^^^^^^^^^^^^^^^^^^^^^^^^^^^^^^^^^^^^^
  File "D:\DEVFULLAPP\appPHAV3\.venv\Lib\site-packages\anyio\to_thread.py", line 56, in run_sync
    return await get_async_backend().run_sync_in_worker_thread(
           ^^^^^^^^^^^^^^^^^^^^^^^^^^^^^^^^^^^^^^^^^^^^^^^^^^^^
  File "D:\DEVFULLAPP\appPHAV3\.venv\Lib\site-packages\anyio\_backends\_asyncio.py", line 2485, in run_sync_in_worker_thread
    return await future
           ^^^^^^^^^^^^
  File "D:\DEVFULLAPP\appPHAV3\.venv\Lib\site-packages\anyio\_backends\_asyncio.py", line 976, in run
    result = context.run(func, *args)
             ^^^^^^^^^^^^^^^^^^^^^^^^
  File "d:\DEVFULLAPP\appPHAV3\backend\main.py", line 1849, in dashboard_by_level
    raise HTTPException(status_code=401, detail='Se requiere autenticación')
fastapi.exceptions.HTTPException

==============================***=====================
2025-11-23 12:53:41 - hannariskpro - ERROR - Error en Endpoint: http://localhost:8092/api/dashboard/by_level (GET) - Status: 401: BaseAPIException - 


==============================***=====================
Timestamp: 2025-11-23 12:53:41
Contexto: Endpoint: http://localhost:8092/api/dashboard/actions_critical (GET) - Status: 401
Tipo de Error: BaseAPIException
Mensaje: 
Información Adicional:
  endpoint: http://localhost:8092/api/dashboard/actions_critical
  method: GET
  status_code: 401
  request_data: {'request_id': 'ef49ed66-d7c5-445c-b497-cdda3797a17a', 'error_code': 'FASTAPI_401', 'detail': 'Se requiere autenticación'}
Traceback:
Traceback (most recent call last):
  File "D:\DEVFULLAPP\appPHAV3\.venv\Lib\site-packages\starlette\middleware\exceptions.py", line 68, in __call__
    await self.app(scope, receive, sender)
  File "D:\DEVFULLAPP\appPHAV3\.venv\Lib\site-packages\fastapi\middleware\asyncexitstack.py", line 20, in __call__
    raise e
  File "D:\DEVFULLAPP\appPHAV3\.venv\Lib\site-packages\fastapi\middleware\asyncexitstack.py", line 17, in __call__
    await self.app(scope, receive, send)
  File "D:\DEVFULLAPP\appPHAV3\.venv\Lib\site-packages\starlette\routing.py", line 718, in __call__
    await route.handle(scope, receive, send)
  File "D:\DEVFULLAPP\appPHAV3\.venv\Lib\site-packages\starlette\routing.py", line 276, in handle
    await self.app(scope, receive, send)
  File "D:\DEVFULLAPP\appPHAV3\.venv\Lib\site-packages\starlette\routing.py", line 66, in app
    response = await func(request)
               ^^^^^^^^^^^^^^^^^^^
  File "D:\DEVFULLAPP\appPHAV3\.venv\Lib\site-packages\fastapi\routing.py", line 273, in app
    raw_response = await run_endpoint_function(
                   ^^^^^^^^^^^^^^^^^^^^^^^^^^^^
  File "D:\DEVFULLAPP\appPHAV3\.venv\Lib\site-packages\fastapi\routing.py", line 192, in run_endpoint_function
    return await run_in_threadpool(dependant.call, **values)
           ^^^^^^^^^^^^^^^^^^^^^^^^^^^^^^^^^^^^^^^^^^^^^^^^^
  File "D:\DEVFULLAPP\appPHAV3\.venv\Lib\site-packages\starlette\concurrency.py", line 41, in run_in_threadpool
    return await anyio.to_thread.run_sync(func, *args)
           ^^^^^^^^^^^^^^^^^^^^^^^^^^^^^^^^^^^^^^^^^^^
  File "D:\DEVFULLAPP\appPHAV3\.venv\Lib\site-packages\anyio\to_thread.py", line 56, in run_sync
    return await get_async_backend().run_sync_in_worker_thread(
           ^^^^^^^^^^^^^^^^^^^^^^^^^^^^^^^^^^^^^^^^^^^^^^^^^^^^
  File "D:\DEVFULLAPP\appPHAV3\.venv\Lib\site-packages\anyio\_backends\_asyncio.py", line 2485, in run_sync_in_worker_thread
    return await future
           ^^^^^^^^^^^^
  File "D:\DEVFULLAPP\appPHAV3\.venv\Lib\site-packages\anyio\_backends\_asyncio.py", line 976, in run
    result = context.run(func, *args)
             ^^^^^^^^^^^^^^^^^^^^^^^^
  File "d:\DEVFULLAPP\appPHAV3\backend\main.py", line 1890, in dashboard_actions_critical
    raise HTTPException(status_code=401, detail='Se requiere autenticación')
fastapi.exceptions.HTTPException

==============================***=====================
2025-11-23 12:53:41 - hannariskpro - ERROR - Error en Endpoint: http://localhost:8092/api/dashboard/actions_critical (GET) - Status: 401: BaseAPIException - 


==============================***=====================
Timestamp: 2025-11-23 12:53:41
Contexto: Endpoint: http://localhost:8092/api/dashboard/trends?months=12 (GET) - Status: 401
Tipo de Error: BaseAPIException
Mensaje: 
Información Adicional:
  endpoint: http://localhost:8092/api/dashboard/trends?months=12
  method: GET
  status_code: 401
  request_data: {'request_id': '29b2bcd0-c540-43df-961c-31052cf47ad1', 'error_code': 'FASTAPI_401', 'detail': 'Se requiere autenticación'}
Traceback:
Traceback (most recent call last):
  File "D:\DEVFULLAPP\appPHAV3\.venv\Lib\site-packages\starlette\middleware\exceptions.py", line 68, in __call__
    await self.app(scope, receive, sender)
  File "D:\DEVFULLAPP\appPHAV3\.venv\Lib\site-packages\fastapi\middleware\asyncexitstack.py", line 20, in __call__
    raise e
  File "D:\DEVFULLAPP\appPHAV3\.venv\Lib\site-packages\fastapi\middleware\asyncexitstack.py", line 17, in __call__
    await self.app(scope, receive, send)
  File "D:\DEVFULLAPP\appPHAV3\.venv\Lib\site-packages\starlette\routing.py", line 718, in __call__
    await route.handle(scope, receive, send)
  File "D:\DEVFULLAPP\appPHAV3\.venv\Lib\site-packages\starlette\routing.py", line 276, in handle
    await self.app(scope, receive, send)
  File "D:\DEVFULLAPP\appPHAV3\.venv\Lib\site-packages\starlette\routing.py", line 66, in app
    response = await func(request)
               ^^^^^^^^^^^^^^^^^^^
  File "D:\DEVFULLAPP\appPHAV3\.venv\Lib\site-packages\fastapi\routing.py", line 273, in app
    raw_response = await run_endpoint_function(
                   ^^^^^^^^^^^^^^^^^^^^^^^^^^^^
  File "D:\DEVFULLAPP\appPHAV3\.venv\Lib\site-packages\fastapi\routing.py", line 192, in run_endpoint_function
    return await run_in_threadpool(dependant.call, **values)
           ^^^^^^^^^^^^^^^^^^^^^^^^^^^^^^^^^^^^^^^^^^^^^^^^^
  File "D:\DEVFULLAPP\appPHAV3\.venv\Lib\site-packages\starlette\concurrency.py", line 41, in run_in_threadpool
    return await anyio.to_thread.run_sync(func, *args)
           ^^^^^^^^^^^^^^^^^^^^^^^^^^^^^^^^^^^^^^^^^^^
  File "D:\DEVFULLAPP\appPHAV3\.venv\Lib\site-packages\anyio\to_thread.py", line 56, in run_sync
    return await get_async_backend().run_sync_in_worker_thread(
           ^^^^^^^^^^^^^^^^^^^^^^^^^^^^^^^^^^^^^^^^^^^^^^^^^^^^
  File "D:\DEVFULLAPP\appPHAV3\.venv\Lib\site-packages\anyio\_backends\_asyncio.py", line 2485, in run_sync_in_worker_thread
    return await future
           ^^^^^^^^^^^^
  File "D:\DEVFULLAPP\appPHAV3\.venv\Lib\site-packages\anyio\_backends\_asyncio.py", line 976, in run
    result = context.run(func, *args)
             ^^^^^^^^^^^^^^^^^^^^^^^^
  File "d:\DEVFULLAPP\appPHAV3\backend\main.py", line 1924, in dashboard_trends
    raise HTTPException(status_code=401, detail='Se requiere autenticación')
fastapi.exceptions.HTTPException

==============================***=====================
2025-11-23 12:53:41 - hannariskpro - ERROR - Error en Endpoint: http://localhost:8092/api/dashboard/trends?months=12 (GET) - Status: 401: BaseAPIException - 


==============================***=====================
Timestamp: 2025-11-23 12:53:41
Contexto: Endpoint: http://localhost:8092/api/dashboard/activity?limit=50 (GET) - Status: 401
Tipo de Error: BaseAPIException
Mensaje: 
Información Adicional:
  endpoint: http://localhost:8092/api/dashboard/activity?limit=50
  method: GET
  status_code: 401
  request_data: {'request_id': '883c28a9-25c9-4771-b53c-dbfd5db591a3', 'error_code': 'FASTAPI_401', 'detail': 'Se requiere autenticación'}
Traceback:
Traceback (most recent call last):
  File "D:\DEVFULLAPP\appPHAV3\.venv\Lib\site-packages\starlette\middleware\exceptions.py", line 68, in __call__
    await self.app(scope, receive, sender)
  File "D:\DEVFULLAPP\appPHAV3\.venv\Lib\site-packages\fastapi\middleware\asyncexitstack.py", line 20, in __call__
    raise e
  File "D:\DEVFULLAPP\appPHAV3\.venv\Lib\site-packages\fastapi\middleware\asyncexitstack.py", line 17, in __call__
    await self.app(scope, receive, send)
  File "D:\DEVFULLAPP\appPHAV3\.venv\Lib\site-packages\starlette\routing.py", line 718, in __call__
    await route.handle(scope, receive, send)
  File "D:\DEVFULLAPP\appPHAV3\.venv\Lib\site-packages\starlette\routing.py", line 276, in handle
    await self.app(scope, receive, send)
  File "D:\DEVFULLAPP\appPHAV3\.venv\Lib\site-packages\starlette\routing.py", line 66, in app
    response = await func(request)
               ^^^^^^^^^^^^^^^^^^^
  File "D:\DEVFULLAPP\appPHAV3\.venv\Lib\site-packages\fastapi\routing.py", line 273, in app
    raw_response = await run_endpoint_function(
                   ^^^^^^^^^^^^^^^^^^^^^^^^^^^^
  File "D:\DEVFULLAPP\appPHAV3\.venv\Lib\site-packages\fastapi\routing.py", line 192, in run_endpoint_function
    return await run_in_threadpool(dependant.call, **values)
           ^^^^^^^^^^^^^^^^^^^^^^^^^^^^^^^^^^^^^^^^^^^^^^^^^
  File "D:\DEVFULLAPP\appPHAV3\.venv\Lib\site-packages\starlette\concurrency.py", line 41, in run_in_threadpool
    return await anyio.to_thread.run_sync(func, *args)
           ^^^^^^^^^^^^^^^^^^^^^^^^^^^^^^^^^^^^^^^^^^^
  File "D:\DEVFULLAPP\appPHAV3\.venv\Lib\site-packages\anyio\to_thread.py", line 56, in run_sync
    return await get_async_backend().run_sync_in_worker_thread(
           ^^^^^^^^^^^^^^^^^^^^^^^^^^^^^^^^^^^^^^^^^^^^^^^^^^^^
  File "D:\DEVFULLAPP\appPHAV3\.venv\Lib\site-packages\anyio\_backends\_asyncio.py", line 2485, in run_sync_in_worker_thread
    return await future
           ^^^^^^^^^^^^
  File "D:\DEVFULLAPP\appPHAV3\.venv\Lib\site-packages\anyio\_backends\_asyncio.py", line 976, in run
    result = context.run(func, *args)
             ^^^^^^^^^^^^^^^^^^^^^^^^
  File "d:\DEVFULLAPP\appPHAV3\backend\main.py", line 1957, in dashboard_activity
    raise HTTPException(status_code=401, detail='Se requiere autenticación')
fastapi.exceptions.HTTPException

==============================***=====================
2025-11-23 12:53:41 - hannariskpro - ERROR - Error en Endpoint: http://localhost:8092/api/dashboard/activity?limit=50 (GET) - Status: 401: BaseAPIException - 


==============================***=====================
Timestamp: 2025-11-23 12:53:41
Contexto: Endpoint: GET /api/dashboard/by_location (RESPONSE) - Status: 401
Tipo de Error: NoneType
Mensaje: None
Información Adicional:
  endpoint: GET /api/dashboard/by_location
  method: RESPONSE
  status_code: 401
  request_data: {'method': 'GET', 'path': '/api/dashboard/by_location', 'status_code': 401, 'process_time': '0.2208s', 'ip_address': '127.0.0.1', 'timestamp': '2025-11-23T12:53:41.200482'}
Traceback:
NoneType: None

==============================***=====================
2025-11-23 12:53:41 - hannariskpro - ERROR - Error en Endpoint: GET /api/dashboard/by_location (RESPONSE) - Status: 401: NoneType - None


==============================***=====================
Timestamp: 2025-11-23 12:53:41
Contexto: Endpoint: GET /api/dashboard/by_level (RESPONSE) - Status: 401
Tipo de Error: NoneType
Mensaje: None
Información Adicional:
  endpoint: GET /api/dashboard/by_level
  method: RESPONSE
  status_code: 401
  request_data: {'method': 'GET', 'path': '/api/dashboard/by_level', 'status_code': 401, 'process_time': '0.2269s', 'ip_address': '127.0.0.1', 'timestamp': '2025-11-23T12:53:41.208538'}
Traceback:
NoneType: None

==============================***=====================
2025-11-23 12:53:41 - hannariskpro - ERROR - Error en Endpoint: GET /api/dashboard/by_level (RESPONSE) - Status: 401: NoneType - None


==============================***=====================
Timestamp: 2025-11-23 12:53:41
Contexto: Endpoint: GET /api/dashboard/actions_critical (RESPONSE) - Status: 401
Tipo de Error: NoneType
Mensaje: None
Información Adicional:
  endpoint: GET /api/dashboard/actions_critical
  method: RESPONSE
  status_code: 401
  request_data: {'method': 'GET', 'path': '/api/dashboard/actions_critical', 'status_code': 401, 'process_time': '0.2244s', 'ip_address': '127.0.0.1', 'timestamp': '2025-11-23T12:53:41.226676'}
Traceback:
NoneType: None

==============================***=====================
2025-11-23 12:53:41 - hannariskpro - ERROR - Error en Endpoint: GET /api/dashboard/actions_critical (RESPONSE) - Status: 401: NoneType - None


==============================***=====================
Timestamp: 2025-11-23 12:53:41
Contexto: Endpoint: GET /api/dashboard/trends (RESPONSE) - Status: 401
Tipo de Error: NoneType
Mensaje: None
Información Adicional:
  endpoint: GET /api/dashboard/trends
  method: RESPONSE
  status_code: 401
  request_data: {'method': 'GET', 'path': '/api/dashboard/trends', 'status_code': 401, 'process_time': '0.2224s', 'ip_address': '127.0.0.1', 'timestamp': '2025-11-23T12:53:41.230709'}
Traceback:
NoneType: None

==============================***=====================
2025-11-23 12:53:41 - hannariskpro - ERROR - Error en Endpoint: GET /api/dashboard/trends (RESPONSE) - Status: 401: NoneType - None


==============================***=====================
Timestamp: 2025-11-23 12:53:41
Contexto: Endpoint: GET /api/dashboard/activity (RESPONSE) - Status: 401
Tipo de Error: NoneType
Mensaje: None
Información Adicional:
  endpoint: GET /api/dashboard/activity
  method: RESPONSE
  status_code: 401
  request_data: {'method': 'GET', 'path': '/api/dashboard/activity', 'status_code': 401, 'process_time': '0.2285s', 'ip_address': '127.0.0.1', 'timestamp': '2025-11-23T12:53:41.242819'}
Traceback:
NoneType: None

==============================***=====================
2025-11-23 12:53:41 - hannariskpro - ERROR - Error en Endpoint: GET /api/dashboard/activity (RESPONSE) - Status: 401: NoneType - None


==============================***=====================
Timestamp: 2025-11-23 12:53:56
Contexto: Endpoint: GET /api/dashboard/kpis (REQUEST) - Status: 200
Tipo de Error: NoneType
Mensaje: None
Información Adicional:
  endpoint: GET /api/dashboard/kpis
  method: REQUEST
  status_code: 200
  request_data: {'method': 'GET', 'path': '/api/dashboard/kpis', 'user_agent': 'Mozilla/5.0 (Windows NT 10.0; Win64; x64) AppleWebKit/537.36 (KHTML, like Gecko) Chrome/142.0.0.0 Safari/537.36', 'ip_address': '127.0.0.1', 'timestamp': '2025-11-23T12:53:56.375127'}
Traceback:
NoneType: None

==============================***=====================
2025-11-23 12:53:56 - hannariskpro - ERROR - Error en Endpoint: GET /api/dashboard/kpis (REQUEST) - Status: 200: NoneType - None


==============================***=====================
Timestamp: 2025-11-23 12:53:56
Contexto: Endpoint: GET /api/me (REQUEST) - Status: 200
Tipo de Error: NoneType
Mensaje: None
Información Adicional:
  endpoint: GET /api/me
  method: REQUEST
  status_code: 200
  request_data: {'method': 'GET', 'path': '/api/me', 'user_agent': 'Mozilla/5.0 (Windows NT 10.0; Win64; x64) AppleWebKit/537.36 (KHTML, like Gecko) Chrome/142.0.0.0 Safari/537.36', 'ip_address': '127.0.0.1', 'timestamp': '2025-11-23T12:53:56.386223'}
Traceback:
NoneType: None

==============================***=====================
2025-11-23 12:53:56 - hannariskpro - ERROR - Error en Endpoint: GET /api/me (REQUEST) - Status: 200: NoneType - None


==============================***=====================
Timestamp: 2025-11-23 12:53:56
Contexto: Endpoint: GET /api/dashboard/risk_matrix (REQUEST) - Status: 200
Tipo de Error: NoneType
Mensaje: None
Información Adicional:
  endpoint: GET /api/dashboard/risk_matrix
  method: REQUEST
  status_code: 200
  request_data: {'method': 'GET', 'path': '/api/dashboard/risk_matrix', 'user_agent': 'Mozilla/5.0 (Windows NT 10.0; Win64; x64) AppleWebKit/537.36 (KHTML, like Gecko) Chrome/142.0.0.0 Safari/537.36', 'ip_address': '127.0.0.1', 'timestamp': '2025-11-23T12:53:56.404045'}
Traceback:
NoneType: None

==============================***=====================
2025-11-23 12:53:56 - hannariskpro - ERROR - Error en Endpoint: GET /api/dashboard/risk_matrix (REQUEST) - Status: 200: NoneType - None


==============================***=====================
Timestamp: 2025-11-23 12:53:56
Contexto: Endpoint: GET /api/me (RESPONSE) - Status: 200
Tipo de Error: NoneType
Mensaje: None
Información Adicional:
  endpoint: GET /api/me
  method: RESPONSE
  status_code: 200
  request_data: {'method': 'GET', 'path': '/api/me', 'status_code': 200, 'process_time': '0.0336s', 'ip_address': '127.0.0.1', 'timestamp': '2025-11-23T12:53:56.419855'}
Traceback:
NoneType: None

==============================***=====================
2025-11-23 12:53:56 - hannariskpro - ERROR - Error en Endpoint: GET /api/me (RESPONSE) - Status: 200: NoneType - None


==============================***=====================
Timestamp: 2025-11-23 12:53:56
Contexto: Endpoint: GET /api/dashboard/kpis (RESPONSE) - Status: 200
Tipo de Error: NoneType
Mensaje: None
Información Adicional:
  endpoint: GET /api/dashboard/kpis
  method: RESPONSE
  status_code: 200
  request_data: {'method': 'GET', 'path': '/api/dashboard/kpis', 'status_code': 200, 'process_time': '0.0613s', 'ip_address': '127.0.0.1', 'timestamp': '2025-11-23T12:53:56.436438'}
Traceback:
NoneType: None

==============================***=====================
2025-11-23 12:53:56 - hannariskpro - ERROR - Error en Endpoint: GET /api/dashboard/kpis (RESPONSE) - Status: 200: NoneType - None


==============================***=====================
Timestamp: 2025-11-23 12:53:56
Contexto: Endpoint: GET /api/dashboard/by_level (REQUEST) - Status: 200
Tipo de Error: NoneType
Mensaje: None
Información Adicional:
  endpoint: GET /api/dashboard/by_level
  method: REQUEST
  status_code: 200
  request_data: {'method': 'GET', 'path': '/api/dashboard/by_level', 'user_agent': 'Mozilla/5.0 (Windows NT 10.0; Win64; x64) AppleWebKit/537.36 (KHTML, like Gecko) Chrome/142.0.0.0 Safari/537.36', 'ip_address': '127.0.0.1', 'timestamp': '2025-11-23T12:53:56.448182'}
Traceback:
NoneType: None

==============================***=====================
2025-11-23 12:53:56 - hannariskpro - ERROR - Error en Endpoint: GET /api/dashboard/by_level (REQUEST) - Status: 200: NoneType - None


==============================***=====================
Timestamp: 2025-11-23 12:53:56
Contexto: Endpoint: GET /api/dashboard/risk_matrix (RESPONSE) - Status: 200
Tipo de Error: NoneType
Mensaje: None
Información Adicional:
  endpoint: GET /api/dashboard/risk_matrix
  method: RESPONSE
  status_code: 200
  request_data: {'method': 'GET', 'path': '/api/dashboard/risk_matrix', 'status_code': 200, 'process_time': '0.0552s', 'ip_address': '127.0.0.1', 'timestamp': '2025-11-23T12:53:56.459227'}
Traceback:
NoneType: None

==============================***=====================
2025-11-23 12:53:56 - hannariskpro - ERROR - Error en Endpoint: GET /api/dashboard/risk_matrix (RESPONSE) - Status: 200: NoneType - None


==============================***=====================
Timestamp: 2025-11-23 12:53:56
Contexto: Endpoint: GET /api/dashboard/by_location (REQUEST) - Status: 200
Tipo de Error: NoneType
Mensaje: None
Información Adicional:
  endpoint: GET /api/dashboard/by_location
  method: REQUEST
  status_code: 200
  request_data: {'method': 'GET', 'path': '/api/dashboard/by_location', 'user_agent': 'Mozilla/5.0 (Windows NT 10.0; Win64; x64) AppleWebKit/537.36 (KHTML, like Gecko) Chrome/142.0.0.0 Safari/537.36', 'ip_address': '127.0.0.1', 'timestamp': '2025-11-23T12:53:56.475347'}
Traceback:
NoneType: None

==============================***=====================
2025-11-23 12:53:56 - hannariskpro - ERROR - Error en Endpoint: GET /api/dashboard/by_location (REQUEST) - Status: 200: NoneType - None


==============================***=====================
Timestamp: 2025-11-23 12:53:56
Contexto: Endpoint: GET /api/dashboard/actions_critical (REQUEST) - Status: 200
Tipo de Error: NoneType
Mensaje: None
Información Adicional:
  endpoint: GET /api/dashboard/actions_critical
  method: REQUEST
  status_code: 200
  request_data: {'method': 'GET', 'path': '/api/dashboard/actions_critical', 'user_agent': 'Mozilla/5.0 (Windows NT 10.0; Win64; x64) AppleWebKit/537.36 (KHTML, like Gecko) Chrome/142.0.0.0 Safari/537.36', 'ip_address': '127.0.0.1', 'timestamp': '2025-11-23T12:53:56.481392'}
Traceback:
NoneType: None

==============================***=====================
2025-11-23 12:53:56 - hannariskpro - ERROR - Error en Endpoint: GET /api/dashboard/actions_critical (REQUEST) - Status: 200: NoneType - None


==============================***=====================
Timestamp: 2025-11-23 12:53:56
Contexto: Endpoint: GET /api/dashboard/by_level (RESPONSE) - Status: 200
Tipo de Error: NoneType
Mensaje: None
Información Adicional:
  endpoint: GET /api/dashboard/by_level
  method: RESPONSE
  status_code: 200
  request_data: {'method': 'GET', 'path': '/api/dashboard/by_level', 'status_code': 200, 'process_time': '0.0399s', 'ip_address': '127.0.0.1', 'timestamp': '2025-11-23T12:53:56.488112'}
Traceback:
NoneType: None

==============================***=====================
2025-11-23 12:53:56 - hannariskpro - ERROR - Error en Endpoint: GET /api/dashboard/by_level (RESPONSE) - Status: 200: NoneType - None


==============================***=====================
Timestamp: 2025-11-23 12:53:56
Contexto: Endpoint: GET /api/dashboard/activity (REQUEST) - Status: 200
Tipo de Error: NoneType
Mensaje: None
Información Adicional:
  endpoint: GET /api/dashboard/activity
  method: REQUEST
  status_code: 200
  request_data: {'method': 'GET', 'path': '/api/dashboard/activity', 'user_agent': 'Mozilla/5.0 (Windows NT 10.0; Win64; x64) AppleWebKit/537.36 (KHTML, like Gecko) Chrome/142.0.0.0 Safari/537.36', 'ip_address': '127.0.0.1', 'timestamp': '2025-11-23T12:53:56.505733'}
Traceback:
NoneType: None

==============================***=====================
2025-11-23 12:53:56 - hannariskpro - ERROR - Error en Endpoint: GET /api/dashboard/activity (REQUEST) - Status: 200: NoneType - None


==============================***=====================
Timestamp: 2025-11-23 12:53:56
Contexto: Endpoint: GET /api/dashboard/by_location (RESPONSE) - Status: 200
Tipo de Error: NoneType
Mensaje: None
Información Adicional:
  endpoint: GET /api/dashboard/by_location
  method: RESPONSE
  status_code: 200
  request_data: {'method': 'GET', 'path': '/api/dashboard/by_location', 'status_code': 200, 'process_time': '0.0392s', 'ip_address': '127.0.0.1', 'timestamp': '2025-11-23T12:53:56.514507'}
Traceback:
NoneType: None

==============================***=====================
2025-11-23 12:53:56 - hannariskpro - ERROR - Error en Endpoint: GET /api/dashboard/by_location (RESPONSE) - Status: 200: NoneType - None


==============================***=====================
Timestamp: 2025-11-23 12:53:56
Contexto: Endpoint: GET /api/dashboard/actions_critical (RESPONSE) - Status: 200
Tipo de Error: NoneType
Mensaje: None
Información Adicional:
  endpoint: GET /api/dashboard/actions_critical
  method: RESPONSE
  status_code: 200
  request_data: {'method': 'GET', 'path': '/api/dashboard/actions_critical', 'status_code': 200, 'process_time': '0.0394s', 'ip_address': '127.0.0.1', 'timestamp': '2025-11-23T12:53:56.520825'}
Traceback:
NoneType: None

==============================***=====================
2025-11-23 12:53:56 - hannariskpro - ERROR - Error en Endpoint: GET /api/dashboard/actions_critical (RESPONSE) - Status: 200: NoneType - None


==============================***=====================
Timestamp: 2025-11-23 12:53:56
Contexto: Endpoint: GET /api/dashboard/trends (REQUEST) - Status: 200
Tipo de Error: NoneType
Mensaje: None
Información Adicional:
  endpoint: GET /api/dashboard/trends
  method: REQUEST
  status_code: 200
  request_data: {'method': 'GET', 'path': '/api/dashboard/trends', 'user_agent': 'Mozilla/5.0 (Windows NT 10.0; Win64; x64) AppleWebKit/537.36 (KHTML, like Gecko) Chrome/142.0.0.0 Safari/537.36', 'ip_address': '127.0.0.1', 'timestamp': '2025-11-23T12:53:56.540039'}
Traceback:
NoneType: None

==============================***=====================
2025-11-23 12:53:56 - hannariskpro - ERROR - Error en Endpoint: GET /api/dashboard/trends (REQUEST) - Status: 200: NoneType - None


==============================***=====================
Timestamp: 2025-11-23 12:53:56
Contexto: Endpoint: GET /api/dashboard/activity (RESPONSE) - Status: 200
Tipo de Error: NoneType
Mensaje: None
Información Adicional:
  endpoint: GET /api/dashboard/activity
  method: RESPONSE
  status_code: 200
  request_data: {'method': 'GET', 'path': '/api/dashboard/activity', 'status_code': 200, 'process_time': '0.0399s', 'ip_address': '127.0.0.1', 'timestamp': '2025-11-23T12:53:56.545585'}
Traceback:
NoneType: None

==============================***=====================
2025-11-23 12:53:56 - hannariskpro - ERROR - Error en Endpoint: GET /api/dashboard/activity (RESPONSE) - Status: 200: NoneType - None


==============================***=====================
Timestamp: 2025-11-23 12:53:56
Contexto: Endpoint: GET /api/me (REQUEST) - Status: 200
Tipo de Error: NoneType
Mensaje: None
Información Adicional:
  endpoint: GET /api/me
  method: REQUEST
  status_code: 200
  request_data: {'method': 'GET', 'path': '/api/me', 'user_agent': 'Mozilla/5.0 (Windows NT 10.0; Win64; x64) AppleWebKit/537.36 (KHTML, like Gecko) Chrome/142.0.0.0 Safari/537.36', 'ip_address': '127.0.0.1', 'timestamp': '2025-11-23T12:53:56.554024'}
Traceback:
NoneType: None

==============================***=====================
2025-11-23 12:53:56 - hannariskpro - ERROR - Error en Endpoint: GET /api/me (REQUEST) - Status: 200: NoneType - None


==============================***=====================
Timestamp: 2025-11-23 12:53:56
Contexto: Endpoint: GET /api/dashboard/kpis (REQUEST) - Status: 200
Tipo de Error: NoneType
Mensaje: None
Información Adicional:
  endpoint: GET /api/dashboard/kpis
  method: REQUEST
  status_code: 200
  request_data: {'method': 'GET', 'path': '/api/dashboard/kpis', 'user_agent': 'Mozilla/5.0 (Windows NT 10.0; Win64; x64) AppleWebKit/537.36 (KHTML, like Gecko) Chrome/142.0.0.0 Safari/537.36', 'ip_address': '127.0.0.1', 'timestamp': '2025-11-23T12:53:56.568862'}
Traceback:
NoneType: None

==============================***=====================
2025-11-23 12:53:56 - hannariskpro - ERROR - Error en Endpoint: GET /api/dashboard/kpis (REQUEST) - Status: 200: NoneType - None


==============================***=====================
Timestamp: 2025-11-23 12:53:56
Contexto: Endpoint: GET /api/me (RESPONSE) - Status: 200
Tipo de Error: NoneType
Mensaje: None
Información Adicional:
  endpoint: GET /api/me
  method: RESPONSE
  status_code: 200
  request_data: {'method': 'GET', 'path': '/api/me', 'status_code': 200, 'process_time': '0.0246s', 'ip_address': '127.0.0.1', 'timestamp': '2025-11-23T12:53:56.578625'}
Traceback:
NoneType: None

==============================***=====================
2025-11-23 12:53:56 - hannariskpro - ERROR - Error en Endpoint: GET /api/me (RESPONSE) - Status: 200: NoneType - None


==============================***=====================
Timestamp: 2025-11-23 12:53:56
Contexto: Endpoint: GET /api/dashboard/risk_matrix (REQUEST) - Status: 200
Tipo de Error: NoneType
Mensaje: None
Información Adicional:
  endpoint: GET /api/dashboard/risk_matrix
  method: REQUEST
  status_code: 200
  request_data: {'method': 'GET', 'path': '/api/dashboard/risk_matrix', 'user_agent': 'Mozilla/5.0 (Windows NT 10.0; Win64; x64) AppleWebKit/537.36 (KHTML, like Gecko) Chrome/142.0.0.0 Safari/537.36', 'ip_address': '127.0.0.1', 'timestamp': '2025-11-23T12:53:56.595071'}
Traceback:
NoneType: None

==============================***=====================
2025-11-23 12:53:56 - hannariskpro - ERROR - Error en Endpoint: GET /api/dashboard/risk_matrix (REQUEST) - Status: 200: NoneType - None


==============================***=====================
Timestamp: 2025-11-23 12:53:56
Contexto: Endpoint: GET /api/dashboard/trends (RESPONSE) - Status: 200
Tipo de Error: NoneType
Mensaje: None
Información Adicional:
  endpoint: GET /api/dashboard/trends
  method: RESPONSE
  status_code: 200
  request_data: {'method': 'GET', 'path': '/api/dashboard/trends', 'status_code': 200, 'process_time': '0.0628s', 'ip_address': '127.0.0.1', 'timestamp': '2025-11-23T12:53:56.602872'}
Traceback:
NoneType: None

==============================***=====================
2025-11-23 12:53:56 - hannariskpro - ERROR - Error en Endpoint: GET /api/dashboard/trends (RESPONSE) - Status: 200: NoneType - None


==============================***=====================
Timestamp: 2025-11-23 12:53:56
Contexto: Endpoint: GET /api/dashboard/kpis (RESPONSE) - Status: 200
Tipo de Error: NoneType
Mensaje: None
Información Adicional:
  endpoint: GET /api/dashboard/kpis
  method: RESPONSE
  status_code: 200
  request_data: {'method': 'GET', 'path': '/api/dashboard/kpis', 'status_code': 200, 'process_time': '0.0481s', 'ip_address': '127.0.0.1', 'timestamp': '2025-11-23T12:53:56.616942'}
Traceback:
NoneType: None

==============================***=====================
2025-11-23 12:53:56 - hannariskpro - ERROR - Error en Endpoint: GET /api/dashboard/kpis (RESPONSE) - Status: 200: NoneType - None


==============================***=====================
Timestamp: 2025-11-23 12:53:56
Contexto: Endpoint: GET /api/dashboard/by_level (REQUEST) - Status: 200
Tipo de Error: NoneType
Mensaje: None
Información Adicional:
  endpoint: GET /api/dashboard/by_level
  method: REQUEST
  status_code: 200
  request_data: {'method': 'GET', 'path': '/api/dashboard/by_level', 'user_agent': 'Mozilla/5.0 (Windows NT 10.0; Win64; x64) AppleWebKit/537.36 (KHTML, like Gecko) Chrome/142.0.0.0 Safari/537.36', 'ip_address': '127.0.0.1', 'timestamp': '2025-11-23T12:53:56.625120'}
Traceback:
NoneType: None

==============================***=====================
2025-11-23 12:53:56 - hannariskpro - ERROR - Error en Endpoint: GET /api/dashboard/by_level (REQUEST) - Status: 200: NoneType - None


==============================***=====================
Timestamp: 2025-11-23 12:53:56
Contexto: Endpoint: GET /api/dashboard/by_location (REQUEST) - Status: 200
Tipo de Error: NoneType
Mensaje: None
Información Adicional:
  endpoint: GET /api/dashboard/by_location
  method: REQUEST
  status_code: 200
  request_data: {'method': 'GET', 'path': '/api/dashboard/by_location', 'user_agent': 'Mozilla/5.0 (Windows NT 10.0; Win64; x64) AppleWebKit/537.36 (KHTML, like Gecko) Chrome/142.0.0.0 Safari/537.36', 'ip_address': '127.0.0.1', 'timestamp': '2025-11-23T12:53:56.633199'}
Traceback:
NoneType: None

==============================***=====================
2025-11-23 12:53:56 - hannariskpro - ERROR - Error en Endpoint: GET /api/dashboard/by_location (REQUEST) - Status: 200: NoneType - None


==============================***=====================
Timestamp: 2025-11-23 12:53:56
Contexto: Endpoint: GET /api/dashboard/risk_matrix (RESPONSE) - Status: 200
Tipo de Error: NoneType
Mensaje: None
Información Adicional:
  endpoint: GET /api/dashboard/risk_matrix
  method: RESPONSE
  status_code: 200
  request_data: {'method': 'GET', 'path': '/api/dashboard/risk_matrix', 'status_code': 200, 'process_time': '0.0381s', 'ip_address': '127.0.0.1', 'timestamp': '2025-11-23T12:53:56.633199'}
Traceback:
NoneType: None

==============================***=====================
2025-11-23 12:53:56 - hannariskpro - ERROR - Error en Endpoint: GET /api/dashboard/risk_matrix (RESPONSE) - Status: 200: NoneType - None


==============================***=====================
Timestamp: 2025-11-23 12:53:56
Contexto: Endpoint: GET /api/dashboard/actions_critical (REQUEST) - Status: 200
Tipo de Error: NoneType
Mensaje: None
Información Adicional:
  endpoint: GET /api/dashboard/actions_critical
  method: REQUEST
  status_code: 200
  request_data: {'method': 'GET', 'path': '/api/dashboard/actions_critical', 'user_agent': 'Mozilla/5.0 (Windows NT 10.0; Win64; x64) AppleWebKit/537.36 (KHTML, like Gecko) Chrome/142.0.0.0 Safari/537.36', 'ip_address': '127.0.0.1', 'timestamp': '2025-11-23T12:53:56.649386'}
Traceback:
NoneType: None

==============================***=====================
2025-11-23 12:53:56 - hannariskpro - ERROR - Error en Endpoint: GET /api/dashboard/actions_critical (REQUEST) - Status: 200: NoneType - None


==============================***=====================
Timestamp: 2025-11-23 12:53:56
Contexto: Endpoint: GET /api/dashboard/by_level (RESPONSE) - Status: 200
Tipo de Error: NoneType
Mensaje: None
Información Adicional:
  endpoint: GET /api/dashboard/by_level
  method: RESPONSE
  status_code: 200
  request_data: {'method': 'GET', 'path': '/api/dashboard/by_level', 'status_code': 200, 'process_time': '0.0401s', 'ip_address': '127.0.0.1', 'timestamp': '2025-11-23T12:53:56.665220'}
Traceback:
NoneType: None

==============================***=====================
2025-11-23 12:53:56 - hannariskpro - ERROR - Error en Endpoint: GET /api/dashboard/by_level (RESPONSE) - Status: 200: NoneType - None


==============================***=====================
Timestamp: 2025-11-23 12:53:56
Contexto: Endpoint: GET /api/dashboard/activity (REQUEST) - Status: 200
Tipo de Error: NoneType
Mensaje: None
Información Adicional:
  endpoint: GET /api/dashboard/activity
  method: REQUEST
  status_code: 200
  request_data: {'method': 'GET', 'path': '/api/dashboard/activity', 'user_agent': 'Mozilla/5.0 (Windows NT 10.0; Win64; x64) AppleWebKit/537.36 (KHTML, like Gecko) Chrome/142.0.0.0 Safari/537.36', 'ip_address': '127.0.0.1', 'timestamp': '2025-11-23T12:53:56.682473'}
Traceback:
NoneType: None

==============================***=====================
2025-11-23 12:53:56 - hannariskpro - ERROR - Error en Endpoint: GET /api/dashboard/activity (REQUEST) - Status: 200: NoneType - None


==============================***=====================
Timestamp: 2025-11-23 12:53:56
Contexto: Endpoint: GET /api/dashboard/by_location (RESPONSE) - Status: 200
Tipo de Error: NoneType
Mensaje: None
Información Adicional:
  endpoint: GET /api/dashboard/by_location
  method: RESPONSE
  status_code: 200
  request_data: {'method': 'GET', 'path': '/api/dashboard/by_location', 'status_code': 200, 'process_time': '0.0493s', 'ip_address': '127.0.0.1', 'timestamp': '2025-11-23T12:53:56.682473'}
Traceback:
NoneType: None

==============================***=====================
2025-11-23 12:53:56 - hannariskpro - ERROR - Error en Endpoint: GET /api/dashboard/by_location (RESPONSE) - Status: 200: NoneType - None


==============================***=====================
Timestamp: 2025-11-23 12:53:56
Contexto: Endpoint: GET /api/dashboard/trends (REQUEST) - Status: 200
Tipo de Error: NoneType
Mensaje: None
Información Adicional:
  endpoint: GET /api/dashboard/trends
  method: REQUEST
  status_code: 200
  request_data: {'method': 'GET', 'path': '/api/dashboard/trends', 'user_agent': 'Mozilla/5.0 (Windows NT 10.0; Win64; x64) AppleWebKit/537.36 (KHTML, like Gecko) Chrome/142.0.0.0 Safari/537.36', 'ip_address': '127.0.0.1', 'timestamp': '2025-11-23T12:53:56.698251'}
Traceback:
NoneType: None

==============================***=====================
2025-11-23 12:53:56 - hannariskpro - ERROR - Error en Endpoint: GET /api/dashboard/trends (REQUEST) - Status: 200: NoneType - None


==============================***=====================
Timestamp: 2025-11-23 12:53:56
Contexto: Endpoint: GET /api/dashboard/actions_critical (RESPONSE) - Status: 200
Tipo de Error: NoneType
Mensaje: None
Información Adicional:
  endpoint: GET /api/dashboard/actions_critical
  method: RESPONSE
  status_code: 200
  request_data: {'method': 'GET', 'path': '/api/dashboard/actions_critical', 'status_code': 200, 'process_time': '0.0606s', 'ip_address': '127.0.0.1', 'timestamp': '2025-11-23T12:53:56.710034'}
Traceback:
NoneType: None

==============================***=====================
2025-11-23 12:53:56 - hannariskpro - ERROR - Error en Endpoint: GET /api/dashboard/actions_critical (RESPONSE) - Status: 200: NoneType - None


==============================***=====================
Timestamp: 2025-11-23 12:53:56
Contexto: Endpoint: GET /api/dashboard/activity (RESPONSE) - Status: 200
Tipo de Error: NoneType
Mensaje: None
Información Adicional:
  endpoint: GET /api/dashboard/activity
  method: RESPONSE
  status_code: 200
  request_data: {'method': 'GET', 'path': '/api/dashboard/activity', 'status_code': 200, 'process_time': '0.0508s', 'ip_address': '127.0.0.1', 'timestamp': '2025-11-23T12:53:56.733279'}
Traceback:
NoneType: None

==============================***=====================
2025-11-23 12:53:56 - hannariskpro - ERROR - Error en Endpoint: GET /api/dashboard/activity (RESPONSE) - Status: 200: NoneType - None


==============================***=====================
Timestamp: 2025-11-23 12:53:56
Contexto: Endpoint: GET /api/dashboard/trends (RESPONSE) - Status: 200
Tipo de Error: NoneType
Mensaje: None
Información Adicional:
  endpoint: GET /api/dashboard/trends
  method: RESPONSE
  status_code: 200
  request_data: {'method': 'GET', 'path': '/api/dashboard/trends', 'status_code': 200, 'process_time': '0.0491s', 'ip_address': '127.0.0.1', 'timestamp': '2025-11-23T12:53:56.747394'}
Traceback:
NoneType: None

==============================***=====================
2025-11-23 12:53:56 - hannariskpro - ERROR - Error en Endpoint: GET /api/dashboard/trends (RESPONSE) - Status: 200: NoneType - None
